ที่,ประเภท อปท.,ชื่อ,ตำบล,อำเภอ,จังหวัด,ป่าสงวนฯ,ปีที่ถ่ายโอนภารกิจ,พื้นที่รับผิดชอบ,ชื่อหน่วยงาน,lat,long,พื้นที่เสี่ยง,บันทึกกรมป่าไม้,บันทึกกรมอุทยาน,แผนที่
1,เทศบาลตำบล,เกาะกลาง,เกาะกลาง,เกาะลันตา,กระบี่,"5,087.22",2548,สจป.12 สาขากระบี่,เทศบาลตำบลเกาะกลาง,7.7291452,99.0908484,5,,https://drive.google.com/file/d/1M8QJJP4i08UL04K1ygII-FFJSvTKnRWT/view?usp=sharing,https://drive.google.com/file/d/1AgLNDA3pYKc_2U7jZ3_SwvvQ4y6JWE1z/view?usp=sharing
2,องค์การบริหารส่วนตำบล,เกาะลันตาน้อย,เกาะลันตาน้อย,เกาะลันตา,กระบี่,"8,863.17",2548,สจป.12 สาขากระบี่,องค์การบริหารส่วนตำบลเกาะลันตาน้อย,7.6711355,99.0427209,5,,https://drive.google.com/file/d/1rNwcxqbrX6unE3zsvcqMJuQr_HXOJgrh/view?usp=sharing,https://drive.google.com/file/d/1C4VpasQnMHfnesyHPkk33-8Crctvx5UN/view?usp=drive_link
3,องค์การบริหารส่วนตำบล,เกาะลันตาใหญ่,เกาะลันตาใหญ่,เกาะลันตา,กระบี่,"7,064.69",2555,สจป.12 สาขากระบี่,องค์การบริหารส่วนตำบลเกาะลันตาใหญ่,7.5459769,99.0459046,0,https://drive.google.com/file/d/1dY9nvW8pb7yjGStlO1Z7LHWObGIPm1eU/view?usp=drive_link,,
4,เทศบาลตำบล,คลองยาง,คลองยาง,เกาะลันตา,กระบี่,"5,087.22",2549,สจป.12 สาขากระบี่,เทศบาลตำบลคลองยาง,7.7964563,99.0800215,0,,https://drive.google.com/file/d/1rNRZowl8dk2SEktP6Dgvcj6E4T27Rw4L/view?usp=sharing,
5,เทศบาลตำบล,ศาลาด่าน,ศาลาด่าน,เกาะลันตา,กระบี่,"7,748.18",2548,สจป.12 สาขากระบี่,เทศบาลตำบลศาลาด่าน,7.591131,99.033758,0,,https://drive.google.com/file/d/1XMFxvaKrcNyXVGV6G6c5PY7NQajI2sdO/view?usp=sharing,
6,องค์การบริหารส่วนตำบล,เขาดิน,เขาดิน,เขาพนม,กระบี่,"15,803.42",2548,สจป.12 สาขากระบี่,องค์การบริหารส่วนตำบลเขาดิน,8.3408255,99.0563611,5,,https://drive.google.com/file/d/1wMMpGmRLdk8D0muHq9n4znDorg3IZ_4j/view?usp=sharing,https://drive.google.com/file/d/1fnreX8GOHlcXz9PDd-mYnAkdQywY04Qs/view?usp=drive_link
7,องค์การบริหารส่วนตำบล,เขาพนม,เขาพนม,เขาพนม,กระบี่,"5,991.83",2548,สจป.12 สาขากระบี่,องค์การบริหารส่วนตำบลเขาพนม,8.2292341,99.0347499,0,,https://drive.google.com/file/d/1Qyp70gNeGb_npAtnszr2SKsM01nwYyEm/view?usp=sharing,
8,องค์การบริหารส่วนตำบล,โคกหาร,โคกหาร,เขาพนม,กระบี่,"11,335.37",2550,สจป.12 สาขากระบี่,องค์การบริหารส่วนตำบลโคกหาร,8.197458,99.307675,5,,https://drive.google.com/file/d/1khJCbU2YZlDWU5TGAvy-7D_X4DY3pcH8/view?usp=sharing,https://drive.google.com/file/d/1pjQnvxgWtvi4sNuMhi3S_3sqvl4JBZp3/view?usp=drive_link
9,องค์การบริหารส่วนตำบล,พรุเตียว,พรุเตียว,เขาพนม,กระบี่,"9,191.37",2548,สจป.12 สาขากระบี่,องค์การบริหารส่วนตำบลพรุเตียว,8.257003,99.081164,5,,https://drive.google.com/file/d/10Ue_4g0Rx3Fv6pXUCOzAJmebSRzY-IID/view?usp=sharing,https://drive.google.com/file/d/1HiRsmj0rMKWoWAx3_m2VoeOqb8cgPI3A/view?usp=drive_link
10,องค์การบริหารส่วนตำบล,สินปุน,สินปุน,เขาพนม,กระบี่,"3,817.32",2550,สจป.12 สาขากระบี่,องค์การบริหารส่วนตำบลสินปุน,8.2524889,99.2747363,5,,https://drive.google.com/file/d/1nz3AcCKq8bToRahH6qMhgYW3V2ZCrPgS/view?usp=sharing,https://drive.google.com/file/d/1ueaHNO-OAzARuQDh9Er3VwPQUuEPMdET/view?usp=drive_link
11,องค์การบริหารส่วนตำบล,หน้าเขา,หน้าเขา,เขาพนม,กระบี่,"22,407.61",2548,สจป.12 สาขากระบี่,องค์การบริหารส่วนตำบลหน้าเขา,8.3168062,99.0086833,50,,https://drive.google.com/file/d/1KiFUYZWgWxgK2KTYCVjhhNXQoAHCY1zY/view?usp=sharing,https://drive.google.com/file/d/13O4P6dT6hZea1vXnbkll7DrdH5PY2H6a/view?usp=drive_link
12,องค์การบริหารส่วนตำบล,คลองท่อมใต้,คลองท่อมใต้,คลองท่อม,กระบี่,"4,886.60",2548,สจป.12 สาขากระบี่,องค์การบริหารส่วนตำบลคลองท่อมใต้,7.944773,99.152228,0,,https://drive.google.com/file/d/1dSRZEsbwxXC428I1OreeSSZextqNJ5s0/view?usp=sharing,https://drive.google.com/file/d/1wh3ltRSNeKGHv0Voie-26QDUGvP4g_rB/view?usp=drive_link
13,องค์การบริหารส่วนตำบล,คลองท่อมเหนือ,คลองท่อมเหนือ,คลองท่อม,กระบี่,"12,535.89",2548,สจป.12 สาขากระบี่,องค์การบริหารส่วนตำบลคลองท่อมเหนือ,7.947864,99.204264,0,,https://drive.google.com/file/d/15NS6oyGEvgGCjBq2M_0DS3R8dA3pVR0g/view?usp=drive_link,https://drive.google.com/file/d/1vKyRbeTDgw7mkWxLCwhtQR8_bU2HGTJy/view?usp=drive_link
14,เทศบาลตำบล,คลองพนพัฒนา,คลองพน,คลองท่อม,กระบี่,112.38,2548,สจป.12 สาขากระบี่,เทศบาลตำบลคลองพนพัฒนา,7.833742,99.171906,5,,https://drive.google.com/file/d/1_s8t1DPUv_f96RuiHO2HS57Y8z8hFhGb/view?usp=drive_link,https://drive.google.com/file/d/1oM05OYFwLnze5FaaxNhNwZFiLsrTQiQB/view?usp=drive_link
15,เทศบาลตำบล,ทรายขาว,ทรายขาว,คลองท่อม,กระบี่,1.07,2550,สจป.12 สาขากระบี่,เทศบาลตำบลทรายขาว,7.751608,99.261917,5,,https://drive.google.com/file/d/1rElAFeYgzBTqBySJLzD5lWeKy2tngOGA/view?usp=drive_link,https://drive.google.com/file/d/1_ZOWDVKDrERiodizuwWvJ6zJbIOmAN5I/view?usp=drive_link
16,องค์การบริหารส่วนตำบล,พรุดินนา,พรุดินนา,คลองท่อม,กระบี่,"8,578.19",2548,สจป.12 สาขากระบี่,องค์การบริหารส่วนตำบลพรุดินนา,8.045108,99.236406,0,,https://drive.google.com/file/d/1uEI3mRLiEzT6tnPw_eA1DZZsNW0buTsx/view?usp=sharing,https://drive.google.com/file/d/1DYSvJjBm6IJVdrFIvwtW8tJLziq_4fXz/view?usp=drive_link
17,องค์การบริหารส่วนตำบล,เพหลา,เพหลา,คลองท่อม,กระบี่,"13,097.88",2550,สจป.12 สาขากระบี่,องค์การบริหารส่วนตำบลเพหลา,8.082418697,99.14359689,5,,https://drive.google.com/file/d/1Jo_U2Aph1EZZAJvmiQd_pBfOCQFvhQPK/view?usp=sharing,https://drive.google.com/file/d/1YcWE5EbHO4Fn_BeALq9BmWXxqindNB_V/view?usp=drive_link
18,เทศบาลตำบล,ห้วยน้ำขาว,ห้วยน้ำขาว,คลองท่อม,กระบี่,"13,707.16",2548,สจป.12 สาขากระบี่,เทศบาลตำบลห้วยน้ำขาว,7.899754,99.125269,0,,https://drive.google.com/file/d/1t0VBcAYN5qboZ5-QRIf9r-t1X6XMqr1t/view?usp=drive_link,https://drive.google.com/file/d/1hINKwtjjayYJNJd1Z6_68mh8u6frdP3V/view?usp=drive_link
19,องค์การบริหารส่วนตำบล,เขาเขน,เขาเขน,ปลายพระยา,กระบี่,"9,145.31",2550,สจป.12 สาขากระบี่,องค์การบริหารส่วนตำบลเขาเขน,8.556438919,98.81153029,0,,https://drive.google.com/file/d/1jP6w3p4q9X8ux_Xn_SB63z0DtRCRMS6S/view?usp=drive_link,https://drive.google.com/file/d/1LSVB-2j2W-SqomA7X9uFbgjB8AmVXNO0/view?usp=drive_link
20,องค์การบริหารส่วนตำบล,เขาต่อ,เขาต่อ,ปลายพระยา,กระบี่,"23,347.68",2549,สจป.12 สาขากระบี่,องค์การบริหารส่วนตำบลเขาต่อ,8.568917,98.737117,5,,https://drive.google.com/file/d/10jgDwFzIF_x04LACkiz4-2Jv5qdhrqHn/view?usp=drive_link,https://drive.google.com/file/d/1mqznhlclL020XZEp6yaSbNkQnsUWGVnT/view?usp=drive_link
21,เทศบาลตำบล,กระบี่น้อย,กระบี่น้อย,เมืองกระบี่,กระบี่,"1,109.36",2550,สจป.12 สาขากระบี่,เทศบาลตำบลกระบี่น้อย,8.15679423,98.96235198,5,,https://drive.google.com/file/d/1b_WtTNvry2li5mPN_ODJYO4XPmoYnHdf/view?usp=drive_link,https://drive.google.com/file/d/1zE1CrAY7iu3bNKYXiLo-AvMP6Le1pW_3/view?usp=drive_link
22,องค์การบริหารส่วนตำบล,เขาคราม,เขาคราม,เมืองกระบี่,กระบี่,"15,071.46",2548,สจป.12 สาขากระบี่,องค์การบริหารส่วนตำบลเขาคราม,8.214964,98.809403,5,,https://drive.google.com/file/d/14c7vpmVkWQdbZOxxmuMpXFLgTkZW1pJi/view?usp=drive_link,https://drive.google.com/file/d/1QM7x9Xd0P2Q1g1YfpDbHd4I5dcQivfLQ/view?usp=drive_link
23,องค์การบริหารส่วนตำบล,เขาทอง,เขาทอง,เมืองกระบี่,กระบี่,"19,206.72",2549,สจป.12 สาขากระบี่,องค์การบริหารส่วนตำบลเขาทอง,8.1656817,98.7965251,5,,https://drive.google.com/file/d/1Cz-50Lhf99vAD5pQ0fDXVVkoNLoXWvWZ/view?usp=drive_link,https://drive.google.com/file/d/10WJuFh_0uuV_qhZy8XXUGadP-8FYzaLS/view?usp=drive_link
24,องค์การบริหารส่วนตำบล,คลองประสงค์,คลองประสงค์,เมืองกระบี่,กระบี่,"3,291.62",2549,สจป.12 สาขากระบี่,องค์การบริหารส่วนตำบลคลองประสงค์,8.054454617,98.92688245,0,,https://drive.google.com/file/d/1VK7FKhIMgaGNrzwBzUpj-9YbLA9xT_su/view?usp=drive_link,
25,องค์การบริหารส่วนตำบล,ทับปริก,ทับปริก,เมืองกระบี่,กระบี่,"27,477.91",2549,สจป.12 สาขากระบี่,องค์การบริหารส่วนตำบลทับปริก,8.1447218,98.8914689,5,,https://drive.google.com/file/d/13UzGChECLKDXa_-2JApDgplE9wJx3lDv/view?usp=sharing,https://drive.google.com/file/d/1oK_vDnsz91PboVwdb6Feu_Y7561G0ApV/view?usp=drive_link
26,องค์การบริหารส่วนตำบล,ไสไทย,ไสไทย,เมืองกระบี่,กระบี่,"5,947.31",2549,สจป.12 สาขากระบี่,องค์การบริหารส่วนตำบลไสไทย,8.051253098,98.90737675,0,,https://drive.google.com/file/d/1NWwwyCHumZKVMomOzxDCwolorbO7wCuI/view?usp=drive_link,https://drive.google.com/file/d/1AipYPB79BHPcG4sNVz22Tu8_afpNk2cn/view?usp=drive_link
27,องค์การบริหารส่วนตำบล,หนองทะเล,หนองทะเล,เมืองกระบี่,กระบี่,"4,312.49",2548,สจป.12 สาขากระบี่,องค์การบริหารส่วนตำบลหนองทะเล,8.0858172,98.8076,0,,https://drive.google.com/file/d/1JMsaKG5BV9YnNEYPzM7xx1FYBjjMnHki/view?usp=sharing,
28,องค์การบริหารส่วนตำบล,อ่าวนาง,อ่าวนาง,เมืองกระบี่,กระบี่,"1,525.50",2549,สจป.12 สาขากระบี่,องค์การบริหารส่วนตำบลอ่าวนาง,8.051089768,98.80305961,0,,https://drive.google.com/file/d/1a4nmzPmE5ffSF_JbQ86mSRXtEt6zItEY/view?usp=drive_link,
29,องค์การบริหารส่วนตำบล,ดินแดง,ดินแดง,ลำทับ,กระบี่,"14,582.96",2548,สจป.12 สาขากระบี่,องค์การบริหารส่วนตำบลดินแดง,8.0102,99.389833,0,,https://drive.google.com/file/d/1liagwpeLfcIyGuPbSbAXHhI17saqO59Q/view?usp=drive_link,
30,องค์การบริหารส่วนตำบล,ทุ่งไทรทอง,ทุ่งไทรทอง,ลำทับ,กระบี่,"4,096.62",2548,สจป.12 สาขากระบี่,องค์การบริหารส่วนตำบลทุ่งไทรทอง,8.062086,99.27445,0,,https://drive.google.com/file/d/1Jz1Iwi1pSw9WuFW6C1usFXEGyw-DTOBl/view?usp=drive_link,
31,องค์การบริหารส่วนตำบล,ลำทับ,ลำทับ,ลำทับ,กระบี่,"4,558.09",2548,สจป.12 สาขากระบี่,องค์การบริหารส่วนตำบลลำทับ,8.080503,99.323024,5,,https://drive.google.com/file/d/1Vwm1lUyTfg-qOj0uEiYkMsZPEpYMftwW/view?usp=drive_link,https://drive.google.com/file/d/13szUIlpZ7i6BUL3KdYSs-GQ2-nYm--B2/view?usp=drive_link
32,องค์การบริหารส่วนตำบล,เกาะศรีบอยา,เกาะศรีบอยา,เหนือคลอง,กระบี่,"9,359.08",2549,สจป.12 สาขากระบี่,องค์การบริหารส่วนตำบลเกาะศรีบอยา,7.893806,99.025047,5,,https://drive.google.com/file/d/1_tU-ZRVAJGpao-hdP120ubPlV_HIKcrd/view?usp=sharing,https://drive.google.com/file/d/1ExlvYeiyBjfh00n4oImjswyPPHYO01N-/view?usp=drive_link
33,องค์การบริหารส่วนตำบล,คลองขนาน,คลองขนาน,เหนือคลอง,กระบี่,"18,923.44",2549,สจป.12 สาขากระบี่,องค์การบริหารส่วนตำบลคลองขนาน,8.005284,99.013528,5,,https://drive.google.com/file/d/142a5-E8y6ArwlFNlR4eNJ8PyRooV4Y10/view?usp=drive_link,https://drive.google.com/file/d/148plEvshS1OHoXbU2e3RSWdhFq8OOfqh/view?usp=drive_link
34,องค์การบริหารส่วนตำบล,คลองเขม้า,คลองเขม้า,เหนือคลอง,กระบี่,"1,985.62",2549,สจป.12 สาขากระบี่,องค์การบริหารส่วนตำบลคลองเขม้า,8.026294722,98.99637043,0,,https://drive.google.com/file/d/1TiPh194x_Be7fJoFMHHBcsyxqzRNhXYZ/view?usp=drive_link,
35,องค์การบริหารส่วนตำบล,โคกยาง,โคกยาง,เหนือคลอง,กระบี่,"1,594.44",2548,สจป.12 สาขากระบี่,องค์การบริหารส่วนตำบลโคกยาง,8.082278,99.089458,5,,https://drive.google.com/file/d/1fo6WcM6JgZ3zNoBbwtaztSARMq_Mw1bv/view?usp=drive_link,https://drive.google.com/file/d/1Dbey6cKRWCY57kMsPvoaQyYeWv4qLtLB/view?usp=drive_link
36,องค์การบริหารส่วนตำบล,ตลิ่งชัน,ตลิ่งชัน,เหนือคลอง,กระบี่,"4,797.10",2549,สจป.12 สาขากระบี่,องค์การบริหารส่วนตำบลตลิ่งชัน,7.9763283,98.9736429,0,,https://drive.google.com/file/d/1-JCYu_fv1zC0lTDM17s522IcInrQoX93/view?usp=drive_link,https://drive.google.com/file/d/1FJii-FxPsCkUWmczh47boMxhqu13gyBh/view?usp=drive_link
37,องค์การบริหารส่วนตำบล,ปกาสัย,ปกาสัย,เหนือคลอง,กระบี่,"3,219.76",2549,สจป.12 สาขากระบี่,องค์การบริหารส่วนตำบลปกาสัย,8.033733926,99.06191826,5,,https://drive.google.com/file/d/1QFt-gy8IEW-_lreyBBdcq6NwtU-4NOPl/view?usp=drive_link,
38,องค์การบริหารส่วนตำบล,ห้วยยูง,ห้วยยูง,เหนือคลอง,กระบี่,"2,781.37",2548,สจป.12 สาขากระบี่,องค์การบริหารส่วนตำบลห้วยยูง,8.1415101,99.0713875,0,,https://drive.google.com/file/d/1kEnEVheLGL1y1pvfdAypVCHeK54WwYQv/view?usp=drive_link,
39,องค์การบริหารส่วนตำบล,เหนือคลอง,เหนือคลอง,เหนือคลอง,กระบี่,"3,536.91",2549,สจป.12 สาขากระบี่,องค์การบริหารส่วนตำบลเหนือคลอง,8.05532039,99.01275873,0,,https://drive.google.com/file/d/1gYFpTKrfEX9xdU99UwVF9Z8Doc2u1QMZ/view?usp=drive_link,
40,องค์การบริหารส่วนตำบล,เขาใหญ่,เขาใหญ่,อ่าวลึก,กระบี่,"5,267.03",2549,สจป.12 สาขากระบี่,องค์การบริหารส่วนตำบลเขาใหญ่,8.467339626,98.73595744,0,,https://drive.google.com/file/d/1OglGtL76-x5ty0vCZLs46nTwH26tpXig/view?usp=drive_link,
41,องค์การบริหารส่วนตำบล,นาเหนือ,นาเหนือ,อ่าวลึก,กระบี่,"3,353.39",2549,สจป.12 สาขากระบี่,องค์การบริหารส่วนตำบลนาเหนือ,8.496794,98.674642,0,,https://drive.google.com/file/d/1WEhHWNVj2P_xbmk9CTqK6gtJSogtN_04/view?usp=drive_link,
42,องค์การบริหารส่วนตำบล,แหลมสัก,แหลมสัก,อ่าวลึก,กระบี่,"8,490.17",2549,สจป.12 สาขากระบี่,องค์การบริหารส่วนตำบลแหลมสัก,8.340264,98.682775,0,,https://drive.google.com/file/d/1dFFICtXmzHBlUS-MfDYvKB7XFMXI3IHa/view?usp=sharing,https://drive.google.com/file/d/1-Yhk843erTHUUMavLV7FzE0VhgeQDU9O/view?usp=drive_link
43,เทศบาลตำบล,แหลมสัก,แหลมสัก,อ่าวลึก,กระบี่,"1,179.00",2550,สจป.12 สาขากระบี่,เทศบาลตำบลแหลมสัก,8.2850789,98.6564436,0,,https://drive.google.com/file/d/1wQ7WK6AsI90verFSUIuBzYVvi8iq_HFH/view?usp=drive_link,
44,องค์การบริหารส่วนตำบล,อ่าวลึกใต้,อ่าวลึกใต้,อ่าวลึก,กระบี่,"6,881.04",2549,สจป.12 สาขากระบี่,องค์การบริหารส่วนตำบลอ่าวลึกใต้,8.384539427,98.71531248,5,,https://drive.google.com/file/d/1H_TyjkKxVfJMQ2EpV5ZD3w_WNchtL8_d/view?usp=drive_link,
45,องค์การบริหารส่วนตำบล,อ่าวลึกน้อย,อ่าวลึกน้อย,อ่าวลึก,กระบี่,"3,131.44",2549,สจป.12 สาขากระบี่,องค์การบริหารส่วนตำบลอ่าวลึกน้อย,8.296458465,98.7554732,0,,https://drive.google.com/file/d/13Utv05kZdiV1OPpy8oiJGdVssjjD1IiL/view?usp=drive_link,
46,องค์การบริหารส่วนตำบล,อ่าวลึกเหนือ,อ่าวลึกเหนือ,อ่าวลึก,กระบี่,"1,474.87",2549,สจป.12 สาขากระบี่,องค์การบริหารส่วนตำบลอ่าวลึกเหนือ,8.408781419,98.78229663,0,,https://drive.google.com/file/d/15Hfb9KiX2rExM05L1U-lBP7u-VYyGjWS/view?usp=drive_link,
47,องค์การบริหารส่วนตำบล,กลอนโด,กลอนโด,ด่านมะขามเตี้ย,กาญจนบุรี,135.95,2554,สจป.10 ราชบุรี,องค์การบริหารส่วนตำบลกลอนโด,13.891617,99.473725,45,https://drive.google.com/file/d/1F9xtyZ4Rw69lyUogJDhEStFpydzs2ZNk/view?usp=drive_link,,
48,องค์การบริหารส่วนตำบล,ชะแล,ชะแล,ทองผาภูมิ,กาญจนบุรี,"74,721.72",2554,สจป.10 ราชบุรี,องค์การบริหารส่วนตำบลชะแล,14.948939,98.697114,80,https://drive.google.com/file/d/1VSA3dhYOcgBPKPhdsqukYKkWUM9JHT1d/view?usp=drive_link,,
49,เทศบาลตำบล,ท่าขนุน,ท่าขนุน,ทองผาภูมิ,กาญจนบุรี,"198,265.00",2567,สจป.10 ราชบุรี,เทศบาลตำบลท่าขนุน,14.745117,98.6422948,60,,,
50,องค์การบริหารส่วนตำบล,ปิล๊อก,ปิล๊อก,ทองผาภูมิ,กาญจนบุรี,"16,502.00",2568,สจป.10 ราชบุรี,องค์การบริหารส่วนตำบลปิล๊อก,14.670856,98.383658,50,https://drive.google.com/file/d/1CxTL0Pg6fLAv8TxBUI5CRJXgmD858Nft/view?usp=drive_link,,
51,เทศบาลตำบล,ลิ่นถิ่น,ลิ่นถิ่น,ทองผาภูมิ,กาญจนบุรี,"20,544.01",2548,สจป.10 ราชบุรี,เทศบาลตำบลลิ่นถิ่น,14.56245,98.760397,50,,https://drive.google.com/file/d/1tH8GpFGPlxsQQ0scEUcftq8ImEIxaTeK/view?usp=sharing,
52,เทศบาลตำบล,สหกรณ์นิคม,สหกรณ์นิคม,ทองผาภูมิ,กาญจนบุรี,"10,432.49",2548,สจป.10 ราชบุรี,เทศบาลตำบลสหกรณ์นิคม,14.6721978,98.7182456,50,,https://drive.google.com/file/d/1yYW3p8b_FMMtJf1dfillkQmLbdYw1O-Q/view?usp=sharing,
53,องค์การบริหารส่วนตำบล,ห้วยเขย่ง,ห้วยเขย่ง,ทองผาภูมิ,กาญจนบุรี,"77,349.42",2557,สจป.10 ราชบุรี,องค์การบริหารส่วนตำบลห้วยเขย่ง,14.672358,98.600692,80,https://drive.google.com/file/d/1h623xJ2B83LBudwgQvbw5BdRsUyZDDPv/view?usp=drive_link,,
54,องค์การบริหารส่วนตำบล,หินดาด,หินดาด,ทองผาภูมิ,กาญจนบุรี,"9,764.00",2568,สจป.10 ราชบุรี,องค์การบริหารส่วนตำบลหินดาด,14.68589613,98.74465945,50,,,
55,องค์การบริหารส่วนตำบล,รางสาลี่,รางสาลี่,ท่าม่วง,กาญจนบุรี,"10,762.94",2548,สจป.10 ราชบุรี,องค์การบริหารส่วนตำบลรางสาลี่,13.867489,99.534267,50,,https://drive.google.com/file/d/1Gj6F-DBCU1406aL_kp3uE9db2RkS-xrl/view?usp=sharing,https://drive.google.com/file/d/1w9pF3uDf-DRBUg__CpQyJAH6rWfqUMVQ/view?usp=drive_link
56,เทศบาลตำบล,พระแท่น,พระแท่น,ท่ามะกา,กาญจนบุรี,230.13,2554,สจป.10 ราชบุรี,เทศบาลตำบลพระแท่น,14.040661,99.788461,45,https://drive.google.com/file/d/1qdINNoP40x7lyMvYfuUZIX0L5F4gigV1/view?usp=drive_link,,
57,เทศบาลตำบล,ไทรโยค,ไทรโยค,ไทรโยค,กาญจนบุรี,463.15,2554,สจป.10 ราชบุรี,เทศบาลตำบลไทรโยค,14.4803703,98.8474201,45,https://drive.google.com/file/d/1eaaV9ylwiyNLyRllAUgkPi1hs036H_oh/view?usp=drive_link,,
58,องค์การบริหารส่วนตำบล,บ้องตี้,บ้องตี้,ไทรโยค,กาญจนบุรี,"114,593.06",2554,สจป.10 ราชบุรี,องค์การบริหารส่วนตำบลบ้องตี้,14.07157305,98.99629533,80,https://drive.google.com/file/d/1JOIaN9SFjoQJ8WbppjOAROCBLaZOiCvm/view?usp=drive_link,,
59,องค์การบริหารส่วนตำบล,ลุ่มสุ่ม,ลุ่มสุ่ม,ไทรโยค,กาญจนบุรี,"40,734.10",2548,สจป.10 ราชบุรี,องค์การบริหารส่วนตำบลลุ่มสุ่ม,14.08734644,99.16810883,55,,https://drive.google.com/file/d/1zrFEFMBl2jOJkvHnXNSx4cJDiQd4hNJL/view?usp=sharing,https://drive.google.com/file/d/1NQrRkiyUgxfewVBEoigGBUw11D-1-M5c/view?usp=drive_link
60,องค์การบริหารส่วนตำบล,วังกระแจะ,วังกระแจะ,ไทรโยค,กาญจนบุรี,"185,637.28",2554,สจป.10 ราชบุรี,องค์การบริหารส่วนตำบลวังกระแจะ,14.20863612,99.04800028,100,https://drive.google.com/file/d/16SwGsMFXXwZQT-HrHY21Dg6oM74kf0a8/view?usp=drive_link,,
61,องค์การบริหารส่วนตำบล,ศรีมงคล,ศรีมงคล,ไทรโยค,กาญจนบุรี,"78,336.89",2554,สจป.10 ราชบุรี,องค์การบริหารส่วนตำบลศรีมงคล,14.022452,99.191414,80,https://drive.google.com/file/d/1dNp-60Yc6i2U2kwvUIVz6EQK_6mPPVUh/view?usp=drive_link,,
62,องค์การบริหารส่วนตำบล,ช่องด่าน,ช่องด่าน,บ่อพลอย,กาญจนบุรี,8,2568,สจป.10 ราชบุรี,องค์การบริหารส่วนตำบลช่องด่าน,14.38356,99.51399,45,,,
63,องค์การบริหารส่วนตำบล,หนองกร่าง,หนองกร่าง,บ่อพลอย,กาญจนบุรี,"10,595.36",2557,สจป.10 ราชบุรี,องค์การบริหารส่วนตำบลหนองกร่าง,14.53984522,99.53993082,0,https://drive.google.com/file/d/1s3OzVd0-WmZx0tOPOVwl3h5bDCsPkKrP/view?usp=drive_link,,
64,องค์การบริหารส่วนตำบล,หนองรี,หนองรี,บ่อพลอย,กาญจนบุรี,"2,427.00",2568,สจป.10 ราชบุรี,องค์การบริหารส่วนตำบลหนองรี,14.53746699,99.4085294,50,,,
65,องค์การบริหารส่วนตำบล,หลุมรัง,หลุมรัง,บ่อพลอย,กาญจนบุรี,"15,214.00",2568,สจป.10 ราชบุรี,องค์การบริหารส่วนตำบลหลุมรัง,14.43459709,99.49784428,50,,,
66,องค์การบริหารส่วนตำบล,ดอนตาเพชร,ดอนตาเพชร,พนมทวน,กาญจนบุรี,"1,372.00",2568,สจป.10 ราชบุรี,องค์การบริหารส่วนตำบลดอนตาเพชร,14.186761,99.731364,50,,,
67,องค์การบริหารส่วนตำบล,พนมทวน,พนมทวน,พนมทวน,กาญจนบุรี,"3,232.41",2555,สจป.10 ราชบุรี,องค์การบริหารส่วนตำบลพนมทวน,14.12093316,99.68411082,50,https://drive.google.com/file/d/1BcGwMVeq8mWbfLIEWsONIGQ0eFimMusM/view?usp=drive_link,,
68,องค์การบริหารส่วนตำบล,หนองโรง,หนองโรง,พนมทวน,กาญจนบุรี,"3,640.66",2550,สจป.10 ราชบุรี,องค์การบริหารส่วนตำบลหนองโรง,14.122486,99.637011,50,,https://drive.google.com/file/d/1uJ8E-DSDwe0E2fLR5O70ESA7LblCCxaU/view?usp=drive_link,https://drive.google.com/file/d/1N9DYbcIRM-FpHpnA2ew5I3F4rZ-8E9Yu/view?usp=drive_link
69,องค์การบริหารส่วนตำบล,ทุ่งกระบ่ำ,ทุ่งกระบ่ำ,เลาขวัญ,กาญจนบุรี,"17,511.18",2557,สจป.10 ราชบุรี,องค์การบริหารส่วนตำบลทุ่งกระบ่ำ,14.588769,99.634922,50,https://drive.google.com/file/d/1eS9vkNCh6NEXis1EexMEG1dHVSrWT-RK/view?usp=drive_link,,
70,องค์การบริหารส่วนตำบล,เลาขวัญ,เลาขวัญ,เลาขวัญ,กาญจนบุรี,510.86,2554,สจป.10 ราชบุรี,องค์การบริหารส่วนตำบลเลาขวัญ,14.5704214,99.7845591,45,https://drive.google.com/file/d/1wN-bHI0Uau-8ebg3mseNyGmD3LoklqQz/view?usp=drive_link,,
71,องค์การบริหารส่วนตำบล,หนองนกแก้ว,หนองนกแก้ว,เลาขวัญ,กาญจนบุรี,"18,548.33",2554,สจป.10 ราชบุรี,องค์การบริหารส่วนตำบลหนองนกแก้ว,14.5849125,99.63569641,50,https://drive.google.com/file/d/1VHM7Y7t0Z6sAlJxs_2pVKUaZSiu_rkbV/view?usp=drive_link,,
72,องค์การบริหารส่วนตำบล,หนองประดู่,หนองประดู่,เลาขวัญ,กาญจนบุรี,876.93,2557,สจป.10 ราชบุรี,องค์การบริหารส่วนตำบลหนองประดู่,14.413145,99.801681,0,https://drive.google.com/file/d/1jZ2GzfcEWmHRk-Te_u-esUJU-DCElpcQ/view?usp=drive_link,,
73,องค์การบริหารส่วนตำบล,หนองปลิง,หนองปลิง,เลาขวัญ,กาญจนบุรี,"18,311.89",2554,สจป.10 ราชบุรี,องค์การบริหารส่วนตำบลหนองปลิง,14.733486,99.773067,50,https://drive.google.com/file/d/1JRagp77XCCmvjsotLgUGgoXFv6JqsIZg/view?usp=drive_link,,
74,องค์การบริหารส่วนตำบล,หนองฝ้าย,หนองฝ้าย,เลาขวัญ,กาญจนบุรี,"22,420.54",2554,สจป.10 ราชบุรี,องค์การบริหารส่วนตำบลหนองฝ้าย,14.67881105,99.63821408,55,https://drive.google.com/file/d/1LimiGDFKbODvNJL2fKiKO6XPyR1CyXCc/view?usp=drive_link,,
75,องค์การบริหารส่วนตำบล,หนองโสน,หนองโสน,เลาขวัญ,กาญจนบุรี,297.35,2554,สจป.10 ราชบุรี,องค์การบริหารส่วนตำบลหนองโสน,14.64649645,99.7370524,0,https://drive.google.com/file/d/1XRXsixODYl1OYNoqe6aMQ3-oVYdF7SEA/view?usp=drive_link,,
76,เทศบาลตำบล,เขาโจด,เขาโจด,ศรีสวัสดิ์,กาญจนบุรี,"398,217.00",2567,สจป.10 ราชบุรี,เทศบาลตำบลเขาโจด,14.6624412,99.342529,70,https://drive.google.com/file/d/1kTYQN0wsidX2l3PJAle5380jan6vdqkv/view?usp=drive_link,,
77,องค์การบริหารส่วนตำบล,ท่ากระดาน,ท่ากระดาน,ศรีสวัสดิ์,กาญจนบุรี,"5,433.00",2568,สจป.10 ราชบุรี,องค์การบริหารส่วนตำบลท่ากระดาน,14.445444,99.1306667,50,,,https://drive.google.com/file/d/1e4MLQblo01g3JL6bTXsgcRhLMvNDO1Ks/view?usp=drive_link
78,องค์การบริหารส่วนตำบล,ปรังเผล,ปรังเผล,สังขละบุรี,กาญจนบุรี,"14,871.53",2557,สจป.10 ราชบุรี,องค์การบริหารส่วนตำบลปรังเผล,14.95368903,98.61782491,50,https://drive.google.com/file/d/1ZXv53EcgHhJeG4cSa26TscxVIM1_Ei-h/view?usp=drive_link,,
79,องค์การบริหารส่วนตำบล,ไล่โว่,ไล่โว่,สังขละบุรี,กาญจนบุรี,1.9,2554,สจป.10 ราชบุรี,องค์การบริหารส่วนตำบลไล่โว่,15.188188,98.476939,45,https://drive.google.com/file/d/1r4QC6r8YbglUOMyfL5Lp5V1NUpymXcQ9/view?usp=drive_link,,
80,องค์การบริหารส่วนตำบล,หนองลู,หนองลู,สังขละบุรี,กาญจนบุรี,"121,373.32",2557,สจป.10 ราชบุรี,องค์การบริหารส่วนตำบลหนองลู,15.196052,98.461179,75,https://drive.google.com/file/d/1-itmkrzaBRHn9KSGVYuvdhAKMRQb9E-K/view?usp=drive_link,,
81,เทศบาลตำบล,สมเด็จเจริญ,สมเด็จเจริญ,หนองปรือ,กาญจนบุรี,"59,259.43",2549,สจป.10 ราชบุรี,เทศบาลตำบลสมเด็จเจริญ,14.7835606,99.3289267,55,,https://drive.google.com/file/d/1c_wk3hvLgg_oYSFBj6DI9Q6Mh46y1lO9/view?usp=sharing,https://drive.google.com/file/d/1OczgeAOKT4vfGyQZPdudIilBe9PBFQjC/view?usp=drive_link
82,องค์การบริหารส่วนตำบล,หนองปรือ,หนองปรือ,หนองปรือ,กาญจนบุรี,"39,597.98",2554,สจป.10 ราชบุรี,องค์การบริหารส่วนตำบลหนองปรือ,14.6621622,99.44758773,50,https://drive.google.com/file/d/1f7IAlLp-K6sYBCD8WtjE_g-fHtEL-TFi/view?usp=drive_link,,
83,เทศบาลตำบล,หนองปรือ,หนองปรือ,หนองปรือ,กาญจนบุรี,445,2568,สจป.10 ราชบุรี,เทศบาลตำบลหนองปรือ,14.63408138,99.45030212,50,https://drive.google.com/file/d/1f7IAlLp-K6sYBCD8WtjE_g-fHtEL-TFi/view?usp=drive_link,,https://drive.google.com/file/d/1eAp7IzORVqUu2BXTm6KRXaqL87ytS0oG/view?usp=drive_link
84,เทศบาลตำบล,หนองปลาไหล,หนองปลาไหล,หนองปรือ,กาญจนบุรี,"14,053.17",2550,สจป.10 ราชบุรี,เทศบาลตำบลหนองปลาไหล,14.611762,99.535543,50,,https://drive.google.com/file/d/1EgliToqGdW777Pp9TqrJJm1Fzt4d__nd/view?usp=sharing,https://drive.google.com/file/d/1E5Vryzh6m-X9DctBIBtLw-7fTTEBXoVs/view?usp=drive_link
85,องค์การบริหารส่วนตำบล,วังไผ่,วังไผ่,ห้วยกระเจา,กาญจนบุรี,"11,230.00",2568,สจป.10 ราชบุรี,องค์การบริหารส่วนตำบลวังไผ่,14.35520216,99.66393471,50,https://drive.google.com/file/d/1zVpDFXTYUUg2h9vWS51xjYlcpGZXOiMb/view?usp=drive_link,,
86,เทศบาลตำบล,ห้วยกระเจา,ห้วยกระเจา,ห้วยกระเจา,กาญจนบุรี,"2,379.00",2568,สจป.10 ราชบุรี,เทศบาลตำบลห้วยกระเจา,14.3295194,99.6684828,50,,,
87,องค์การบริหารส่วนตำบล,โคกสมบูรณ์,โคกสมบูรณ์,กมลาไสย,กาฬสินธุ์,"3,762.53",2554,สจป.7 ขอนแก่น,องค์การบริหารส่วนตำบลโคกสมบูรณ์,16.37789962,103.6744621,50,,,
88,เทศบาลตำบล,กุดหว้า,กุดหว้า,กุฉินารายณ์,กาฬสินธุ์,"17,147.45",2554,สจป.7 ขอนแก่น,เทศบาลตำบลกุดหว้า,16.5174769,104.12473,50,https://drive.google.com/file/d/1djxbYbMxroEZuhrHU1wlrTdbUAw_A2EP/view?usp=drive_link,,
89,องค์การบริหารส่วนตำบล,นาโก,นาโก,กุฉินารายณ์,กาฬสินธุ์,"5,634.21",2548,สจป.7 ขอนแก่น,องค์การบริหารส่วนตำบลนาโก,16.594553,104.059547,50,,https://drive.google.com/file/d/1obiiKj1ercjmmXvwrTr8Z-UL_fKBx4Zg/view?usp=sharing,https://drive.google.com/file/d/1zMq4kyvu3xjFQR_91Z60ERpawHQYAj-Q/view?usp=drive_link
90,เทศบาลตำบล,นาขาม,นาขาม,กุฉินารายณ์,กาฬสินธุ์,"11,348.07",2554,สจป.7 ขอนแก่น,เทศบาลตำบลนาขาม,16.50625309,103.9307606,50,https://drive.google.com/file/d/1CArFUYevzMW59uhTjo3DBoHhalD9mmTk/view?usp=drive_link,,
91,องค์การบริหารส่วนตำบล,หนองห้าง,หนองห้าง,กุฉินารายณ์,กาฬสินธุ์,"6,774.51",2548,สจป.7 ขอนแก่น,องค์การบริหารส่วนตำบลหนองห้าง,16.5563901,104.0940742,50,,https://drive.google.com/file/d/1Nk1vkI6GxZZtDsO2fXWOzGLoBAFRyrWk/view?usp=drive_link,https://drive.google.com/file/d/1eiMnwe3Hbqn05MTi_1b_jIHZ6SznvBLb/view?usp=drive_link
92,เทศบาลตำบล,เหล่าใหญ่,เหล่าใหญ่,กุฉินารายณ์,กาฬสินธุ์,"6,555.80",2554,สจป.7 ขอนแก่น,เทศบาลตำบลเหล่าใหญ่,16.611228,104.000839,50,https://drive.google.com/file/d/1KZ40LQw0QxOLZrjJ6bf9nRi0fy4okyy0/view?usp=drive_link,,
93,องค์การบริหารส่วนตำบล,เหล่าไฮงาม,เหล่าไฮงาม,กุฉินารายณ์,กาฬสินธุ์,"2,710.26",2549,สจป.7 ขอนแก่น,องค์การบริหารส่วนตำบลเหล่าไฮงาม,16.45285,104.162308,50,,https://drive.google.com/file/d/13OhIR0MIaaNFMKQGL8Zc0vtdWosK768b/view?usp=drive_link,https://drive.google.com/file/d/1Mkvz91Y6voFcTnfKo6UdE1Y-isDSc7hb/view?usp=drive_link
94,เทศบาลตำบล,กุดสิมคุ้มใหม่,กุดสิมคุ้มใหม่,เขาวง,กาฬสินธุ์,"3,295.71",2548,สจป.7 ขอนแก่น,เทศบาลตำบลกุดสิมคุ้มใหม่,16.685369,104.032839,50,,https://drive.google.com/file/d/1qPQ2x7po49uJCsjq8q24zudZlqCjBxGv/view?usp=drive_link,https://drive.google.com/file/d/1LDIc6MLdShocJ3_DqYwjArLY1wF1l5SP/view?usp=drive_link
95,เทศบาลตำบล,กุดสิม,กุดสิมใหม่,เขาวง,กาฬสินธุ์,"1,285.19",2550,สจป.7 ขอนแก่น,เทศบาลตำบลกุดสิม,16.70319094,104.0880317,0,,https://drive.google.com/file/d/1Do6FD95dxExsZDb4j7r0Nzaq-MTqDFfY/view?usp=drive_link,https://drive.google.com/file/d/17iIgFz83t8gt8onEV0Cl2OGwhtsY6z_0/view?usp=drive_link
96,องค์การบริหารส่วนตำบล,คุ้มเก่า,คุ้มเก่า,เขาวง,กาฬสินธุ์,"3,153.11",2549,สจป.7 ขอนแก่น,องค์การบริหารส่วนตำบลคุ้มเก่า,16.68981092,104.126959,50,,https://drive.google.com/file/d/1Epo3tlxoaou5FzO59o8pyvtI3JjyHv_k/view?usp=drive_link,
97,เทศบาลตำบล,สงเปลือย,สงเปลือย,เขาวง,กาฬสินธุ์,"1,137.77",2549,สจป.7 ขอนแก่น,เทศบาลตำบลสงเปลือย,16.629572,103.780564,45,,https://drive.google.com/file/d/1S37jOqIPzFNXAvYMMHbMKHDjuJI85VCQ/view?usp=sharing,
98,องค์การบริหารส่วนตำบล,หนองผือ,หนองผือ,เขาวง,กาฬสินธุ์,"5,964.99",2548,สจป.7 ขอนแก่น,องค์การบริหารส่วนตำบลหนองผือ,16.7328598,104.0900573,50,,https://drive.google.com/file/d/1RaTKfeh_GHrPACj6tT12R5pIEYzFfeKf/view?usp=sharing,https://drive.google.com/file/d/1Y0i6IKwoh6ssK0K-X_DmpT6fX-xQUNf_/view?usp=drive_link
99,องค์การบริหารส่วนตำบล,ดินจี่,ดินจี่,คำม่วง,กาฬสินธุ์,"3,794.24",2549,สจป.7 ขอนแก่น,องค์การบริหารส่วนตำบลดินจี่,16.91756695,103.682785,50,,https://drive.google.com/file/d/13UmcuWzVh_soNiIt0FibEkgy9NnQ0NX4/view?usp=drive_link,https://drive.google.com/file/d/1IRgMHm1OTSfkundCT6gDaP87wBvUMpGK/view?usp=drive_link
100,เทศบาลตำบล,นาทัน,นาทัน,คำม่วง,กาฬสินธุ์,"40,780.16",2549,สจป.7 ขอนแก่น,เทศบาลตำบลนาทัน,16.96934442,103.6232936,50,,https://drive.google.com/file/d/1yeU83GdZAz9j1SSL1M5vkbrbuCE_oaOc/view?usp=drive_link,https://drive.google.com/file/d/1f_lbtgl1ChEDoJ9ES0A2lbpbFBv_R3SS/view?usp=drive_link
101,องค์การบริหารส่วนตำบล,ดงพยุง,ดงพยุง,ดอนจาน,กาฬสินธุ์,"11,040.44",2548,สจป.7 ขอนแก่น,องค์การบริหารส่วนตำบลดงพยุง,16.54143036,103.6786652,45,,https://drive.google.com/file/d/1yVATfIBUEaZekkCRImFO-MUQO_R9PVsZ/view?usp=drive_link,https://drive.google.com/file/d/1HFDEqWeM2555h09FE40f66Tz6nxmLqdR/view?usp=drive_link
102,เทศบาลตำบล,ดอนจาน,ดอนจาน,ดอนจาน,กาฬสินธุ์,"3,955.83",2548,สจป.7 ขอนแก่น,เทศบาลตำบลดอนจาน,16.425828,103.678553,50,,https://drive.google.com/file/d/1pVQHRH14n7SmehHNvGZ4wJtWMdmoA1IQ/view?usp=drive_link,https://drive.google.com/file/d/1Whamj03rfMQVHU3CdMn602LP5GH_LPHG/view?usp=drive_link
103,องค์การบริหารส่วนตำบล,นาจำปา,นาจำปา,ดอนจาน,กาฬสินธุ์,"7,308.49",2548,สจป.7 ขอนแก่น,องค์การบริหารส่วนตำบลนาจำปา,16.47872396,103.7215483,0,,https://drive.google.com/file/d/1h_SKbZlhPlTui6iAH1stYcOSyBqCwHrW/view?usp=drive_link,https://drive.google.com/file/d/1iqi6HK3hq_aAIE-quazIwkG2m88k4iyh/view?usp=drive_link
104,เทศบาลตำบล,ม่วงนา,ม่วงนา,ดอนจาน,กาฬสินธุ์,141.07,2548,สจป.7 ขอนแก่น,เทศบาลตำบลม่วงนา,16.477144,103.655097,45,,https://drive.google.com/file/d/12a92QIisFu5Y5pjbEUl8bOFUERDZ2iXz/view?usp=drive_link,https://drive.google.com/file/d/16beVv7QUqUPS9E6_xUlgEQI8MMoNYJsd/view?usp=drive_link
105,องค์การบริหารส่วนตำบล,สะอาดไชยศรี,สะอาดไชยศรี,ดอนจาน,กาฬสินธุ์,"11,346.37",2554,สจป.7 ขอนแก่น,องค์การบริหารส่วนตำบลสะอาดไชยศรี,16.4276268,103.7639802,50,https://drive.google.com/file/d/1RAnOOWCmIcrcQEabETZy_FcUov6JfJXB/view?usp=drive_link,,
106,เทศบาลตำบล,กุงเก่า,กุงเก่า,ท่าคันโท,กาฬสินธุ์,"21,090.36",2548,สจป.7 ขอนแก่น,เทศบาลตำบลกุงเก่า,16.9092758,103.1672464,50,,https://drive.google.com/file/d/1BXzXg8eXI6TAIDQJ_gfQGCgicDmqe1Z1/view?usp=drive_link,https://drive.google.com/file/d/1CfVgNJ7APkdqQJtIfaSaSChGj44W-W5N/view?usp=drive_link
107,เทศบาลตำบล,กุดจิก,กุดจิก,ท่าคันโท,กาฬสินธุ์,"6,202.56",2548,สจป.7 ขอนแก่น,เทศบาลตำบลกุดจิก,16.92071044,103.111044,50,,https://drive.google.com/file/d/1EH5n_uGEmIJoAGWAwPDMuR77h0l-JbTB/view?usp=drive_link,https://drive.google.com/file/d/1JLBP7CfeJBG0gQT180m-Z7T6nEdMfTPg/view?usp=drive_link
108,เทศบาลตำบล,ดงสมบูรณ์,ดงสมบูรณ์,ท่าคันโท,กาฬสินธุ์,"1,983.70",2554,สจป.7 ขอนแก่น,เทศบาลตำบลดงสมบูรณ์,16.86687384,103.3834183,45,https://drive.google.com/file/d/1VHrKJ62dAK8zXwD4FHV1GjJhV5P11gIg/view?usp=drive_link,,
109,เทศบาลตำบล,นาตาล,นาตาล,ท่าคันโท,กาฬสินธุ์,"8,360.32",2554,สจป.7 ขอนแก่น,เทศบาลตำบลนาตาล,16.8690162,103.2661934,50,https://drive.google.com/file/d/1Ol7FFjYTSA50xhdNn8sMeCLIoJOUjftw/view?usp=drive_link,,
110,องค์การบริหารส่วนตำบล,ยางอู้ม,ยางอู้ม,ท่าคันโท,กาฬสินธุ์,998.66,2550,สจป.7 ขอนแก่น,องค์การบริหารส่วนตำบลยางอู้ม,16.907694,103.310547,45,,https://drive.google.com/file/d/1n1KqS_l3Y4b2ham0DoLIHdjH_BfNXgkZ/view?usp=drive_link,https://drive.google.com/file/d/1qx7Cb4zdRsB3293MaLsmntF_sD2WFIbg/view?usp=drive_link
111,องค์การบริหารส่วนตำบล,นาคู,นาคู,นาคู,กาฬสินธุ์,"6,476.59",2549,สจป.7 ขอนแก่น,องค์การบริหารส่วนตำบลนาคู,16.80059709,104.0439606,50,,https://drive.google.com/file/d/1kJ-MmGNqRSUBk-6PZRuXq1W-lS9k6yh0/view?usp=drive_link,https://drive.google.com/file/d/1yL26JSAwvXJ3tWxzCUyxvqdrMo7YEx16/view?usp=drive_link
112,องค์การบริหารส่วนตำบล,โนนนาจาน,โนนนาจาน,นาคู,กาฬสินธุ์,"2,715.16",2548,สจป.7 ขอนแก่น,องค์การบริหารส่วนตำบลโนนนาจาน,16.7211522,103.9988975,50,,https://drive.google.com/file/d/1J2sEMFaBx_QeUcG_BEC7h08Rvbh72hWu/view?usp=drive_link,https://drive.google.com/file/d/1KR9kAKYHm3XEd7ud9mNAdfK2YbnU4CJs/view?usp=drive_link
113,องค์การบริหารส่วนตำบล,บ่อแก้ว,บ่อแก้ว,นาคู,กาฬสินธุ์,"6,338.20",2548,สจป.7 ขอนแก่น,องค์การบริหารส่วนตำบลบ่อแก้ว,16.795944,103.998725,50,,https://drive.google.com/file/d/1ABgEyjiRMDpOe6gfD8tXd16krC3Ax7hp/view?usp=drive_link,https://drive.google.com/file/d/1fNeu_HYRDTlcrKBVd9mG_c-kOs6c6Jwv/view?usp=drive_link
114,เทศบาลตำบล,ภูแล่นช้าง,ภูแล่นช้าง,นาคู,กาฬสินธุ์,"7,706.95",2548,สจป.7 ขอนแก่น,เทศบาลตำบลภูแล่นช้าง,16.67456233,103.9636552,50,,https://drive.google.com/file/d/1lvgZCIha8SqkH6Iql1B2WZv-oIR5E2LT/view?usp=sharing,https://drive.google.com/file/d/14M_KUZ-mBvm-e7cu37-8RZe0-RXAshek/view?usp=drive_link
115,องค์การบริหารส่วนตำบล,สายนาวัง,สายนาวัง,นาคู,กาฬสินธุ์,"1,768.73",2548,สจป.7 ขอนแก่น,องค์การบริหารส่วนตำบลสายนาวัง,16.744414,104.038369,50,,https://drive.google.com/file/d/1VNvJEdejqUJo7n9-Qi0RL_wnGI9BVPF7/view?usp=drive_link,https://drive.google.com/file/d/1kDD8PHF4g5fo9Asyql3L8thcHSPbWp07/view?usp=drive_link
116,องค์การบริหารส่วนตำบล,นามน,นามน,นามน,กาฬสินธุ์,353.61,2554,สจป.7 ขอนแก่น,องค์การบริหารส่วนตำบลนามน,16.556506,103.804428,50,,,
117,องค์การบริหารส่วนตำบล,หนองบัว,หนองบัว,นามน,กาฬสินธุ์,"3,718.55",2554,สจป.7 ขอนแก่น,องค์การบริหารส่วนตำบลหนองบัว,16.5616619,103.8506633,50,https://drive.google.com/file/d/1CcIr7rvt9iufb-w12VlqMKkVB1kiqw_9/view?usp=drive_link,,
118,องค์การบริหารส่วนตำบล,หลักเหลี่ยม,หลักเหลี่ยม,นามน,กาฬสินธุ์,"4,194.26",2554,สจป.7 ขอนแก่น,องค์การบริหารส่วนตำบลหลักเหลี่ยม,16.572231,103.824994,50,https://drive.google.com/file/d/1CcIr7rvt9iufb-w12VlqMKkVB1kiqw_9/view?usp=drive_link,,
119,เทศบาลตำบล,กลางหมื่น,กลางหมื่น,เมืองกาฬสินธุ์,กาฬสินธุ์,991.84,2548,สจป.7 ขอนแก่น,เทศบาลตำบลกลางหมื่น,16.54415365,103.6400811,45,,https://drive.google.com/file/d/15OraquyI0NAHH6Nhf-FhOkcCIpB_h_0E/view?usp=drive_link,https://drive.google.com/file/d/1c6Yutf7NgWAGx5HFvXCY0U_rg8dGUjLz/view?usp=drive_link
120,เทศบาลตำบล,เชียงเครือ,เชียงเครือ,เมืองกาฬสินธุ์,กาฬสินธุ์,"2,808.92",2548,สจป.7 ขอนแก่น,เทศบาลตำบลเชียงเครือ,16.44662227,103.640213,50,,https://drive.google.com/file/d/1Ss9lPpKkYgafVLtztfp3proYayCI1_Rn/view?usp=drive_link,https://drive.google.com/file/d/10amfB5y4m-dasKWx8C_Z7Le9gzmdC5Iv/view?usp=drive_link
121,เทศบาลตำบล,นาจารย์,นาจารย์,เมืองกาฬสินธุ์,กาฬสินธุ์,"1,189.54",2554,สจป.7 ขอนแก่น,เทศบาลตำบลนาจารย์,16.533494,103.614217,45,https://drive.google.com/file/d/1NBOV1_CTpsaPJfvYX0TmsX9TKPN1o4QS/view?usp=drive_link,,
122,เทศบาลตำบล,ภูปอ,ภูปอ,เมืองกาฬสินธุ์,กาฬสินธุ์,"4,434.74",2550,สจป.7 ขอนแก่น,เทศบาลตำบลภูปอ,16.587867,103.616922,50,,https://drive.google.com/file/d/1CICOHGLjzJpDp0FW5ZvNgryrj6SiaC5m/view?usp=drive_link,https://drive.google.com/file/d/1PHfd3OczoBh2GcKP0iz5dJw4oX-u6CIr/view?usp=drive_link
123,เทศบาลตำบล,เขาพระนอน,เขาพระนอน,ยางตลาด,กาฬสินธุ์,"6,699.48",2548,สจป.7 ขอนแก่น,เทศบาลตำบลเขาพระนอน,16.54990641,103.37713,50,,https://drive.google.com/file/d/1yZl-4K33PJlVDGUFue2gIyWv5RnkkyFW/view?usp=drive_link,https://drive.google.com/file/d/1rf9IlDgSKC04RQCcRNqxnlnv6w1mCcA6/view?usp=drive_link
124,องค์การบริหารส่วนตำบล,คลองขาม,คลองขาม,ยางตลาด,กาฬสินธุ์,"10,962.67",2548,สจป.7 ขอนแก่น,องค์การบริหารส่วนตำบลคลองขาม,16.420728,103.310883,50,,https://drive.google.com/file/d/1Dn5dscNaQ3p6_S9cp8D4VmVmKRfZGkDL/view?usp=drive_link,https://drive.google.com/file/d/1g7649MSv_Jongk_HWI9_Ds_daPUJCola/view?usp=drive_link
125,เทศบาลตำบล,โนนสูง,โนนสูง,ยางตลาด,กาฬสินธุ์,76.46,2554,สจป.7 ขอนแก่น,เทศบาลตำบลโนนสูง,16.47905318,103.2312942,0,https://drive.google.com/file/d/1qrD4fADEJUoEM8NKSUderVOpDUX3N6ll/view?usp=drive_link,,
126,เทศบาลตำบล,บัวบาน,บัวบาน,ยางตลาด,กาฬสินธุ์,"8,128.65",2554,สจป.7 ขอนแก่น,เทศบาลตำบลบัวบาน,16.4534252,103.4130602,50,https://drive.google.com/file/d/1EnJty449oaCUIBjZ71GUloyCxl3BP97o/view?usp=drive_link,,
127,องค์การบริหารส่วนตำบล,เว่อ,เว่อ,ยางตลาด,กาฬสินธุ์,"3,363.61",2554,สจป.7 ขอนแก่น,องค์การบริหารส่วนตำบลเว่อ,16.58223618,103.3557701,0,https://drive.google.com/file/d/1_fqJy86QSrLqcP7GK5pahkyutxFa4TSv/view?usp=drive_link,,
128,เทศบาลตำบล,อิตื้อ,อิตื้อ,ยางตลาด,กาฬสินธุ์,"8,837.69",2548,สจป.7 ขอนแก่น,เทศบาลตำบลอิตื้อ,16.452828,103.264308,50,,https://drive.google.com/file/d/1Oqr0a4r6zKkTr6PgvA3sXOKu9J7DcaaB/view?usp=sharing,https://drive.google.com/file/d/1dnETkCwIBE3Y8XwapmcACgeqY5RWDrCi/view?usp=drive_link
129,เทศบาลตำบล,แซงบาดาล,แซงบาดาล,สมเด็จ,กาฬสินธุ์,"6,089.68",2548,สจป.7 ขอนแก่น,เทศบาลตำบลแซงบาดาล,16.8054135,103.7264924,50,,https://drive.google.com/file/d/1ROQMWyH-yT2i-Sp879pJWNN4myGOAAWb/view?usp=drive_link,https://drive.google.com/file/d/187i2EWzEbT36IBpp0toNOeq508_UFKwP/view?usp=drive_link
130,เทศบาลตำบล,ผาเสวย,ผาเสวย,สมเด็จ,กาฬสินธุ์,999.54,2548,สจป.7 ขอนแก่น,เทศบาลตำบลผาเสวย,16.763875,103.807575,50,,https://drive.google.com/file/d/19pNnZyLYPw7gRh8qgR32e00cBpkDm0Xp/view?usp=drive_link,https://drive.google.com/file/d/1dHZXSts90qJDTLEJCAGXamnoSQWpxohX/view?usp=drive_link
131,เทศบาลตำบล,มหาไชย,มหาไชย,สมเด็จ,กาฬสินธุ์,"2,781.62",2548,สจป.7 ขอนแก่น,เทศบาลตำบลมหาไชย,16.797117,103.7563084,50,,https://drive.google.com/file/d/1zal1vIjJOIYfbfnfxnGiW2xrUViVSl2q/view?usp=drive_link,https://drive.google.com/file/d/1ccPVytggFao0WX3gp2xsF1DCGUVl5gau/view?usp=drive_link
132,องค์การบริหารส่วนตำบล,หนองแวง,หนองแวง,สมเด็จ,กาฬสินธุ์,"1,089.18",2554,สจป.7 ขอนแก่น,องค์การบริหารส่วนตำบลหนองแวง,16.6979035,103.7274569,45,https://drive.google.com/file/d/1MBU01Iq9cif3BpeNLltKxaFtJq0yVsDX/view?usp=drive_link,,
133,เทศบาลตำบล,นามะเขือ,นามะเขือ,สหัสขันธ์,กาฬสินธุ์,"1,808.04",2554,สจป.7 ขอนแก่น,เทศบาลตำบลนามะเขือ,16.6896296,103.6222377,45,https://drive.google.com/file/d/1FM0zdqChzOCQqu0TCKboYDm1pOoiZGeC/view?usp=drive_link,,
134,องค์การบริหารส่วนตำบล,สำราญ,สำราญ,สามชัย,กาฬสินธุ์,"37,054.10",2554,สจป.7 ขอนแก่น,องค์การบริหารส่วนตำบลสำราญ,16.881886,103.501708,50,https://drive.google.com/file/d/1F8j9YlB6N6kXg-k1P5vCXR9hdO_rqSPK/view?usp=drive_link,,
135,องค์การบริหารส่วนตำบล,โคกเครือ,โคกเครือ,หนองกุงศรี,กาฬสินธุ์,"9,430.95",2548,สจป.7 ขอนแก่น,องค์การบริหารส่วนตำบลโคกเครือ,16.706143,103.280073,50,,https://drive.google.com/file/d/1e116YqQ_ZTBGTGTS_w9M3igE4HiXm3Uq/view?usp=drive_link,https://drive.google.com/file/d/1HWbl_Q9JIlAiqkAcdPsEY55agsahb4Yu/view?usp=drive_link
136,เทศบาลตำบล,ดงมูล,ดงมูล,หนองกุงศรี,กาฬสินธุ์,"8,554.34",2548,สจป.7 ขอนแก่น,เทศบาลตำบลดงมูล,16.7727209,103.3537144,50,,https://drive.google.com/file/d/1Xcl3aaZNTpHmgShJDMoZUg3wxbciPRd7/view?usp=sharing,https://drive.google.com/file/d/1BaP-EoJZZ6hoMuO0srWkJc2iRKKxGI-F/view?usp=drive_link
137,เทศบาลตำบล,หนองใหญ่,หนองใหญ่,หนองกุงศรี,กาฬสินธุ์,256.18,2548,สจป.7 ขอนแก่น,เทศบาลตำบลหนองใหญ่,16.717094,103.239,0,,https://drive.google.com/file/d/1yu-XPwpPXb4tCnte4EYydEKwYq1-nmhU/view?usp=drive_link,https://drive.google.com/file/d/1LSZY8CU9J1dELMnwKvmIW_zEXXncXMff/view?usp=drive_link
138,เทศบาลตำบล,คำบง,คำบง,ห้วยผึ้ง,กาฬสินธุ์,"26,959.08",2554,สจป.7 ขอนแก่น,เทศบาลตำบลคำบง,16.668094,103.818869,50,https://drive.google.com/file/d/1jk7eQBNv_ovx1ka9z0cw2Zgxtiu7ZZwL/view?usp=drive_link,,
139,องค์การบริหารส่วนตำบล,นิคมห้วยผึ้ง,นิคมห้วยผึ้ง,ห้วยผึ้ง,กาฬสินธุ์,"19,763.33",2550,สจป.7 ขอนแก่น,องค์การบริหารส่วนตำบลนิคมห้วยผึ้ง,16.63967,103.888952,50,,https://drive.google.com/file/d/1crTEdBhtAgOYmz29D0-A905vtw9CLKja/view?usp=drive_link,https://drive.google.com/file/d/1dmtnuwP19C0eMxa9qXmArV9tc4DMhPrD/view?usp=drive_link
140,เทศบาลตำบล,หนองอีบุตร,หนองอีบุตร,ห้วยผึ้ง,กาฬสินธุ์,0,2550,สจป.7 ขอนแก่น,เทศบาลตำบลหนองอีบุตร,16.607581,103.872458,0,,https://drive.google.com/file/d/1rjYCLmkyGV6T8oQE7XYVta3vPNA2djWs/view?usp=drive_link,https://drive.google.com/file/d/1llpIJFIyFL58XwjtBEL1ywt3SjDQ56Jt/view?usp=drive_link
141,เทศบาลตำบล,ห้วยผึ้ง,ห้วยผึ้ง,ห้วยผึ้ง,กาฬสินธุ์,339.23,2554,สจป.7 ขอนแก่น,เทศบาลตำบลห้วยผึ้ง,16.60758,103.87246,0,https://drive.google.com/file/d/1ZLy-uKmOU4uDDhC2dDTEzr4pCByJQm6o/view?usp=drive_link,,
142,องค์การบริหารส่วนตำบล,กุดโดน,กุดโดน,ห้วยเม็ก,กาฬสินธุ์,"7,390.17",2554,สจป.7 ขอนแก่น,องค์การบริหารส่วนตำบลกุดโดน,16.56746975,103.2608414,50,https://drive.google.com/file/d/1NjyAve61uurmrDtgKKcfEbMZzg1NUyJx/view?usp=drive_link,,
143,องค์การบริหารส่วนตำบล,โนนสะอาด,โนนสะอาด,ห้วยเม็ก,กาฬสินธุ์,"2,598.48",2555,สจป.7 ขอนแก่น,องค์การบริหารส่วนตำบลโนนสะอาด,16.5557961,103.319148,45,,,
144,องค์การบริหารส่วนตำบล,พิมูล,พิมูล,ห้วยเม็ก,กาฬสินธุ์,7.44,2548,สจป.7 ขอนแก่น,องค์การบริหารส่วนตำบลพิมูล,16.6948452,103.1931866,0,,https://drive.google.com/file/d/14-wUKcG158-8nrRYTUFx8A58nWK7MagR/view?usp=drive_link,https://drive.google.com/file/d/1fsVJz08FrNoIqgenByYVj9WuH_JQDbTl/view?usp=drive_link
145,องค์การบริหารส่วนตำบล,โกสัมพี,โกสัมพี,โกสัมพีนคร,กำแพงเพชร,"93,766.80",2568,สจป.4 ตาก,องค์การบริหารส่วนตำบลโกสัมพี,16.66497301,99.30788219,80,https://drive.google.com/file/d/1JyUMVfZxORlKS9OzMBPu3dn_RNVEkjh7/view?usp=drive_link,,
146,องค์การบริหารส่วนตำบล,ลานดอกไม้ตก,ลานดอกไม้ตก,โกสัมพีนคร,กำแพงเพชร,650.52,2568,สจป.4 ตาก,องค์การบริหารส่วนตำบลลานดอกไม้ตก,16.5789563,99.4391182,0,https://drive.google.com/file/d/1x6xBWNSWVqpAwdXgFAkB3ncsGN-QL7gQ/view?usp=drive_link,,
147,องค์การบริหารส่วนตำบล,บ่อถ้ำ,บ่อถ้ำ,ขาณุวรลักษบุรี,กำแพงเพชร,"6,563.14",2568,สจป.4 ตาก,องค์การบริหารส่วนตำบลบ่อถ้ำ,15.9480698,99.722459,5,https://drive.google.com/file/d/1AZcL5yBgnZT9c66x1Z7ROPUULqNNkGPV/view?usp=drive_link,,
148,องค์การบริหารส่วนตำบล,วังหามแห,วังหามแห,ขาณุวรลักษบุรี,กำแพงเพชร,190.03,2568,สจป.4 ตาก,องค์การบริหารส่วนตำบลวังหามแห,16.097279,99.637599,0,https://drive.google.com/file/d/1B8H92Bp59iW5OnqxqCv33K7Dzo4mXmcy/view?usp=drive_link,,
149,องค์การบริหารส่วนตำบล,คลองน้ำไหล,คลองน้ำไหล,คลองลาน,กำแพงเพชร,"34,179.63",2550,สจป.4 ตาก,องค์การบริหารส่วนตำบลคลองน้ำไหล,16.203806,99.317967,50,,https://drive.google.com/file/d/156ISBq_pieEyWrqQSuSFfJyUiVZnqsCK/view?usp=drive_link,
150,เทศบาลตำบล,คลองลานพัฒนา,คลองลานพัฒนา,คลองลาน,กำแพงเพชร,"9,366.87",2550,สจป.4 ตาก,เทศบาลตำบลคลองลานพัฒนา,16.122127,99.329402,50,,https://drive.google.com/file/d/1PLa1yCTOJCqnkb_jevBu6Rnr_kizo6Iq/view?usp=drive_link,https://drive.google.com/file/d/1eEZsEUc2iiANEABKFBRvEJgPb0Pb0kZs/view?usp=drive_link
151,องค์การบริหารส่วนตำบล,โป่งน้ำร้อน,โป่งน้ำร้อน,คลองลาน,กำแพงเพชร,"56,491.06",2556,สจป.4 ตาก,องค์การบริหารส่วนตำบลโป่งน้ำร้อน,16.38602617,99.23469543,60,https://drive.google.com/file/d/1AEsKclSvGT2Ysh3qxgoQ9KfeNZNsIBsE/view?usp=drive_link,,
152,เทศบาลตำบล,สักงาม,สักงาม,คลองลาน,กำแพงเพชร,"65,079.46",2548,สจป.4 ตาก,เทศบาลตำบลสักงาม,16.2929018,99.3669797,50,,https://drive.google.com/file/d/10Cm3-lzQbu9m3hQcQmDWbOXCu1e3Sl2u/view?usp=drive_link,https://drive.google.com/file/d/1EBWv556EDVIFahLy_OfV46b6MnfDvhv_/view?usp=drive_link
153,องค์การบริหารส่วนตำบล,ทุ่งทอง,ทุ่งทอง,ทรายทองวัฒนา,กำแพงเพชร,215.27,2568,สจป.4 ตาก,องค์การบริหารส่วนตำบลทุ่งทอง,16.343183,99.860494,0,https://drive.google.com/file/d/18SEfWGhMuxtCd_dZDglk-85ZIRSKNQKB/view?usp=drive_link,,
154,องค์การบริหารส่วนตำบล,ไทรงาม,ไทรงาม,ไทรงาม,กำแพงเพชร,998.03,2550,สจป.4 ตาก,องค์การบริหารส่วนตำบลไทรงาม,16.51134494,99.89671558,5,,https://drive.google.com/file/d/1QZwM5SMgRx65BCcN3qgBTwMDZApx03aN/view?usp=drive_link,https://drive.google.com/file/d/1_YihyZY9dQ1Tt12yH6PrgPy_mApS3b3o/view?usp=drive_link
155,องค์การบริหารส่วนตำบล,พานทอง,พานทอง,ไทรงาม,กำแพงเพชร,851.68,2555,สจป.4 ตาก,องค์การบริหารส่วนตำบลพานทอง,16.39598959,99.84893203,5,,,
156,องค์การบริหารส่วนตำบล,มหาชัย,มหาชัย,ไทรงาม,กำแพงเพชร,357.11,2549,สจป.4 ตาก,องค์การบริหารส่วนตำบลมหาชัย,16.48525,99.773392,0,,https://drive.google.com/file/d/1MCMv3Fof_glFJOqKo9F-PDOIwCsn-r0R/view?usp=drive_link,https://drive.google.com/file/d/1Kgglh5zqQhZvgSnWr7tz822IOivFLTIt/view?usp=drive_link
157,องค์การบริหารส่วนตำบล,หนองคล้า,หนองคล้า,ไทรงาม,กำแพงเพชร,814.99,2559,สจป.4 ตาก,องค์การบริหารส่วนตำบลหนองคล้า,16.4274954,99.8368879,0,https://drive.google.com/file/d/1nuCrWMgFKD5-_KVts1zqQl7buo4LuELN/view?usp=drive_link,,
158,องค์การบริหารส่วนตำบล,หนองทอง,หนองทอง,ไทรงาม,กำแพงเพชร,215.32,2558,สจป.4 ตาก,องค์การบริหารส่วนตำบลหนองทอง,16.41718077,99.73641872,0,https://drive.google.com/file/d/1YpVBShZTnxWuN0gj70POnTYPFKTvjrZh/view?usp=drive_link,,
159,องค์การบริหารส่วนตำบล,หนองแม่แตง,หนองแม่แตง,ไทรงาม,กำแพงเพชร,290.79,2559,สจป.4 ตาก,องค์การบริหารส่วนตำบลหนองแม่แตง,16.397522,99.952167,0,https://drive.google.com/file/d/1bA89v-u4nI4Q8YUq_QK69tFunwEWKnNK/view?usp=drive_link,,
160,องค์การบริหารส่วนตำบล,หนองไม้กอง,หนองไม้กอง,ไทรงาม,กำแพงเพชร,589.53,2550,สจป.4 ตาก,องค์การบริหารส่วนตำบลหนองไม้กอง,16.4360879,99.9452749,5,,https://drive.google.com/file/d/1v-BxUQLHTuGxGpR-4sk79FjC9Ch36IcO/view?usp=drive_link,https://drive.google.com/file/d/11FGSSLni9mJxjRIbYKqBJSaW6Eb85bN7/view?usp=drive_link
161,องค์การบริหารส่วนตำบล,ปางตาไว,ปางตาไว,ปางศิลาทอง,กำแพงเพชร,"30,853.84",2548,สจป.4 ตาก,องค์การบริหารส่วนตำบลปางตาไว,16.0229498,99.3681824,55,,https://drive.google.com/file/d/1L-7P6Z2Qh2Xgx4twXDcFLhSXugmBOBhm/view?usp=drive_link,
162,องค์การบริหารส่วนตำบล,โพธิ์ทอง,โพธิ์ทอง,ปางศิลาทอง,กำแพงเพชร,611.73,2559,สจป.4 ตาก,องค์การบริหารส่วนตำบลโพธิ์ทอง,16.1202,99.526033,45,https://drive.google.com/file/d/1yAAeoue9sOTory83hKM2-HDXzPS3HeVB/view?usp=drive_link,,
163,องค์การบริหารส่วนตำบล,หินดาต,หินดาต,ปางศิลาทอง,กำแพงเพชร,"3,427.22",2555,สจป.4 ตาก,องค์การบริหารส่วนตำบลหินดาต,16.09375378,99.47314817,50,,,
164,เทศบาลตำบล,คลองพิไกร,คลองพิไกร,พรานกระต่าย,กำแพงเพชร,129.61,2568,สจป.4 ตาก,เทศบาลตำบลคลองพิไกร,16.66463897,99.71714169,0,https://drive.google.com/file/d/1-9ovNS3vdwZopLsMAYmu1dbh4vvBkntt/view?usp=drive_link,,
165,องค์การบริหารส่วนตำบล,ท่าไม้,ท่าไม้,พรานกระต่าย,กำแพงเพชร,"89,945.49",2568,สจป.4 ตาก,องค์การบริหารส่วนตำบลท่าไม้,16.717183,99.460553,60,https://drive.google.com/file/d/1il0bRwGxeR97vjblkR2dNkaW8q4ZnHvK/view?usp=drive_link,,
166,องค์การบริหารส่วนตำบล,วังตะแบก,วังตะแบก,พรานกระต่าย,กำแพงเพชร,586.82,2568,สจป.4 ตาก,องค์การบริหารส่วนตำบลวังตะแบก,16.7068855,99.66252252,5,https://drive.google.com/file/d/1Avjd3S8D2N3xo2WoBWNMJg4XeXfJxuX_/view?usp=drive_link,,
167,องค์การบริหารส่วนตำบล,หนองหัววัว,หนองหัววัว,พรานกระต่าย,กำแพงเพชร,"14,846.19",2568,สจป.4 ตาก,องค์การบริหารส่วนตำบลหนองหัววัว,16.731694,99.615667,50,https://drive.google.com/file/d/1Ddz1BGjcQxc6JI4gRo2Uav5J4p3OGQkW/view?usp=drive_link,,
168,องค์การบริหารส่วนตำบล,ไตรตรึงษ์,ไตรตรึงษ์,เมืองกำแพงเพชร,กำแพงเพชร,"2,553.26",2568,สจป.4 ตาก,องค์การบริหารส่วนตำบลไตรตรึงษ์,16.36490366,99.56675291,5,https://drive.google.com/file/d/1ktLrC2ghONif60IW68RxOzyxhbz8pfq4/view?usp=drive_link,,
169,องค์การบริหารส่วนตำบล,ท่าขุนราม,ท่าขุนราม,เมืองกำแพงเพชร,กำแพงเพชร,"1,232.47",2568,สจป.4 ตาก,องค์การบริหารส่วนตำบลท่าขุนราม,16.4518025,99.4451795,50,https://drive.google.com/file/d/1HlZIgmjYOkaYNV_l5AVO5IYcwPaOQWcc/view?usp=drive_link,,
170,องค์การบริหารส่วนตำบล,ลานดอกไม้,ลานดอกไม้,เมืองกำแพงเพชร,กำแพงเพชร,"18,471.07",2568,สจป.4 ตาก,องค์การบริหารส่วนตำบลลานดอกไม้,16.64678384,99.41871643,50,,,
171,องค์การบริหารส่วนตำบล,จันทิมา,จันทิมา,ลานกระบือ,กำแพงเพชร,91.45,2555,สจป.4 ตาก,องค์การบริหารส่วนตำบลจันทิมา,16.56288329,99.80549097,0,,,
172,เทศบาลตำบล,ช่องลม,ช่องลม,ลานกระบือ,กำแพงเพชร,"1,401.50",2548,สจป.4 ตาก,เทศบาลตำบลช่องลม,16.5946172,99.8861673,0,,https://drive.google.com/file/d/1m4KA7xa9JFsf8z4m4myMqPyXC170D0lT/view?usp=drive_link,https://drive.google.com/file/d/1QMxsviBrWE1-AWBMfsx9ZbukKBrCSoMQ/view?usp=drive_link
173,องค์การบริหารส่วนตำบล,โนนพลวง,โนนพลวง,ลานกระบือ,กำแพงเพชร,282.39,2550,สจป.4 ตาก,องค์การบริหารส่วนตำบลโนนพลวง,16.57484282,99.84376341,0,,https://drive.google.com/file/d/10iLY6VD6Y7sa3t470KfBUcy6ogCRn006/view?usp=drive_link,https://drive.google.com/file/d/117jgINR0mCKdmUY5rjqm9sPlB0HrB_Gv/view?usp=drive_link
174,องค์การบริหารส่วนตำบล,บึงทับแรต,บึงทับแรต,ลานกระบือ,กำแพงเพชร,258.19,2548,สจป.4 ตาก,องค์การบริหารส่วนตำบลบึงทับแรต,16.698047,99.8592,0,,https://drive.google.com/file/d/1CjlQFm6URiersepj37f8FyHzrSugEW8-/view?usp=drive_link,https://drive.google.com/file/d/1TYREaZzKCnfZci6Cxx9W_maMCF6caIu9/view?usp=drive_link
175,เทศบาลตำบล,ประชาสุขสันต์,ประชาสุขสันต์,ลานกระบือ,กำแพงเพชร,343.71,2548,สจป.4 ตาก,เทศบาลตำบลประชาสุขสันต์,16.540335,99.9716516,0,,https://drive.google.com/file/d/1tCZKgBRin9fwKUy4MBCJbP4lEl9E0oM7/view?usp=drive_link,https://drive.google.com/file/d/1_Fux8Cz39hgwn4mk0qNg85KadVC2-zOf/view?usp=drive_link
176,องค์การบริหารส่วนตำบล,ลานกระบือ,ลานกระบือ,ลานกระบือ,กำแพงเพชร,422.21,2550,สจป.4 ตาก,องค์การบริหารส่วนตำบลลานกระบือ,16.618253,99.88042,5,,https://drive.google.com/file/d/1uXo5TFfO2Cz0VOYrY8jF1iiEHeF6DKol/view?usp=drive_link,https://drive.google.com/file/d/1KoLb9CBEzUP7XLsKqyYoGWFl_QZchkkF/view?usp=drive_link
177,องค์การบริหารส่วนตำบล,หนองหลวง,หนองหลวง,ลานกระบือ,กำแพงเพชร,625.01,2549,สจป.4 ตาก,องค์การบริหารส่วนตำบลหนองหลวง,16.6354,99.7757,0,https://drive.google.com/file/d/1v8SWd812fXlOSFmcIBopkCmac6svd2_D/view?usp=drive_link,https://drive.google.com/file/d/1n2DFT-dORS1Hy6g1pBc1l59Gu44exv69/view?usp=drive_link,https://drive.google.com/file/d/1TwpnmN4qTi4OehBrvL2FdBmxdJLExOOz/view?usp=drive_link
178,องค์การบริหารส่วนตำบล,ดูนสาด,ดูนสาด,กระนวน,ขอนแก่น,"38,502.44",2550,สจป.7 ขอนแก่น,องค์การบริหารส่วนตำบลดูนสาด,16.7936213,103.1669848,0,,https://drive.google.com/file/d/18lxg-fySMDlTLglPsvBjMcqlE2dQ3O6b/view?usp=drive_link,https://drive.google.com/file/d/1-ETfKU6a_Y41kG9YsrjyuJI9EnfarwL4/view?usp=drive_link
179,องค์การบริหารส่วนตำบล,เขาสวนกวาง,เขาสวนกวาง,เขาสวนกวาง,ขอนแก่น,157.6,2554,สจป.7 ขอนแก่น,องค์การบริหารส่วนตำบลเขาสวนกวาง,16.85021955,102.8315806,50,https://drive.google.com/file/d/1LB28SgrwN5onXYRe0SI5kpjhmrF9LATJ/view?usp=drive_link,,
180,องค์การบริหารส่วนตำบล,คำม่วง,คำม่วง,เขาสวนกวาง,ขอนแก่น,"9,567.45",2549,สจป.7 ขอนแก่น,องค์การบริหารส่วนตำบลคำม่วง,16.81928149,102.8518367,45,,https://drive.google.com/file/d/1nhB0mxzuwSKQorONw3ounw3wEuF9Kkru/view?usp=drive_link,https://drive.google.com/file/d/1C52bij9AlYttIOw17t69iCPZj6zbcwFT/view?usp=drive_link
181,องค์การบริหารส่วนตำบล,ซับสมบูรณ์,ซับสมบูรณ์,โคกโพธิ์ไชย,ขอนแก่น,"3,054.94",2548,สจป.7 ขอนแก่น,องค์การบริหารส่วนตำบลซับสมบูรณ์,16.084428,102.353467,50,,https://drive.google.com/file/d/1XD26sQ1qhkPYcehR6pDdiCWx3UuyuVk5/view?usp=drive_link,https://drive.google.com/file/d/1hEEMeeGdb4DJdWWWlfrfYcL_uP6IAxFQ/view?usp=drive_link
182,เทศบาลตำบล,ภูผาแดง,บ้านโคก,โคกโพธิ์ไชย,ขอนแก่น,"7,147.98",2548,สจป.7 ขอนแก่น,เทศบาลตำบลภูผาแดง,16.0847862,102.3852357,50,,https://drive.google.com/file/d/1O2ZFCs_dVKO0uBqLzz7xhSHsIXBFURkT/view?usp=drive_link,https://drive.google.com/file/d/1TV5vR8H9HxoJDgDzdWgWmC1-DVxFP-Ve/view?usp=drive_link
183,องค์การบริหารส่วนตำบล,โนนพะยอม,โนนพะยอม,ชนบท,ขอนแก่น,"2,258.08",2555,สจป.7 ขอนแก่น,องค์การบริหารส่วนตำบลโนนพะยอม,16.072717,102.557825,50,https://drive.google.com/file/d/1I-7rXA0T9ZYm_5AKOXMa6_KCmG0Id4nk/view?usp=drive_link,,
184,องค์การบริหารส่วนตำบล,วังแสง,วังแสง,ชนบท,ขอนแก่น,"3,745.24",2554,สจป.7 ขอนแก่น,องค์การบริหารส่วนตำบลวังแสง,16.01764222,102.4602824,45,https://drive.google.com/file/d/1O4waD-7PhUYgv3PW8o8RMMZm6MYVUkIf/view?usp=drive_link,,
185,องค์การบริหารส่วนตำบล,ขัวเรียง,ขัวเรียง,ชุมแพ,ขอนแก่น,0,2548,สจป.7 ขอนแก่น,องค์การบริหารส่วนตำบลขัวเรียง,16.55571544,102.2242051,50,,https://drive.google.com/file/d/15XDxx8_Bx4qw50dqwARyfHlfVE2aHZ2k/view?usp=drive_link,https://drive.google.com/file/d/16o9fd_cSf2ucDO7DE_o2nlOHBYYqd1pC/view?usp=drive_link
186,องค์การบริหารส่วนตำบล,นาหนองทุ่ม,นาหนองทุ่ม,ชุมแพ,ขอนแก่น,"22,327.67",2549,สจป.7 ขอนแก่น,องค์การบริหารส่วนตำบลนาหนองทุ่ม,16.67958014,101.9882397,0,,https://drive.google.com/file/d/1u4PQQpqaZZWbQl4BCYF6fWv8pWqkf5zs/view?usp=drive_link,https://drive.google.com/file/d/1rb-aAoEtYn3l5AlM1m0LCSmPAzsbCyxr/view?usp=drive_link
187,เทศบาลตำบล,ซำสูง,ซำสูง,ซำสูง,ขอนแก่น,"12,320.49",2555,สจป.7 ขอนแก่น,เทศบาลตำบลซำสูง,16.5953975,103.0510712,50,https://drive.google.com/file/d/1SCi3OjBbjROAohPmP8Sm5JFl0e1En4Jb/view?usp=drive_link,,
188,องค์การบริหารส่วนตำบล,ทรายมูล,ทรายมูล,น้ำพอง,ขอนแก่น,"1,922.72",2548,สจป.7 ขอนแก่น,องค์การบริหารส่วนตำบลทรายมูล,16.653014,102.902919,45,,https://drive.google.com/file/d/1ZZcnpfUUKvduesoWSwyOkZdJaWoa_2li/view?usp=drive_link,https://drive.google.com/file/d/1mQy7Zdb--EqjZ6H0cgGvAxCWjYmBiEWC/view?usp=drive_link
189,เทศบาลเมือง,บัวเงิน,บัวเงิน,น้ำพอง,ขอนแก่น,"17,647.61",2554,สจป.7 ขอนแก่น,เทศบาลเมืองบัวเงิน,16.74556282,102.9758593,50,https://drive.google.com/file/d/1TRaYhAgqpNQipHNWF5Km_vccRH3uhpP-/view?usp=drive_link,,
190,องค์การบริหารส่วนตำบล,บ้านหัน,บ้านหัน,โนนศิลา,ขอนแก่น,"4,104.68",2549,สจป.7 ขอนแก่น,องค์การบริหารส่วนตำบลบ้านหัน,15.94835,102.725556,45,,https://drive.google.com/file/d/1kT33WcQYEulwgNvnS1f-0VsRzD0vc1bm/view?usp=drive_link,https://drive.google.com/file/d/1KwnWGfsflNo1ROWFEnHflA389bvjvKuI/view?usp=drive_link
191,เทศบาลตำบล,ในเมือง,ในเมือง,บ้านไผ่,ขอนแก่น,"2,999.27",2554,สจป.7 ขอนแก่น,เทศบาลตำบลในเมือง,16.0940557,102.7446844,50,https://drive.google.com/file/d/1logtyLqQUUNLdmHYJz45DTR51_KQspjI/view?usp=drive_link,,
192,องค์การบริหารส่วนตำบล,ป่าปอ,ป่าปอ,บ้านไผ่,ขอนแก่น,"2,666.79",2548,สจป.7 ขอนแก่น,องค์การบริหารส่วนตำบลป่าปอ,15.938267,102.815419,45,,https://drive.google.com/file/d/1oRzH7XjHQp_aH2hX5Ip0LfWribJMBJI7/view?usp=drive_link,https://drive.google.com/file/d/1vLDzV8mXhMUCn2d-Umy2lP4zeMHtIzX-/view?usp=drive_link
193,องค์การบริหารส่วนตำบล,ภูเหล็ก,ภูเหล็ก,บ้านไผ่,ขอนแก่น,"11,265.00",2554,สจป.7 ขอนแก่น,องค์การบริหารส่วนตำบลภูเหล็ก,16.110803,102.836258,50,https://drive.google.com/file/d/1y9JVBzSd1c9uk0DNrYB6WflaiuoAI9EG/view?usp=drive_link,,
194,เทศบาลตำบล,โคกงาม,โคกงาม,บ้านฝาง,ขอนแก่น,"1,215.59",2548,สจป.7 ขอนแก่น,เทศบาลตำบลโคกงาม,16.5635884,102.6111683,50,,https://drive.google.com/file/d/1lZSo_PlTA5LVrSD6LFYcW14HqDAH2YuJ/view?usp=drive_link,https://drive.google.com/file/d/1C8uC_rN8pfXg-matQfUCsjARXzRGp26w/view?usp=drive_link
195,เทศบาลตำบล,โนนฆ้อง,โนนฆ้อง,บ้านฝาง,ขอนแก่น,"1,957.25",2548,สจป.7 ขอนแก่น,เทศบาลตำบลโนนฆ้อง,16.4136338,102.589857,50,,https://drive.google.com/file/d/196sjoYlmXiZRpSQvaMiUySXbrWxLa8jS/view?usp=drive_link,https://drive.google.com/file/d/128b3TOEcSw1RGejz66xMrc_MSohD1H2o/view?usp=drive_link
196,เทศบาลตำบล,แก่นฝาง,บ้านฝาง,บ้านฝาง,ขอนแก่น,"1,768.41",2548,สจป.7 ขอนแก่น,เทศบาลตำบลแก่นฝาง,16.4716566,102.6391333,50,,https://drive.google.com/file/d/1Flet8FxaxPf9kHcT7NQahcGbsxlC1d5b/view?usp=drive_link,
197,เทศบาลตำบล,ป่ามะนาว,ป่ามะนาว,บ้านฝาง,ขอนแก่น,"3,177.29",2554,สจป.7 ขอนแก่น,เทศบาลตำบลป่ามะนาว,16.382464,102.586317,50,https://drive.google.com/file/d/15f96rWWtVOCTjTib71O0dqUKRTtARv-i/view?usp=drive_link,,
198,เทศบาลตำบล,ป่าหวายนั่ง,ป่าหวายนั่ง,บ้านฝาง,ขอนแก่น,"1,751.53",2548,สจป.7 ขอนแก่น,เทศบาลตำบลป่าหวายนั่ง,16.594358,102.648325,50,,https://drive.google.com/file/d/1NNyFSSfPSslepzeRKMuwF9JkTwiKDjYp/view?usp=drive_link,https://drive.google.com/file/d/1f5XexgcU2V8fssY9PSJQJJF4dXElPLV7/view?usp=drive_link
199,เทศบาลตำบล,หนองบัว,หนองบัว,บ้านฝาง,ขอนแก่น,"3,266.67",2548,สจป.7 ขอนแก่น,เทศบาลตำบลหนองบัว,16.4731976,102.5988235,50,,https://drive.google.com/file/d/1YjKMA6YqPbLZOXlM1wATtZCdYX5aupoN/view?usp=drive_link,https://drive.google.com/file/d/1hlWKR-7ulV4WZA0Gw7zrqS96vAES1e86/view?usp=drive_link
200,องค์การบริหารส่วนตำบล,หนองแซง,หนองแซง,บ้านแฮด,ขอนแก่น,"2,313.22",2554,สจป.7 ขอนแก่น,องค์การบริหารส่วนตำบลหนองแซง,16.168914,102.794175,45,https://drive.google.com/file/d/1AQDF87vFLOyr-GqobXIpO6O0Ua16GU1D/view?usp=drive_link,,
201,องค์การบริหารส่วนตำบล,วังม่วง,วังม่วง,เปือยน้อย,ขอนแก่น,"5,574.87",2554,สจป.7 ขอนแก่น,องค์การบริหารส่วนตำบลวังม่วง,15.89255,102.854143,45,https://drive.google.com/file/d/1e5BFkYxP_tFmbh78E8Uv4DiRqR0CXWtC/view?usp=drive_link,,
202,องค์การบริหารส่วนตำบล,ภูผาม่าน,ภูผาม่าน,ภูผาม่าน,ขอนแก่น,"2,151.77",2555,สจป.7 ขอนแก่น,องค์การบริหารส่วนตำบลภูผาม่าน,16.66667918,101.894052,50,https://drive.google.com/file/d/1wvdn4IPJrQuekBBRs2lHIGOMrLvg78E3/view?usp=drive_link,,
203,องค์การบริหารส่วนตำบล,วังสวาบ,วังสวาบ,ภูผาม่าน,ขอนแก่น,"4,091.11",2549,สจป.7 ขอนแก่น,องค์การบริหารส่วนตำบลวังสวาบ,16.698633,101.844861,50,,https://drive.google.com/file/d/1eanhKRoIRFtORdWdNu6GaBIMJ4M7OlD1/view?usp=drive_link,https://drive.google.com/file/d/1D8990p-lSd_D6MOE4rJOwUwj4dZxH_fa/view?usp=drive_link
204,องค์การบริหารส่วนตำบล,กุดขอนแก่น,กุดขอนแก่น,ภูเวียง,ขอนแก่น,520.98,2554,สจป.7 ขอนแก่น,องค์การบริหารส่วนตำบลกุดขอนแก่น,16.5759067,102.5040725,45,https://drive.google.com/file/d/1o4qBEFSD0DMCMuar8UDnN_x5WN5QNo9X/view?usp=drive_link,,
205,องค์การบริหารส่วนตำบล,ทุ่งชมพู,ทุ่งชมพู,ภูเวียง,ขอนแก่น,"1,746.79",2548,สจป.7 ขอนแก่น,องค์การบริหารส่วนตำบลทุ่งชมพู,16.7532104,102.484923,50,,https://drive.google.com/file/d/1zbW9b9H6GQzhSJdBWLIULnyjSr7wPbfB/view?usp=drive_link,https://drive.google.com/file/d/1-sz_wybuKinMx5RIgME8i_ePkk3rrtTn/view?usp=drive_link
206,องค์การบริหารส่วนตำบล,นาชุมแสง,นาชุมแสง,ภูเวียง,ขอนแก่น,"3,376.57",2548,สจป.7 ขอนแก่น,องค์การบริหารส่วนตำบลนาชุมแสง,16.61453328,102.3496542,50,,https://drive.google.com/file/d/1TXj5Cnq2QSOoy9L0jkdPT6JCLaDjqxjT/view?usp=drive_link,https://drive.google.com/file/d/1YgL2uqGjROsZqYciZ-NDW9iT1CCja-lt/view?usp=drive_link
207,องค์การบริหารส่วนตำบล,ภูเวียง,ภูเวียง,ภูเวียง,ขอนแก่น,659.25,2555,สจป.7 ขอนแก่น,องค์การบริหารส่วนตำบลภูเวียง,16.6698,102.371217,45,https://drive.google.com/file/d/1e4NCoS6PIwJ0S7amnIfUVkbHoKPcoW1g/view?usp=drive_link,,
208,องค์การบริหารส่วนตำบล,สงเปือย,สงเปือย,ภูเวียง,ขอนแก่น,"2,528.09",2554,สจป.7 ขอนแก่น,องค์การบริหารส่วนตำบลสงเปือย,16.623903,102.371714,50,https://drive.google.com/file/d/1uFYq4iXYDniSbtiH9SROAbBOt8ps7emq/view?usp=drive_link,,
209,เทศบาลตำบล,หนองกุงธนสาร,หนองกุงธนสาร,ภูเวียง,ขอนแก่น,"4,951.76",2555,สจป.7 ขอนแก่น,เทศบาลตำบลหนองกุงธนสาร,16.6391113,102.4220878,50,https://drive.google.com/file/d/1klEpJm5IiIxhNKv9iyK4Yx0KABGUjFi8/view?usp=drive_link,,
210,องค์การบริหารส่วนตำบล,หว้าทอง,หว้าทอง,ภูเวียง,ขอนแก่น,"2,370.76",2555,สจป.7 ขอนแก่น,องค์การบริหารส่วนตำบลหว้าทอง,16.749455,102.454,50,https://drive.google.com/file/d/166CRC_gPwisD9ePUHGMcDMTurv3Q9Odu/view?usp=drive_link,,
211,องค์การบริหารส่วนตำบล,คำแคน,คำแคน,มัญจาคีรี,ขอนแก่น,"5,971.70",2548,สจป.7 ขอนแก่น,องค์การบริหารส่วนตำบลคำแคน,16.301017,102.501258,50,,https://drive.google.com/file/d/1dw2pz3U95khdTc1xrDOneNUTAYetOXoj/view?usp=drive_link,https://drive.google.com/file/d/1eUBxR8VxXhTfk82hE2Ji3NnFfA8smXis/view?usp=drive_link
212,องค์การบริหารส่วนตำบล,โพนเพ็ก,โพนเพ็ก,มัญจาคีรี,ขอนแก่น,"15,899.43",2548,สจป.7 ขอนแก่น,องค์การบริหารส่วนตำบลโพนเพ็ก,16.31354956,102.5566864,50,,https://drive.google.com/file/d/1Cw_IONKj0QXQbxxG69o3IOSo5Rn8eKzu/view?usp=sharing,https://drive.google.com/file/d/1v3rdkdYRm0jRrf0gychZLc32NeVnbbTs/view?usp=drive_link
213,เทศบาลตำบล,ในเมือง,ในเมือง,เวียงเก่า,ขอนแก่น,"10,908.95",2555,สจป.7 ขอนแก่น,เทศบาลตำบลในเมือง,16.6775513,102.2915268,50,https://drive.google.com/file/d/1o4qBEFSD0DMCMuar8UDnN_x5WN5QNo9X/view?usp=drive_link,,
214,องค์การบริหารส่วนตำบล,เมืองเก่าพัฒนา,เมืองเก่าพัฒนา,เวียงเก่า,ขอนแก่น,"6,820.06",2548,สจป.7 ขอนแก่น,องค์การบริหารส่วนตำบลเมืองเก่าพัฒนา,16.652691,102.316213,50,,https://drive.google.com/file/d/1FDAVm1Vaokp-uIdVEKQkkJ2LlFM_bcA0/view?usp=drive_link,https://drive.google.com/file/d/1bjbq0zOCK-UjzcxcuC-je2MZmQBC4w0S/view?usp=drive_link
215,องค์การบริหารส่วนตำบล,โนนทอง,โนนทอง,แวงใหญ่,ขอนแก่น,"3,670.62",2554,สจป.7 ขอนแก่น,องค์การบริหารส่วนตำบลโนนทอง,15.905772,102.384633,50,https://drive.google.com/file/d/140E7lsQTBS1GQVTLEQpZW8uH5jOSOvP1/view?usp=drive_link,,
216,องค์การบริหารส่วนตำบล,โนนสะอาด,โนนสะอาด,แวงใหญ่,ขอนแก่น,"2,477.99",2548,สจป.7 ขอนแก่น,องค์การบริหารส่วนตำบลโนนสะอาด,15.9493184,102.4168084,50,,https://drive.google.com/file/d/1E7_hJPCTv7zdPz7jLXHFZ3AWIZcizVkg/view?usp=drive_link,https://drive.google.com/file/d/1VsW3aijk96lHW6Xn3ixAkZWa94puJ6gi/view?usp=drive_link
217,องค์การบริหารส่วนตำบล,ดงลาน,ดงลาน,สีชมพู,ขอนแก่น,"9,973.94",2548,สจป.7 ขอนแก่น,องค์การบริหารส่วนตำบลดงลาน,16.80063818,102.0910817,50,,https://drive.google.com/file/d/1Vfb9qM4ZmCk1SzZHu8bxMd2btYkF6iQE/view?usp=drive_link,https://drive.google.com/file/d/1LTmrSPTdniiWmVy_6S_O-l7elc_LV-dp/view?usp=drive_link
218,องค์การบริหารส่วนตำบล,บริบูรณ์,บริบูรณ์,สีชมพู,ขอนแก่น,"9,973.94",2555,สจป.7 ขอนแก่น,องค์การบริหารส่วนตำบลบริบูรณ์,16.826575,102.100436,50,https://drive.google.com/file/d/1V4xAYPH_mdBP8QF72K9-JEjihxt9qrqO/view?usp=drive_link,,
219,องค์การบริหารส่วนตำบล,บ้านใหม่,บ้านใหม่,สีชมพู,ขอนแก่น,"20,077.22",2555,สจป.7 ขอนแก่น,องค์การบริหารส่วนตำบลบ้านใหม่,16.7538194,102.1027599,50,https://drive.google.com/file/d/1I71sBjLVnRIa7K8wnTEmCtbpnzKV-k77/view?usp=drive_link,,
220,องค์การบริหารส่วนตำบล,จระเข้,จระเข้,หนองเรือ,ขอนแก่น,"2,031.86",2548,สจป.7 ขอนแก่น,องค์การบริหารส่วนตำบลจระเข้,16.474773,102.541461,50,,https://drive.google.com/file/d/1JQ9FYyif4_e98qceIIZUNLsYM3lOr5fO/view?usp=drive_link,https://drive.google.com/file/d/1iS6hIJ4DGphrjc8ckSZimTMhqrAzAtQJ/view?usp=drive_link
221,เทศบาลตำบล,โนนทอง,โนนทอง,หนองเรือ,ขอนแก่น,"1,426.29",2554,สจป.7 ขอนแก่น,เทศบาลตำบลโนนทอง,16.528758,102.409214,50,https://drive.google.com/file/d/1_jBN0QC72jsgva-T57K05CvhrHBGNRnX/view?usp=drive_link,,
222,เทศบาลตำบล,บ้านผือ,บ้านผือ,หนองเรือ,ขอนแก่น,829.64,2548,สจป.7 ขอนแก่น,เทศบาลตำบลบ้านผือ,16.6151378,102.5656128,50,,https://drive.google.com/file/d/1b85i5QHl1qRcychTf9nZzJg_LcMIZ_Pc/view?usp=drive_link,https://drive.google.com/file/d/19ZzAQFqnT3O2HiEwHAVNLeuHkxlZnBUG/view?usp=drive_link
223,เทศบาลตำบล,ยางคำ,ยางคำ,หนองเรือ,ขอนแก่น,"3,073.88",2548,สจป.7 ขอนแก่น,เทศบาลตำบลยางคำ,16.41257273,102.5376441,50,,https://drive.google.com/file/d/1a83ol7eUmbj8hiUVoZEIbsH9vMgU_dv6/view?usp=drive_link,https://drive.google.com/file/d/1SJy6YaI3uL3KvYDb5n0h7sMg1T_SYoBZ/view?usp=drive_link
224,องค์การบริหารส่วนตำบล,คึมชาด,คึมชาด,หนองสองห้อง,ขอนแก่น,0,2548,สจป.7 ขอนแก่น,องค์การบริหารส่วนตำบลคึมชาด,15.794744,102.797192,0,,https://drive.google.com/file/d/1okGz6aoU3GwfqpQqMNr-anrEsmTO2uCF/view?usp=drive_link,https://drive.google.com/file/d/1YE5muVvMUwHPYI102Uxqc9HDCYOxbrPc/view?usp=drive_link
225,องค์การบริหารส่วนตำบล,เขื่อนอุบลรัตน์,เขื่อนอุบลรัตน์,อุบลรัตน์,ขอนแก่น,"3,325.07",2555,สจป.7 ขอนแก่น,องค์การบริหารส่วนตำบลเขื่อนอุบลรัตน์,16.761592,102.632906,50,https://drive.google.com/file/d/1R9GN8tv32_ojhkxmPdLyG_bj7XhVJig1/view?usp=drive_link,,
226,เทศบาลตำบล,โคกสูง,โคกสูง,อุบลรัตน์,ขอนแก่น,"1,292.14",2554,สจป.7 ขอนแก่น,เทศบาลตำบลโคกสูง,16.6794143,102.7162112,50,https://drive.google.com/file/d/1W3ElUOzPwVPRJEXv8O9JYolrMQVosKwI/view?usp=drive_link,,
227,องค์การบริหารส่วนตำบล,ทุ่งโป่ง,ทุ่งโป่ง,อุบลรัตน์,ขอนแก่น,491.07,2555,สจป.7 ขอนแก่น,องค์การบริหารส่วนตำบลทุ่งโป่ง,16.7339,102.675886,45,https://drive.google.com/file/d/1O5vjmi8hu9cLO9QxwTpc7f7COBB85IJj/view?usp=drive_link,,
228,องค์การบริหารส่วนตำบล,แก่งหางแมว,แก่งหางแมว,แก่งหางแมว,จันทบุรี,"78,265.67",2548,สจป.9 ชลบุรี,องค์การบริหารส่วนตำบลแก่งหางแมว,12.990208,101.885997,25,,https://drive.google.com/file/d/1BziN4T1zMfzrT_4ed7VSZc3oDRQvcLUd/view?usp=drive_link,https://drive.google.com/file/d/1UYYbcCHNxpUgKRP0DFxft0K0Fit6G5fT/view?usp=drive_link
229,องค์การบริหารส่วนตำบล,ขุนซ่อง,ขุนซ่อง,แก่งหางแมว,จันทบุรี,"156,701.19",2548,สจป.9 ชลบุรี,องค์การบริหารส่วนตำบลขุนซ่อง,13.0743912,101.937808,25,,https://drive.google.com/file/d/1xxyMgWyA0cwPldvQJ46nmaPxu0w6ijOl/view?usp=drive_link,https://drive.google.com/file/d/1Aizoo51Egc-YY0HDvPUj9g8V787JYSWJ/view?usp=drive_link
230,องค์การบริหารส่วนตำบล,เขาวงกต,เขาวงกต,แก่งหางแมว,จันทบุรี,"3,220.28",2559,สจป.9 ชลบุรี,องค์การบริหารส่วนตำบลเขาวงกต,12.893826,101.831636,20,https://drive.google.com/file/d/1WG3Tw30yBQQWEfZmgjFjSuU4zzZTdc50/view?usp=drive_link,,
231,เทศบาลตำบล,พวา,พวา,แก่งหางแมว,จันทบุรี,"160,463.59",2548,สจป.9 ชลบุรี,เทศบาลตำบลพวา,12.99099244,101.7907172,25,,https://drive.google.com/file/d/1pqVxakf-M_5N9cbXdV77crtNT-TwzI2J/view?usp=drive_link,https://drive.google.com/file/d/1vY-GlTV74KXZVpbZiijtMpy0zoH3xo46/view?usp=drive_link
232,องค์การบริหารส่วนตำบล,สามพี่น้อง,สามพี่น้อง,แก่งหางแมว,จันทบุรี,"50,662.53",2548,สจป.9 ชลบุรี,องค์การบริหารส่วนตำบลสามพี่น้อง,12.98255,101.828681,25,,https://drive.google.com/file/d/1YGM0BCs-21wHwZRbKpXOjJ_BZOax7POf/view?usp=drive_link,https://drive.google.com/file/d/1ugGuaENhUYR9EFv4NHTLz5ZO_dPZzRo0/view?usp=drive_link
233,เทศบาลตำบล,ชากไทย,ชากไทย,เขาคิชฌกูฏ,จันทบุรี,"2,647.26",2548,สจป.9 ชลบุรี,เทศบาลตำบลชากไทย,12.76253077,102.0893302,20,,https://drive.google.com/file/d/1moOakxLHsW08JNC7pu4oLYazlZI7SCA8/view?usp=drive_link,https://drive.google.com/file/d/1munPwaeEMg0fgE4_wQHHPTJ_LvnMl0C4/view?usp=drive_link
234,เทศบาลตำบล,เขาบายศรี,เขาบายศรี,ท่าใหม่,จันทบุรี,"6,001.00",2548,สจป.9 ชลบุรี,เทศบาลตำบลเขาบายศรี,12.73523735,102.0556212,20,,https://drive.google.com/file/d/1r_2yKIjwIZir4XRXkxZbqMXaTS-2mYRv/view?usp=drive_link,https://drive.google.com/file/d/1SjsvVBaMzJhWye78KTYlqxmuwkIoO0vT/view?usp=drive_link
235,องค์การบริหารส่วนตำบล,โขมง,โขมง,ท่าใหม่,จันทบุรี,91.51,2548,สจป.9 ชลบุรี,องค์การบริหารส่วนตำบลโขมง,12.6354168,101.9367658,0,,https://drive.google.com/file/d/1KXDDZbNlL3Je863op27OTehlFuGhxUKC/view?usp=drive_link,https://drive.google.com/file/d/1bc9Dj3hlXItHRud0tnY9S238UltjRlFi/view?usp=drive_link
236,เทศบาลตำบล,คลองขุด,คลองขุด,ท่าใหม่,จันทบุรี,0.07,2548,สจป.9 ชลบุรี,เทศบาลตำบลคลองขุด,12.59548603,101.9246507,0,,https://drive.google.com/file/d/1MhZ4MiCyVj8wsCF0mBKBn-SHPeOXoLyN/view?usp=drive_link,https://drive.google.com/file/d/1uvaUhNJoJ0nSmQD3wF0nzcq3SjBOExFc/view?usp=drive_link
237,เทศบาลตำบล,ตะกาดเง้า,ตะกาดเง้า,ท่าใหม่,จันทบุรี,647.53,2548,สจป.9 ชลบุรี,เทศบาลตำบลตะกาดเง้า,12.57138,101.9967643,0,,https://drive.google.com/file/d/1Hp4RH-tW9ZrR-gBjGRDGF1D2itu15_P0/view?usp=drive_link,https://drive.google.com/file/d/18kyZrGI-TgfNKAfBqp6QuYmR1D4owCe7/view?usp=drive_link
238,เทศบาลเมือง,ท่าใหม่,ท่าใหม่,ท่าใหม่,จันทบุรี,2.38,2548,สจป.9 ชลบุรี,เทศบาลเมืองท่าใหม่,12.619582,102.011225,0,,https://drive.google.com/file/d/14AAps3IIGpYpvfPnWmtuYarMSE4zJOt7/view?usp=drive_link,https://drive.google.com/file/d/1rWV27jsn-mRGaLt_9nflcHis8fRSoHBj/view?usp=drive_link
239,องค์การบริหารส่วนตำบล,ทุ่งเบญจา,ทุ่งเบญจา,ท่าใหม่,จันทบุรี,"3,360.08",2548,สจป.9 ชลบุรี,องค์การบริหารส่วนตำบลทุ่งเบญจา,12.773367,101.970992,20,,https://drive.google.com/file/d/1Yfxw96g_huRxmrg6DKdcQo3U_BJT1vv8/view?usp=drive_link,https://drive.google.com/file/d/1Ad48sT_0S8r-dJrcPcLd8kYBscV0XkmN/view?usp=drive_link
240,เทศบาลตำบล,สองพี่น้อง,สองพี่น้อง,ท่าใหม่,จันทบุรี,"8,214.97",2548,สจป.9 ชลบุรี,เทศบาลตำบลสองพี่น้อง,12.687101,101.9975786,20,,https://drive.google.com/file/d/15ovqdpNswiIgV4hFVTJwedczxFVFvhk-/view?usp=drive_link,https://drive.google.com/file/d/1MRE9RDHL7bEV3CaMVXpbRfQ36aObzWHJ/view?usp=drive_link
241,องค์การบริหารส่วนตำบล,สีพยา-บ่อพุ,สีพยา,ท่าใหม่,จันทบุรี,187.81,2548,สจป.9 ชลบุรี,องค์การบริหารส่วนตำบลสีพยา-บ่อพุ,12.58794706,102.047646,0,,https://drive.google.com/file/d/1kKKyVhs_hpz8bR0uIzxbHFssmibh6CaW/view?usp=drive_link,https://drive.google.com/file/d/12-lBz9yiJiujJ577Q4UgtPmTgGlvxX8j/view?usp=drive_link
242,องค์การบริหารส่วนตำบล,วังใหม่,วังใหม่,นายายอาม,จันทบุรี,"8,224.49",2555,สจป.9 ชลบุรี,องค์การบริหารส่วนตำบลวังใหม่,12.7298064,101.9345069,20,,,
243,เทศบาลตำบล,ทับไทร,ทับไทร,โป่งน้ำร้อน,จันทบุรี,"2,079.69",2555,สจป.9 ชลบุรี,เทศบาลตำบลทับไทร,12.90393,102.26931,20,https://drive.google.com/file/d/1zc-YQEFJqyLWlbqSuiG2gkNy--qeLqAy/view?usp=drive_link,,
244,เทศบาลตำบล,ปัถวี,ปัถวี,มะขาม,จันทบุรี,"13,877.27",2548,สจป.9 ชลบุรี,เทศบาลตำบลปัถวี,12.673224,102.269814,25,,https://drive.google.com/file/d/10FbuSkrMT19CfPZpKqT28HNLi16P03ZC/view?usp=drive_link,https://drive.google.com/file/d/1TUHAVwGFk_lduqdSSRJNkjmYICT6u3nx/view?usp=drive_link
245,เทศบาลตำบล,ทับช้าง,ทับช้าง,สอยดาว,จันทบุรี,"5,743.23",2555,สจป.9 ชลบุรี,เทศบาลตำบลทับช้าง,13.234011,102.187369,25,https://drive.google.com/file/d/1XftpcXb282sV4Mfh2nV1eMfvzPkYiJBy/view?usp=drive_link,,
246,องค์การบริหารส่วนตำบล,เกาะเปริด,เกาะเปริด,แหลมสิงห์,จันทบุรี,46.42,2548,สจป.9 ชลบุรี,องค์การบริหารส่วนตำบลเกาะเปริด,12.4117255,102.1260069,0,,https://drive.google.com/file/d/1IZKdm4DvsMTCKndf00ItbySOp7NMvnBv/view?usp=drive_link,https://drive.google.com/file/d/1QlqAYkWXdHdFdx2C-ww57WIil28oVGdd/view?usp=drive_link
247,องค์การบริหารส่วนตำบล,บางกะไชย,บางกะไชย,แหลมสิงห์,จันทบุรี,415.45,2548,สจป.9 ชลบุรี,องค์การบริหารส่วนตำบลบางกะไชย,12.53202876,102.0102628,0,,https://drive.google.com/file/d/191ET6yfAb7qvAOojRia7h-B5FNDi_xV0/view?usp=drive_link,https://drive.google.com/file/d/1hblWW8aLboKIHoMm557R7yYID-jeoq9y/view?usp=drive_link
248,เทศบาลตำบล,บางสระเก้า,บางสระเก้า,แหลมสิงห์,จันทบุรี,842.04,2548,สจป.9 ชลบุรี,เทศบาลตำบลบางสระเก้า,12.5085978,102.1082713,0,,https://drive.google.com/file/d/1_wqTP-uhKMReHVnigSrJmtLpf4iWK66X/view?usp=drive_link,https://drive.google.com/file/d/13YDbgX5HdZfSrCg95ES04WcI3YXWyn3I/view?usp=drive_link
249,องค์การบริหารส่วนตำบล,หนองชิ่ม,หนองชิ่ม,แหลมสิงห์,จันทบุรี,"1,143.11",2548,สจป.9 ชลบุรี,องค์การบริหารส่วนตำบลหนองชิ่ม,12.4469818,102.1579277,0,,https://drive.google.com/file/d/1tISUMS5qf0_JlB0PTs2v_bjxIXRKdnyl/view?usp=drive_link,https://drive.google.com/file/d/1ivlzTtOC3JaqiwpZ9YRJzdzRquxnU-Ha/view?usp=drive_link
250,องค์การบริหารส่วนตำบล,คลองตะเกรา,คลองตะเกรา,ท่าตะเกียบ,ฉะเชิงเทรา,"79,961.78",2548,สจป.9 สาขาปราจีนบุรี,องค์การบริหารส่วนตำบลคลองตะเกรา,13.41947792,101.6409172,25,,https://drive.google.com/file/d/1IvFMOcBvoQyQJmb-YzCf6zu9IWV_REx2/view?usp=drive_link,
251,องค์การบริหารส่วนตำบล,ท่าตะเกียบ,ท่าตะเกียบ,ท่าตะเกียบ,ฉะเชิงเทรา,"75,212.30",2548,สจป.9 สาขาปราจีนบุรี,องค์การบริหารส่วนตำบลท่าตะเกียบ,13.447028,101.610306,25,,https://drive.google.com/file/d/1GD0yfMWGbvbANsKfVDvxdf_YG6l_xsLv/view?usp=drive_link,
252,องค์การบริหารส่วนตำบล,ท่ากระดาน,ท่ากระดาน,สนามชัยเขต,ฉะเชิงเทรา,"60,975.84",2548,สจป.9 สาขาปราจีนบุรี,องค์การบริหารส่วนตำบลท่ากระดาน,13.668597,101.592522,25,,https://drive.google.com/file/d/1a1q_AYZDzBl2yxmaglM6_e5NbfMQ7SU1/view?usp=drive_link,https://drive.google.com/file/d/1BdE1bXJ6mmGubJT5iyqkDYT-JlAh4T4L/view?usp=drive_link
253,องค์การบริหารส่วนตำบล,ทุ่งพระยา,ทุ่งพระยา,สนามชัยเขต,ฉะเชิงเทรา,"23,985.40",2548,สจป.9 สาขาปราจีนบุรี,องค์การบริหารส่วนตำบลทุ่งพระยา,13.697172,101.724547,25,,https://drive.google.com/file/d/17zT_onNFE0FZlF9Bg55WEj-IBX3YSVVR/view?usp=drive_link,
254,เทศบาลเมือง,ปรกฟ้า,เกาะจันทร์,เกาะจันทร์,ชลบุรี,"9,289.51",2548,สจป.9 ชลบุรี,เทศบาลเมืองปรกฟ้า,13.415889,101.334047,25,,https://drive.google.com/file/d/1eakcRIqlrBgFUCwvu3znAqAATXGwI6zO/view?usp=drive_link,https://drive.google.com/file/d/1tj88Io_yF7Ob5gbQkcD-wH3_wq_P3HhL/view?usp=drive_link
255,องค์การบริหารส่วนตำบล,เกษตรสุวรรณ,เกษตรสุวรรณ,บ่อทอง,ชลบุรี,"9,439.01",2567,สจป.9 ชลบุรี,องค์การบริหารส่วนตำบลเกษตรสุวรรณ,13.3151345,101.4571928,25,https://drive.google.com/file/d/1I7iwpCJhKZpyer7mtrDauNqe123l7x33/view?usp=drive_link,,
256,เทศบาลตำบล,ธาตุทอง,ธาตุทอง,บ่อทอง,ชลบุรี,494.81,2567,สจป.9 ชลบุรี,เทศบาลตำบลธาตุทอง,13.2973388,101.364007,25,https://drive.google.com/file/d/1pXjCCRQbhHcHACork3j6oGYMJFnPpX29/view?usp=drive_link,,
257,เทศบาลตำบล,บ่อกวางทอง,บ่อกวางทอง,บ่อทอง,ชลบุรี,13.66,2567,สจป.9 ชลบุรี,เทศบาลตำบลบ่อกวางทอง,13.3146847,101.32149,25,https://drive.google.com/file/d/1dzr91yrKmNbMyYgC2JPpvt5IXac2xoq9/view?usp=drive_link,,
258,องค์การบริหารส่วนตำบล,บ่อทอง,บ่อทอง,บ่อทอง,ชลบุรี,"9,407.15",2567,สจป.9 ชลบุรี,องค์การบริหารส่วนตำบลบ่อทอง,13.2408829,101.4875773,25,https://drive.google.com/file/d/1oW_daFhljnLwOogurR9RKo9wvwCGOhdm/view?usp=drive_link,,
259,องค์การบริหารส่วนตำบล,พลวงทอง,พลวงทอง,บ่อทอง,ชลบุรี,"22,438.32",2567,สจป.9 ชลบุรี,องค์การบริหารส่วนตำบลพลวงทอง,13.19630025,101.5780107,25,https://drive.google.com/file/d/1rPFKfM7cC7L69-Y2ybC-WZmPSDEYIBR1/view?usp=drive_link,,
260,องค์การบริหารส่วนตำบล,วัดสุวรรณ,วัดสุวรรณ,บ่อทอง,ชลบุรี,293.53,2567,สจป.9 ชลบุรี,องค์การบริหารส่วนตำบลวัดสุวรรณ,13.31003,101.3988,20,https://drive.google.com/file/d/1gp1clz-Q0x4et8gmS92EZkTm4N0rMLLX/view?usp=drive_link,,
261,เทศบาลตำบล,เขาไม้แก้ว,เขาไม้แก้ว,บางละมุง,ชลบุรี,"8,978.74",2549,สจป.9 ชลบุรี,เทศบาลตำบลเขาไม้แก้ว,12.94933082,101.038714,25,,https://drive.google.com/file/d/1bB1TGfO1VPLblHDgcdZ4uQ7D3grYiOnl/view?usp=drive_link,https://drive.google.com/file/d/18AYC7sYZE2Fd1OXTNYIyNfoTR0aPkYBb/view?usp=drive_link
262,เทศบาลตำบล,ตะเคียนเตี้ย,ตะเคียนเตี้ย,บางละมุง,ชลบุรี,"5,488.27",2550,สจป.9 ชลบุรี,เทศบาลตำบลตะเคียนเตี้ย,13.0159301,100.9694428,25,,https://drive.google.com/file/d/1XKSC0SsK55EsJpGvaoze8aBvtQd9sgbV/view?usp=drive_link,https://drive.google.com/file/d/1mmXscGwM8Za_qUYsOUAmw52n_CrgQsz8/view?usp=drive_link
263,เทศบาลตำบล,ห้วยใหญ่,บางละมุง,บางละมุง,ชลบุรี,"3,250.07",2550,สจป.9 ชลบุรี,เทศบาลตำบลห้วยใหญ่,12.8666763,100.9431745,0,,https://drive.google.com/file/d/1eEvw0m5FbjOX_ygkKQitnyfJphF7JpU3/view?usp=drive_link,https://drive.google.com/file/d/1KsGN1QRz4b1s12AUm6E-B9xBoKWKDw57/view?usp=drive_link
264,เทศบาลตำบล,โป่ง,โป่ง,บางละมุง,ชลบุรี,"2,467.64",2549,สจป.9 ชลบุรี,เทศบาลตำบลโป่ง,12.94824261,100.9747708,20,,https://drive.google.com/file/d/1DZSp3I8SrlLx29ro0uAdpSLDy7rPSEPI/view?usp=drive_link,https://drive.google.com/file/d/1w4kENd99v-hGDrieUf0_5K5rC7tOm4BT/view?usp=drive_link
265,องค์การบริหารส่วนตำบล,คลองกิ่ว,คลองกิ่ว,บ้านบึง,ชลบุรี,"2,946.95",2548,สจป.9 ชลบุรี,องค์การบริหารส่วนตำบลคลองกิ่ว,13.26437825,101.1344998,25,,https://drive.google.com/file/d/12qOvIGcWKXP_oYxMuO7eHxrw7aWafEQU/view?usp=drive_link,https://drive.google.com/file/d/18vaFQij60cMSpHFYEDIOyNMVTyQ0yH-2/view?usp=drive_link
266,เทศบาลตำบล,บ้านบึง,บ้านบึง,บ้านบึง,ชลบุรี,177.64,2548,สจป.9 ชลบุรี,เทศบาลตำบลบ้านบึง,13.27708633,101.1270948,0,,https://drive.google.com/file/d/1d9Ny4CLQko0JGIoVqbI4wTU1q946P-iO/view?usp=drive_link,https://drive.google.com/file/d/1A_UtZDJCGxQn7YEN5_5uJveYjwi4DdV9/view?usp=drive_link
267,เทศบาลตำบล,หนองซ้ำซาก,หนองซ้ำซาก,บ้านบึง,ชลบุรี,88.65,2549,สจป.9 ชลบุรี,เทศบาลตำบลหนองซ้ำซาก,13.3372462,101.0658808,25,,https://drive.google.com/file/d/1EYP95Xy8uNMx4f52dpTHqxtF8AXWRaCg/view?usp=drive_link,https://drive.google.com/file/d/1Wv3NHl3wsbKlGabH9XvtSJJ6iutLyDia/view?usp=drive_link
268,องค์การบริหารส่วนตำบล,หนองไผ่แก้ว,หนองไผ่แก้ว,บ้านบึง,ชลบุรี,731.23,2569,สจป.9 ชลบุรี,องค์การบริหารส่วนตำบลหนองไผ่แก้ว,13.1972472,101.2556414,20,https://drive.google.com/file/d/1hA0SXBIPpGtdDR3BpzDaxk2bP0yAe0oe/view?usp=drive_link,,
269,องค์การบริหารส่วนตำบล,หนองอิรุณ,หนองอิรุณ,บ้านบึง,ชลบุรี,"1,293.35",2548,สจป.9 ชลบุรี,องค์การบริหารส่วนตำบลหนองอิรุณ,13.278793,101.201119,25,,https://drive.google.com/file/d/1OYNzfQUaeIegY5khnnXJdSAIzno1mKOi/view?usp=drive_link,https://drive.google.com/file/d/1s62EiX0BUgs8-M3gap_uBe5BTocsWvM7/view?usp=drive_link
270,องค์การบริหารส่วนตำบล,สระสี่เหลี่ยม,สระสี่เหลี่ยม,พนัสนิคม,ชลบุรี,3.87,2550,สจป.9 ชลบุรี,องค์การบริหารส่วนตำบลสระสี่เหลี่ยม,13.56332561,101.2153298,0,,https://drive.google.com/file/d/1HMvWCw03WGM9CAEHY6RvorUWkNWmKPMV/view?usp=drive_link,https://drive.google.com/file/d/1IBiotK5f-uRcUou9GUCgMuykzYtvVADx/view?usp=drive_link
271,องค์การบริหารส่วนตำบล,หนองปรือ,หนองปรือ,พนัสนิคม,ชลบุรี,"1,696.01",2549,สจป.9 ชลบุรี,องค์การบริหารส่วนตำบลหนองปรือ,13.5057279,101.208078,0,,https://drive.google.com/file/d/1B766b3kHk9QdDnIHqVkL8JCrbjtl1UIU/view?usp=drive_link,https://drive.google.com/file/d/1-UXlY5-zOdQfBh2ETvPVhPZ_sH7VhHVw/view?usp=drive_link
272,องค์การบริหารส่วนตำบล,หนองเหียง,หนองเหียง,พนัสนิคม,ชลบุรี,86.06,2548,สจป.9 ชลบุรี,องค์การบริหารส่วนตำบลหนองเหียง,13.482467,101.252214,0,,https://drive.google.com/file/d/1lfY-J33iKHsXCyZw_ijH2_IBuHz-vV9a/view?usp=drive_link,https://drive.google.com/file/d/1kKVbEtnztlvnP63CcX9If6EIRXqGI9kV/view?usp=drive_link
273,เทศบาลตำบล,หัวถนน,หัวถนน,พนัสนิคม,ชลบุรี,3.53,2549,สจป.9 ชลบุรี,เทศบาลตำบลหัวถนน,13.5356677,101.2319496,0,,https://drive.google.com/file/d/1Ue_drFM4tGIYQr7zsjTKlnccmVbrESuC/view?usp=drive_link,https://drive.google.com/file/d/1rn3jrGkaYqRzaEzLHWmVuL_L04nPVtB2/view?usp=drive_link
274,องค์การบริหารส่วนตำบล,หนองข้างคอก,หนองข้างคอก,เมืองชลบุรี,ชลบุรี,118.04,2548,สจป.9 ชลบุรี,องค์การบริหารส่วนตำบลหนองข้างคอก,13.3197252,101.0001089,20,,https://drive.google.com/file/d/1-yWeV3SHtfK2U_lpSY1I6S2fm0cWiXfB/view?usp=drive_link,https://drive.google.com/file/d/17M5pRRdmpw4ulFgfbSph0XquLpBr_Bqh/view?usp=drive_link
275,เทศบาลตำบล,หนองรี,หนองรี,เมืองชลบุรี,ชลบุรี,316.58,2548,สจป.9 ชลบุรี,เทศบาลตำบลหนองรี,13.3431984,101.0484779,25,,https://drive.google.com/file/d/1RemvpPwGDDkGadkSCdEmzvfac_bdcjKA/view?usp=drive_link,https://drive.google.com/file/d/10foASSFmqhG0hN39-AySJH4lWWnzi2-Q/view?usp=drive_link
276,เทศบาลตำบล,เหมือง,เหมือง,เมืองชลบุรี,ชลบุรี,"2,268.03",2549,สจป.9 ชลบุรี,เทศบาลตำบลเหมือง,13.26836834,100.9682077,20,,https://drive.google.com/file/d/1PNvLbxugGfb5Nrb4LMmNEe0W-hqkAywR/view?usp=drive_link,https://drive.google.com/file/d/1QXU7GoQ_OApDL8ErPUg0_b2F14Ohj99M/view?usp=drive_link
277,เทศบาลเมือง,บางพระ,บางพระ,ศรีราชา,ชลบุรี,"2,600.95",2548,สจป.9 ชลบุรี,เทศบาลเมืองบางพระ,13.236636,100.983817,25,,https://drive.google.com/file/d/1YJP1pRS5GHxOBxCKBweOyIzUd4XebIne/view?usp=drive_link,https://drive.google.com/file/d/1XnvUG_-Zqfx1Ub0-Zn1v1EAKbTh1UEJl/view?usp=drive_link
278,องค์การบริหารส่วนตำบล,หนองขาม,หนองขาม,ศรีราชา,ชลบุรี,0,2548,สจป.9 ชลบุรี,องค์การบริหารส่วนตำบลหนองขาม,13.143464,101.024392,0,,https://drive.google.com/file/d/1i55kixsAwyktyUx23SeKurirkY86Zr34/view?usp=drive_link,https://drive.google.com/file/d/1VBkMcASOhj7E0HVHJx9pmrbYoa4thQT2/view?usp=drive_link
279,องค์การบริหารส่วนตำบล,เขาซก,เขาซก,หนองใหญ่,ชลบุรี,"9,800.36",2548,สจป.9 ชลบุรี,องค์การบริหารส่วนตำบลเขาซก,13.07811238,101.4016483,25,,https://drive.google.com/file/d/16oa_T2P9m4yp9C-2A7oDb05YVSqyJXaP/view?usp=drive_link,https://drive.google.com/file/d/1uUJnncWhGqOFkE2C6SISXCogro8t7h_Z/view?usp=drive_link
280,องค์การบริหารส่วนตำบล,คลองพลู,คลองพลู,หนองใหญ่,ชลบุรี,"9,350.48",2550,สจป.9 ชลบุรี,องค์การบริหารส่วนตำบลคลองพลู,13.110077,101.413723,25,,https://drive.google.com/file/d/1vd8Py4Dc0HYQXZOLcBbyaVrOkGhM6i1b/view?usp=drive_link,https://drive.google.com/file/d/1WBMrDVmtndrGT63w1P_ENZtlt_FPdLor/view?usp=drive_link
281,องค์การบริหารส่วนตำบล,หนองเสือช้าง,หนองเสือช้าง,หนองใหญ่,ชลบุรี,"3,585.67",2549,สจป.9 ชลบุรี,องค์การบริหารส่วนตำบลหนองเสือช้าง,13.1356783,101.3406771,25,,https://drive.google.com/file/d/1yLp0fiq7sI81wQcxscU46W4om-ywXPE8/view?usp=drive_link,https://drive.google.com/file/d/102uOKpZl7h3j92U5sgXasFPZotCAaflD/view?usp=drive_link
282,เทศบาลตำบล,หนองใหญ่,หนองใหญ่,หนองใหญ่,ชลบุรี,"4,919.26",2549,สจป.9 ชลบุรี,เทศบาลตำบลหนองใหญ่,13.147153,101.382919,25,,https://drive.google.com/file/d/1EIVZWvEYwtfoKwkMiyFPdmt8GZnT_L2f/view?usp=drive_link,https://drive.google.com/file/d/1nadZLoAR-1jbWB1qUUuUsEOInOf0xNEA/view?usp=drive_link
283,องค์การบริหารส่วนตำบล,ห้างสูง,ห้างสูง,หนองใหญ่,ชลบุรี,"1,618.62",2559,สจป.9 ชลบุรี,องค์การบริหารส่วนตำบลห้างสูง,13.239778,101.343083,20,https://drive.google.com/file/d/1Qr6aYLfNg3oCaVb7Ta_7DQUNF9Qyb7TT/view?usp=drive_link,,
284,องค์การบริหารส่วนตำบล,กะบกเตี้ย,กะบกเตี้ย,เนินขาม,ชัยนาท,"8,679.79",2554,สจป.5 สระบุรี,องค์การบริหารส่วนตำบลกะบกเตี้ย,15.023856,99.799783,25,https://drive.google.com/file/d/18YqWnB-y4jrbuNgde1S1gUS0s2IY4Lnd/view?usp=drive_link,,
285,เทศบาลตำบล,เนินขาม,เนินขาม,เนินขาม,ชัยนาท,"2,405.22",2554,สจป.5 สระบุรี,เทศบาลตำบลเนินขาม,14.95891165,99.91394749,25,https://drive.google.com/file/d/1n2JqenLBKd9CvNC9UbbXX241p9rapxA-/view?usp=drive_link,,
286,เทศบาลตำบล,วังตะเคียน,วังตะเคียน,หนองมะโมง,ชัยนาท,777.75,2550,สจป.5 สระบุรี,เทศบาลตำบลวังตะเคียน,15.27687834,99.86665741,25,,https://drive.google.com/file/d/1p6gawxKJAmr-C2lcDq7YMO4nZQG49bo6/view?usp=drive_link,
287,องค์การบริหารส่วนตำบล,สะพานหิน,สะพานหิน,หนองมะโมง,ชัยนาท,"5,341.76",2554,สจป.5 สระบุรี,องค์การบริหารส่วนตำบลสะพานหิน,15.2074152,99.8542748,25,https://drive.google.com/file/d/1suz3kova0v332OLX4BpfyqxZ1dBQBYpC/view?usp=drive_link,,
288,เทศบาลตำบล,หนองมะโมง,หนองมะโมง,หนองมะโมง,ชัยนาท,"5,792.85",2550,สจป.5 สระบุรี,เทศบาลตำบลหนองมะโมง,15.27886548,99.8679328,25,,https://drive.google.com/file/d/13y7IW8am0Hez72A7TyTEOybSN7rnINv_/view?usp=drive_link,https://drive.google.com/file/d/1wtPNMEf2KlKnMgxLqgMI7gq77TV_SZEK/view?usp=drive_link
289,องค์การบริหารส่วนตำบล,เด่นใหญ่,เด่นใหญ่,หันคา,ชัยนาท,181.52,2554,สจป.5 สระบุรี,องค์การบริหารส่วนตำบลเด่นใหญ่,15.031803,99.928967,0,https://drive.google.com/file/d/1yV2YBGynNcI8nOX8yDeyMurI9yxxyhTU/view?usp=drive_link,,
290,องค์การบริหารส่วนตำบล,ไพรนกยูง,ไพรนกยูง,หันคา,ชัยนาท,"9,774.72",2550,สจป.5 สระบุรี,องค์การบริหารส่วนตำบลไพรนกยูง,15.08535,99.88537,25,,https://drive.google.com/file/d/16q0QaLqTht6DcH1YfVty5NGcaQQPlwd7/view?usp=drive_link,https://drive.google.com/file/d/1JZzM0dY2rtvkp49wKu_fLGtifLDLUzHw/view?usp=drive_link
291,เทศบาลตำบล,บ้านเดื่อ,บ้านเดื่อ,เกษตรสมบูรณ์,ชัยภูมิ,"3,048.74",2555,สจป.8 นครราชสีมา,เทศบาลตำบลบ้านเดื่อ,16.125358,101.896814,50,https://drive.google.com/file/d/1wI4dqz0jbTOF-gWC1Tcjn4Cv-NUC9A85/view?usp=drive_link,,
292,องค์การบริหารส่วนตำบล,หนองโพนงาม,หนองโพนงาม,เกษตรสมบูรณ์,ชัยภูมิ,"35,280.36",2555,สจป.8 นครราชสีมา,องค์การบริหารส่วนตำบลหนองโพนงาม,16.4303694,101.9666254,55,https://drive.google.com/file/d/137YdbyWDwba54AS1Hbk9ZSCnPxbj8XQ_/view?usp=drive_link,,
293,องค์การบริหารส่วนตำบล,เก่าย่าดี,เก่าย่าดี,แก้งคร้อ,ชัยภูมิ,"14,590.37",2549,สจป.8 นครราชสีมา,องค์การบริหารส่วนตำบลเก่าย่าดี,16.05681741,102.0598514,50,,https://drive.google.com/file/d/1CEJhLGydXzgCjP7JJTWhqMl1JnxJv3Oh/view?usp=drive_link,https://drive.google.com/file/d/1Jgn3xHD0orU1Mo9fLDTtDT2YBkzxbCYj/view?usp=drive_link
294,องค์การบริหารส่วนตำบล,ท่ามะไฟหวาน,ท่ามะไฟหวาน,แก้งคร้อ,ชัยภูมิ,732.84,2555,สจป.8 นครราชสีมา,องค์การบริหารส่วนตำบลท่ามะไฟหวาน,16.10905016,102.0891452,0,https://drive.google.com/file/d/1kY4UV3glsBe9iAN4zPfMu50N2STjX25P/view?usp=drive_link,,
295,องค์การบริหารส่วนตำบล,ห้วยไร่,ห้วยไร่,คอนสวรรค์,ชัยภูมิ,"20,506.99",2550,สจป.8 นครราชสีมา,องค์การบริหารส่วนตำบลห้วยไร่,15.97168529,102.1866918,50,,https://drive.google.com/file/d/1hbxvN3otAEPNhIAFHyclmyLiemLqgC0-/view?usp=drive_link,https://drive.google.com/file/d/1lGQwn645iDCpatjHKM6jkBNVv-zgaByW/view?usp=drive_link
296,องค์การบริหารส่วนตำบล,ทุ่งนาเลา,ทุ่งนาเลา,คอนสาร,ชัยภูมิ,"3,691.73",2555,สจป.8 นครราชสีมา,องค์การบริหารส่วนตำบลทุ่งนาเลา,16.61102284,101.9024031,50,https://drive.google.com/file/d/1ANN3ZIZTWjFzl-kunI31GGdkalwsU_vx/view?usp=drive_link,,
297,องค์การบริหารส่วนตำบล,ทุ่งพระ,ทุ่งพระ,คอนสาร,ชัยภูมิ,"22,451.80",2555,สจป.8 นครราชสีมา,องค์การบริหารส่วนตำบลทุ่งพระ,16.62521279,101.851995,50,https://drive.google.com/file/d/1IchD2jQP7aSWqUpBhVrvsEkEPW1YtBl3/view?usp=drive_link,,
298,เทศบาลตำบล,ทุ่งลุยลาย,ทุ่งลุยลาย,คอนสาร,ชัยภูมิ,"50,297.42",2555,สจป.8 นครราชสีมา,เทศบาลตำบลทุ่งลุยลาย,15.81339576,102.1124268,50,https://drive.google.com/file/d/1DL5rYnyou0h2a53glIKiOB0L2_2Un-wD/view?usp=drive_link,,
299,เทศบาลตำบล,ห้วยยาง,ห้วยยาง,คอนสาร,ชัยภูมิ,"12,379.22",2550,สจป.8 นครราชสีมา,เทศบาลตำบลห้วยยาง,16.5517795,101.9076735,50,,https://drive.google.com/file/d/1lTJ-_0uI4aOxWxPt21AH4G6ARNR8yBiL/view?usp=drive_link,https://drive.google.com/file/d/1_Kn7axPgjA8R8RnSBssLvfVT7h6wgfU0/view?usp=drive_link
300,องค์การบริหารส่วนตำบล,บ้านกอก,บ้านกอก,จัตุรัส,ชัยภูมิ,73.39,2550,สจป.8 นครราชสีมา,องค์การบริหารส่วนตำบลบ้านกอก,15.54269663,101.8565735,0,,https://drive.google.com/file/d/1YZxn8qCeL_p3QKOaau2tMFYgawtPCOug/view?usp=drive_link,https://drive.google.com/file/d/1GSDE1F4TdJO4CKrEA_mkPPAoqQ95fb2e/view?usp=drive_link
301,องค์การบริหารส่วนตำบล,หนองบัวโคก,หนองบัวโคก,จัตุรัส,ชัยภูมิ,"2,191.56",2550,สจป.8 นครราชสีมา,องค์การบริหารส่วนตำบลหนองบัวโคก,15.46954241,101.8484855,5,,https://drive.google.com/file/d/1Bct8tlh3e_BMi_aO5jIW60rQL9i-ihAh/view?usp=drive_link,https://drive.google.com/file/d/1-YZAp-hmZQSHwtNlxP-THgBr3MB9T0vA/view?usp=drive_link
302,องค์การบริหารส่วนตำบล,ซับใหญ่,ซับใหญ่,ซับใหญ่,ชัยภูมิ,"20,151.13",2555,สจป.8 นครราชสีมา,องค์การบริหารส่วนตำบลซับใหญ่,15.644197,101.578903,50,https://drive.google.com/file/d/18pJornLX-lr3F5lMGMSDZC481dwCfeKf/view?usp=drive_link,,
303,องค์การบริหารส่วนตำบล,ท่ากูบ,ท่ากูบ,ซับใหญ่,ชัยภูมิ,"6,488.43",2550,สจป.8 นครราชสีมา,องค์การบริหารส่วนตำบลท่ากูบ,15.64551901,101.721382,50,,https://drive.google.com/file/d/1diHRJw_TOHbpNtVC_m6xrA0Qjr5KPEyK/view?usp=drive_link,https://drive.google.com/file/d/1zTDMMX4BDOK1fvLflBawdHOlb98nNAJ9/view?usp=drive_link
304,องค์การบริหารส่วนตำบล,นายางกลัก,นายางกลัก,เทพสถิต,ชัยภูมิ,"62,193.02",2555,สจป.8 นครราชสีมา,องค์การบริหารส่วนตำบลนายางกลัก,15.660919,101.497917,55,https://drive.google.com/file/d/1l6nUiH8aqFoKexLG9T6FSfiwxamkFaYJ/view?usp=drive_link,,
305,องค์การบริหารส่วนตำบล,บ้านไร่,บ้านไร่,เทพสถิต,ชัยภูมิ,"23,461.19",2555,สจป.8 นครราชสีมา,องค์การบริหารส่วนตำบลบ้านไร่,15.53875,101.41705,50,https://drive.google.com/file/d/10ypI9gAR5XgeBNPVyWavhg3DdiKqXXCS/view?usp=drive_link,,
306,องค์การบริหารส่วนตำบล,โป่งนก,โป่งนก,เทพสถิต,ชัยภูมิ,"33,516.01",2555,สจป.8 นครราชสีมา,องค์การบริหารส่วนตำบลโป่งนก,15.75921448,101.5377045,50,https://drive.google.com/file/d/1con9EM6XJkN2OfbH6_oW1Mt2zEkyoGu4/view?usp=drive_link,,
307,องค์การบริหารส่วนตำบล,วะตะแบก,วะตะแบก,เทพสถิต,ชัยภูมิ,"21,582.58",2555,สจป.8 นครราชสีมา,องค์การบริหารส่วนตำบลวะตะแบก,15.43145762,101.441545,50,https://drive.google.com/file/d/1GB0U1OuM47uv0nX8wub-9nP8evyvfiNf/view?usp=drive_link,,
308,องค์การบริหารส่วนตำบล,ห้วยยายจิ๋ว,ห้วยยายจิ๋ว,เทพสถิต,ชัยภูมิ,"8,588.14",2555,สจป.8 นครราชสีมา,องค์การบริหารส่วนตำบลห้วยยายจิ๋ว,15.50397248,101.5028572,50,https://drive.google.com/file/d/1rqP7coStbhDvgh9fKz1Qv1Lc3JK6XLge/view?usp=drive_link,,
309,องค์การบริหารส่วนตำบล,รังงาม,รังงาม,เนินสง่า,ชัยภูมิ,55.56,2550,สจป.8 นครราชสีมา,องค์การบริหารส่วนตำบลรังงาม,15.4852569,101.9610322,0,,https://drive.google.com/file/d/1WTSR_RVsxumqfsi6U9QnLWdcB5oigQyy/view?usp=drive_link,https://drive.google.com/file/d/1z80TYMiWXv1VYc5qBXz0-s7Hqs-OmpCS/view?usp=drive_link
310,องค์การบริหารส่วนตำบล,ชีบน,ชีบน,บ้านเขว้า,ชัยภูมิ,"23,890.23",2550,สจป.8 นครราชสีมา,องค์การบริหารส่วนตำบลชีบน,15.86834685,101.7357802,50,,https://drive.google.com/file/d/1zYTqACyQNfvydO9yucZRoberK93Yg1EB/view?usp=drive_link,https://drive.google.com/file/d/1TaAvQDw0oDcpg55KF5H3vHegpPxqtv-v/view?usp=drive_link
311,เทศบาลตำบล,ตลาดแร้ง,ตลาดแร้ง,บ้านเขว้า,ชัยภูมิ,"4,571.98",2555,สจป.8 นครราชสีมา,เทศบาลตำบลตลาดแร้ง,15.8132264,101.8593577,0,https://drive.google.com/file/d/1qKh2RqgKBHdtjx06eR5Gzo7FiIWaGNgn/view?usp=drive_link,,
312,องค์การบริหารส่วนตำบล,ภูแลนคา,ภูแลนคา,บ้านเขว้า,ชัยภูมิ,"9,411.12",2555,สจป.8 นครราชสีมา,องค์การบริหารส่วนตำบลภูแลนคา,15.91866082,101.7702627,50,https://drive.google.com/file/d/1VHYyWlZ7YeK_xHSbztCapToqVSaFdy_h/view?usp=drive_link,,
313,องค์การบริหารส่วนตำบล,สระพัง,สระพัง,บ้านแท่น,ชัยภูมิ,147.58,2556,สจป.8 นครราชสีมา,องค์การบริหารส่วนตำบลสระพัง,16.4127269,102.395121,45,,,
314,องค์การบริหารส่วนตำบล,สามสวน,สามสวน,บ้านแท่น,ชัยภูมิ,"8,561.67",2555,สจป.8 นครราชสีมา,องค์การบริหารส่วนตำบลสามสวน,16.4169632,102.2724561,50,https://drive.google.com/file/d/1GWjvpTCBdILVxnSIqYxObr7s-EvKliFy/view?usp=drive_link,,
315,องค์การบริหารส่วนตำบล,หนองคู,หนองคู,บ้านแท่น,ชัยภูมิ,512.57,2555,สจป.8 นครราชสีมา,องค์การบริหารส่วนตำบลหนองคู,16.31083116,102.370069,45,https://drive.google.com/file/d/1nmVbFiFkHP7W5gs8e-J2gj0uHPvPIiCW/view?usp=drive_link,,
316,องค์การบริหารส่วนตำบล,โคกเพชรพัฒนา,โคกเพชรพัฒนา,บำเหน็จณรงค์,ชัยภูมิ,"9,990.00",2555,สจป.8 นครราชสีมา,องค์การบริหารส่วนตำบลโคกเพชรพัฒนา,15.461958,101.573119,50,https://drive.google.com/file/d/1bFY5JHC_HWIDctUq0qDrWpFj20LdiZVZ/view?usp=drive_link,https://drive.google.com/file/d/17nFOmEJGUg2eN8xFHOyUpMolPSNYjCpl/view?usp=drive_link,
317,องค์การบริหารส่วนตำบล,โคกเริงรมย์,โคกเริงรมย์,บำเหน็จณรงค์,ชัยภูมิ,48.21,2549,สจป.8 นครราชสีมา,องค์การบริหารส่วนตำบลโคกเริงรมย์,15.401406,101.6023,0,,,https://drive.google.com/file/d/19j9Ltp-OalnkEATGDRRgn4JloaK3l2vh/view?usp=drive_link
318,องค์การบริหารส่วนตำบล,บ้านชวน,บ้านชวน,บำเหน็จณรงค์,ชัยภูมิ,"2,165.38",2549,สจป.8 นครราชสีมา,องค์การบริหารส่วนตำบลบ้านชวน,15.53247358,101.6594043,50,,https://drive.google.com/file/d/13YWyXqjz5pOLqEM9g56r52e4N40_lqSM/view?usp=drive_link,https://drive.google.com/file/d/11Z21T_ywslQRwy9htF5XzMTvKFVN_ExC/view?usp=drive_link
319,เทศบาลตำบล,ธาตุทอง,ธาตุทอง,ภูเขียว,ชัยภูมิ,"26,012.93",2550,สจป.8 นครราชสีมา,เทศบาลตำบลธาตุทอง,16.1994366,102.1781489,55,,https://drive.google.com/file/d/1764KfkvdL-Dvlf1rVpfkb2uUcyKg8ewx/view?usp=drive_link,https://drive.google.com/file/d/1QdKmrTLad7eNcjRQ4m-S_OKkjtP5FS5A/view?usp=drive_link
320,เทศบาลตำบล,โคกสูง,โคกสูง,เมืองชัยภูมิ,ชัยภูมิ,0,2555,สจป.8 นครราชสีมา,เทศบาลตำบลโคกสูง,15.8348393,101.9721705,0,https://drive.google.com/file/d/1JTj7m3Kod1w9cpRgKbh3ReOo6T61nmuI/view?usp=drive_link,,
321,องค์การบริหารส่วนตำบล,ซับสีทอง,ซับสีทอง,เมืองชัยภูมิ,ชัยภูมิ,"84,342.40",2555,สจป.8 นครราชสีมา,องค์การบริหารส่วนตำบลซับสีทอง,16.101747,102.054426,55,https://drive.google.com/file/d/1SeBmParn2HlKb4zwiaZ18KQ1S8y6Mv3J/view?usp=drive_link,,
322,องค์การบริหารส่วนตำบล,ท่าหินโงม,ท่าหินโงม,เมืองชัยภูมิ,ชัยภูมิ,"20,500.24",2549,สจป.8 นครราชสีมา,องค์การบริหารส่วนตำบลท่าหินโงม,16.057969,102.033056,50,,https://drive.google.com/file/d/12uW0Mh9Hm6ZdXCLEdEfMFxz6tb68P11y/view?usp=drive_link,https://drive.google.com/file/d/19peP3p1GKvdRS1VlPMo_WeJfh8Z12eG4/view?usp=drive_link
323,องค์การบริหารส่วนตำบล,นาฝาย,นาฝาย,เมืองชัยภูมิ,ชัยภูมิ,"10,015.40",2550,สจป.8 นครราชสีมา,องค์การบริหารส่วนตำบลนาฝาย,15.8769442,102.0153747,50,,https://drive.google.com/file/d/18yFLRnUgaAZTK9BLCiDlL1UiEyzgGtZ9/view?usp=drive_link,https://drive.google.com/file/d/142tIeJZbzqEabRupU1bgnHjpM0yixkAP/view?usp=drive_link
324,องค์การบริหารส่วนตำบล,นาเสียว,นาเสียว,เมืองชัยภูมิ,ชัยภูมิ,"4,473.08",2549,สจป.8 นครราชสีมา,องค์การบริหารส่วนตำบลนาเสียว,15.915439,102.107783,50,,https://drive.google.com/file/d/1DVvpJ36QIHgfaYOla9tIrRaeyUr0Z77y/view?usp=drive_link,https://drive.google.com/file/d/16B0lbHlh8RMW_5xsDRmVpeuLp5MeXil0/view?usp=drive_link
325,องค์การบริหารส่วนตำบล,โพนทอง,โพนทอง,เมืองชัยภูมิ,ชัยภูมิ,"1,769.28",2555,สจป.8 นครราชสีมา,องค์การบริหารส่วนตำบลโพนทอง,15.8266038,102.0703306,50,https://drive.google.com/file/d/1i8j4rdR4LL2AhctTDb67XD49DTn2_xjy/view?usp=drive_link,,
326,องค์การบริหารส่วนตำบล,ห้วยต้อน,ห้วยต้อน,เมืองชัยภูมิ,ชัยภูมิ,"4,940.74",2555,สจป.8 นครราชสีมา,องค์การบริหารส่วนตำบลห้วยต้อน,15.944302,101.898756,50,https://drive.google.com/file/d/1AGlsoRaOc3Vmb6p5XeicR16a0L_gZWmn/view?usp=drive_link,,
327,องค์การบริหารส่วนตำบล,กุดชุมแสง,กุดชุมแสง,หนองบัวแดง,ชัยภูมิ,"2,574.53",2550,สจป.8 นครราชสีมา,องค์การบริหารส่วนตำบลกุดชุมแสง,16.0322448,101.8099142,50,,https://drive.google.com/file/d/19W3DU7XCDdNqCHMD2nN927PcSmC3OLSE/view?usp=drive_link,https://drive.google.com/file/d/1KTrsTAgwYp-UJ_bc7LH8eab2bc1aa-Iy/view?usp=drive_link
328,เทศบาลตำบล,โคกสะอาด,โคกสะอาด,หนองบัวระเหว,ชัยภูมิ,"19,581.13",2555,สจป.8 นครราชสีมา,เทศบาลตำบลโคกสะอาด,15.777811,101.700553,50,https://drive.google.com/file/d/1EoC6z1hhGDP5Z2nK0f6t5l6C7eoXvIfp/view?usp=drive_link,,
329,เทศบาลตำบล,วังตะเฆ่,วังตะเฆ่,หนองบัวระเหว,ชัยภูมิ,"57,536.01",2555,สจป.8 นครราชสีมา,เทศบาลตำบลวังตะเฆ่,15.82068352,101.5464002,55,https://drive.google.com/file/d/1ckJnmfLs1GOj-YjKYr9lqMuPNWGac_9w/view?usp=drive_link,,
330,เทศบาลตำบล,ห้วยแย้,ห้วยแย้,หนองบัวระเหว,ชัยภูมิ,"17,926.97",2549,สจป.8 นครราชสีมา,เทศบาลตำบลห้วยแย้,15.93359987,101.6379547,50,,https://drive.google.com/file/d/1Tu5pao11nGDfOPHmMJlA_KLNPB_5dSg_/view?usp=drive_link,https://drive.google.com/file/d/1nlVuy5GNJ4iIujKMk2BsHzE-wHkSJJzZ/view?usp=drive_link
331,องค์การบริหารส่วนตำบล,คุริง,คุริง,ท่าแซะ,ชุมพร,"4,256.95",2548,สจป.11 สุราษฎร์ธานี,องค์การบริหารส่วนตำบลคุริง,10.71657908,99.1613853,0,,https://drive.google.com/file/d/1FpPRCrMEHEHF_uKRp3VfeTgArA212VyF/view?usp=drive_link,https://drive.google.com/file/d/11bRkMDz5dyH9lpTyycZQa_nBAZ029QuH/view?usp=drive_link
332,องค์การบริหารส่วนตำบล,ทรัพย์อนันต์,ทรัพย์อนันต์,ท่าแซะ,ชุมพร,162.66,2549,สจป.11 สุราษฎร์ธานี,องค์การบริหารส่วนตำบลทรัพย์อนันต์,10.71026794,99.18761488,0,,https://drive.google.com/file/d/13x2JGnOrISVX787N1V50D9_05Bb9zSCW/view?usp=drive_link,https://drive.google.com/file/d/1N5keaFQK4cjSn1RW_xS7hGRDB7XgKP2h/view?usp=drive_link
333,องค์การบริหารส่วนตำบล,ท่าข้าม,ท่าข้าม,ท่าแซะ,ชุมพร,860.53,2548,สจป.11 สุราษฎร์ธานี,องค์การบริหารส่วนตำบลท่าข้าม,10.6203998,99.1283266,0,,https://drive.google.com/file/d/1q8l22EGpTbuxBg7nMs3A-bYYl6T5xDPJ/view?usp=drive_link,https://drive.google.com/file/d/1JXkn2rtY_ZFvlvkK9JwXhqs7UMepkFID/view?usp=drive_link
334,องค์การบริหารส่วนตำบล,ท่าแซะ,ท่าแซะ,ท่าแซะ,ชุมพร,53.3,2548,สจป.11 สุราษฎร์ธานี,องค์การบริหารส่วนตำบลท่าแซะ,10.6446161,99.1834916,0,,https://drive.google.com/file/d/1mZKN3UGiwN-lPurFig3KwmCNZVLkCHrD/view?usp=drive_link,https://drive.google.com/file/d/1FQNuxvsRlqpQDy7ASSvaF8TNU3M-60US/view?usp=drive_link
335,องค์การบริหารส่วนตำบล,รับร่อ,รับร่อ,ท่าแซะ,ชุมพร,"100,510.49",2555,สจป.11 สุราษฎร์ธานี,องค์การบริหารส่วนตำบลรับร่อ,10.6185258,99.1072551,50,https://drive.google.com/file/d/1CiKQEFwGlOrRUkBcuHoFDNP6xxh4AlRS/view?usp=drive_link,,
336,องค์การบริหารส่วนตำบล,สลุย,สลุย,ท่าแซะ,ชุมพร,"31,030.65",2555,สจป.11 สุราษฎร์ธานี,องค์การบริหารส่วนตำบลสลุย,10.82785535,99.21339869,5,https://drive.google.com/file/d/1HUUV1gSWbQhI-9sucdZudfUkL0tUcF9_/view?usp=drive_link,,
337,องค์การบริหารส่วนตำบล,สองพี่น้อง,สองพี่น้อง,ท่าแซะ,ชุมพร,"14,315.03",2555,สจป.11 สุราษฎร์ธานี,องค์การบริหารส่วนตำบลสองพี่น้อง,10.8915726,99.2521168,50,https://drive.google.com/file/d/1-SmQ6pyeCkfubl6d7kXHUyhHESThAMqO/view?usp=drive_link,,
338,องค์การบริหารส่วนตำบล,หงษ์เจริญ,หงษ์เจริญ,ท่าแซะ,ชุมพร,"25,455.85",2548,สจป.11 สุราษฎร์ธานี,องค์การบริหารส่วนตำบลหงษ์เจริญ,10.779861,99.190964,5,,https://drive.google.com/file/d/18QHqz4JhIW4I4ANqW2F-KYYezT7YuLsT/view?usp=drive_link,
339,องค์การบริหารส่วนตำบล,หินแก้ว,หินแก้ว,ท่าแซะ,ชุมพร,"15,413.55",2548,สจป.11 สุราษฎร์ธานี,องค์การบริหารส่วนตำบลหินแก้ว,10.60306578,99.05915558,45,,https://drive.google.com/file/d/1KJMxXUDeqcPAOKs3R82mycOaGApCQmwq/view?usp=drive_link,
340,องค์การบริหารส่วนตำบล,ช่องไม้แก้ว,ช่องไม้แก้ว,ทุ่งตะโก,ชุมพร,"28,861.35",2549,สจป.11 สุราษฎร์ธานี,องค์การบริหารส่วนตำบลช่องไม้แก้ว,10.09051832,99.06234071,5,,https://drive.google.com/file/d/1_7-p-bVPscORwmC-igLLVRyu3SxerqeF/view?usp=drive_link,https://drive.google.com/file/d/1vEdmUXU-f_Agvf54-7xkuH4aLmtSMuL4/view?usp=drive_link
341,องค์การบริหารส่วนตำบล,ตะโก,ตะโก,ทุ่งตะโก,ชุมพร,"20,521.25",2549,สจป.11 สุราษฎร์ธานี,องค์การบริหารส่วนตำบลตะโก,10.06443222,99.06796262,0,,https://drive.google.com/file/d/15EeTIwLEdCg0ZZCvRLp94tlmKzdEYI2Y/view?usp=drive_link,https://drive.google.com/file/d/1YZ62SAkHtpEXX2xKLPD4Og2vzblNvRhz/view?usp=drive_link
342,เทศบาลตำบล,ทุ่งตะไคร,ทุ่งตะไคร,ทุ่งตะโก,ชุมพร,59.73,2548,สจป.11 สุราษฎร์ธานี,เทศบาลตำบลทุ่งตะไคร,10.136486,99.073719,0,,https://drive.google.com/file/d/1VzY4PWtKmX_PE3vOBdZ_mGV09CrJl4ds/view?usp=drive_link,https://drive.google.com/file/d/1J-cBhspblJMv6bbs8joc8hMTIL91oTVz/view?usp=drive_link
343,เทศบาลตำบล,ปากตะโก,ปากตะโก,ทุ่งตะโก,ชุมพร,0,2548,สจป.11 สุราษฎร์ธานี,เทศบาลตำบลปากตะโก,10.100836,99.137692,0,,https://drive.google.com/file/d/1Zxa7NyaKoBBoiVED8Atn5D4C2ixbxISN/view?usp=drive_link,https://drive.google.com/file/d/1kYA54dp-RMIrQ2R7L1NxOjp0PZj1JFP2/view?usp=drive_link
344,องค์การบริหารส่วนตำบล,เขาไชยราช,เขาไชยราช,ปะทิว,ชุมพร,"14,618.55",2548,สจป.11 สุราษฎร์ธานี,องค์การบริหารส่วนตำบลเขาไชยราช,10.944552,99.29771125,5,,https://drive.google.com/file/d/1uJBbUc5x4Y3twfS5JMSaIDDT_AG-awiA/view?usp=drive_link,https://drive.google.com/file/d/1SNUomi3nTlf93ndU5aulOf4hemRwLqi1/view?usp=drive_link
345,เทศบาลตำบล,ชุมโค,ชุมโค,ปะทิว,ชุมพร,"29,976.28",2555,สจป.11 สุราษฎร์ธานี,เทศบาลตำบลชุมโค,10.7765677,99.3720801,5,https://drive.google.com/file/d/1wuucnWLQb99YwqdUCO3GQwOMU7dVZebZ/view?usp=drive_link,,
346,องค์การบริหารส่วนตำบล,ดอนยาง,ดอนยาง,ปะทิว,ชุมพร,"23,075.91",2548,สจป.11 สุราษฎร์ธานี,องค์การบริหารส่วนตำบลดอนยาง,10.871139,99.398042,5,,https://drive.google.com/file/d/1TP7GP0UUWSAkVrbenDhDIo3kRsfwwW9Q/view?usp=drive_link,https://drive.google.com/file/d/1xxiQcX-epg8wVqIOGDG25Nnp8Q26nJHn/view?usp=drive_link
347,เทศบาลตำบล,ทะเลทรัพย์,ทะเลทรัพย์,ปะทิว,ชุมพร,"15,958.08",2555,สจป.11 สุราษฎร์ธานี,เทศบาลตำบลทะเลทรัพย์,10.71395418,99.24930811,5,https://drive.google.com/file/d/1KBvMKicIO87TrdSyy-IGaTc01kv5BxZO/view?usp=drive_link,,
348,เทศบาลตำบล,บางสน,บางสน,ปะทิว,ชุมพร,203.72,2555,สจป.11 สุราษฎร์ธานี,เทศบาลตำบลบางสน,10.677933,99.315475,0,https://drive.google.com/file/d/1JwfyTh0ojcEyXn5-YKqUWDO12eo8mV39/view?usp=drive_link,,
349,องค์การบริหารส่วนตำบล,ปากคลอง,ปากคลอง,ปะทิว,ชุมพร,"6,131.58",2555,สจป.11 สุราษฎร์ธานี,องค์การบริหารส่วนตำบลปากคลอง,10.900606,99.426603,5,https://drive.google.com/file/d/1HCxIOL-zqih4YsjlH1fxsv4fBVRUxTVh/view?usp=drive_link,,
350,องค์การบริหารส่วนตำบล,ปังหวาน,ปังหวาน,พะโต๊ะ,ชุมพร,"11,518.32",2555,สจป.11 สุราษฎร์ธานี,องค์การบริหารส่วนตำบลปังหวาน,9.910495,98.922856,0,https://drive.google.com/file/d/1H3wn2EwmuGqTC-HFeVHpAJss70qHxGak/view?usp=drive_link,,
351,องค์การบริหารส่วนตำบล,ปากทรง,ปากทรง,พะโต๊ะ,ชุมพร,"33,095.10",2549,สจป.11 สุราษฎร์ธานี,องค์การบริหารส่วนตำบลปากทรง,9.774814,98.693544,0,https://drive.google.com/file/d/13AVvsNk9PSAUXWr1VxJl8lZ9C-0T1iSY/view?usp=drive_link,https://drive.google.com/file/d/1G5PLSddWM3mOhtBhhl1c-EfVWoCTJAqa/view?usp=drive_link,https://drive.google.com/file/d/1CWeAWk4KNZSzXQwNgasAHoACbFG2uQLJ/view?usp=drive_link
352,องค์การบริหารส่วนตำบล,พระรักษ์,พระรักษ์,พะโต๊ะ,ชุมพร,"10,460.45",2549,สจป.11 สุราษฎร์ธานี,องค์การบริหารส่วนตำบลพระรักษ์,9.889039981,98.90057378,0,https://drive.google.com/file/d/13AVvsNk9PSAUXWr1VxJl8lZ9C-0T1iSY/view?usp=drive_link,,
353,องค์การบริหารส่วนตำบล,พะโต๊ะ,พะโต๊ะ,พะโต๊ะ,ชุมพร,137.67,2549,สจป.11 สุราษฎร์ธานี,องค์การบริหารส่วนตำบลพะโต๊ะ,9.8172869,98.78983498,50,,https://drive.google.com/file/d/12qxHt6EkxXCMujUJN1EOL0wiSWqSYKXw/view?usp=drive_link,
354,เทศบาลเมือง,ท่ายาง,ท่ายาง,เมืองชุมพร,ชุมพร,"2,376.45",2548,สจป.11 สุราษฎร์ธานี,เทศบาลเมืองท่ายาง,10.469831,99.213697,0,,https://drive.google.com/file/d/1fXA8RZ94hnER54PenbSAf8x2YJmzfSM7/view?usp=drive_link,https://drive.google.com/file/d/1R3vr9jj7R2y1npb7eL3pCTgO7cS3xx3O/view?usp=drive_link
355,องค์การบริหารส่วนตำบล,ทุ่งคา,ทุ่งคา,เมืองชุมพร,ชุมพร,759,2548,สจป.11 สุราษฎร์ธานี,องค์การบริหารส่วนตำบลทุ่งคา,10.396667,99.130125,0,,https://drive.google.com/file/d/1wrdmMsvRS0BowWOn4eXRZh-mOZ1hs8xy/view?usp=drive_link,https://drive.google.com/file/d/15238lRiNlPV9qAaCwCWOHT02Np5TtyGQ/view?usp=drive_link
356,เทศบาลตำบล,นาชะอัง,นาชะอัง,เมืองชุมพร,ชุมพร,"1,627.02",2548,สจป.11 สุราษฎร์ธานี,เทศบาลตำบลนาชะอัง,10.5117845,99.2355066,0,,https://drive.google.com/file/d/1wRW-8gQjdLHqSHF_SA7nh_ZSQNkpssTj/view?usp=drive_link,https://drive.google.com/file/d/1JENmtkWSiBtDBgoytcpGo4HblH2DVvmN/view?usp=drive_link
357,องค์การบริหารส่วนตำบล,นาทุ่ง,นาทุ่ง,เมืองชุมพร,ชุมพร,"3,274.99",2548,สจป.11 สุราษฎร์ธานี,องค์การบริหารส่วนตำบลนาทุ่ง,10.497936,99.232164,0,,https://drive.google.com/file/d/1ixBq9EM3DG4aoA4KjJqHOCar1RzY1Drl/view?usp=sharing,https://drive.google.com/file/d/1703TbCBLXJxpD0kznz9GuU_jkkx_ef6J/view?usp=drive_link
358,เทศบาลตำบล,บางหมาก,บางหมาก,เมืองชุมพร,ชุมพร,"1,476.58",2548,สจป.11 สุราษฎร์ธานี,เทศบาลตำบลบางหมาก,10.4249054,99.200554,0,,https://drive.google.com/file/d/1pogcQ6xuLkgdv3NxNMYJVcwq5VbeRX9c/view?usp=drive_link,https://drive.google.com/file/d/1LWb2rXQUj94SO7vIMvJcIGKrJQP3TBpQ/view?usp=drive_link
359,องค์การบริหารส่วนตำบล,บ้านนา,บ้านนา,เมืองชุมพร,ชุมพร,"34,864.56",2549,สจป.11 สุราษฎร์ธานี,องค์การบริหารส่วนตำบลบ้านนา,10.48635603,99.07591403,50,,https://drive.google.com/file/d/1xzacOzwsBokL63QIpvSLhK91IAwXSfge/view?usp=drive_link,https://drive.google.com/file/d/167ywiGHKTDpN256ua2fz6n06B9VljdL8/view?usp=drive_link
360,เทศบาลตำบล,ปากน้ำ,ปากน้ำ,เมืองชุมพร,ชุมพร,417.17,2548,สจป.11 สุราษฎร์ธานี,เทศบาลตำบลปากน้ำ,10.4434438,99.249344,0,,https://drive.google.com/file/d/1pzPeOngkRHHX31YIU7-qNv12FXnYyK13/view?usp=drive_link,https://drive.google.com/file/d/1HrTVFevJsVuR-PqdsihpkxWJBDvyWv1J/view?usp=drive_link
361,เทศบาลตำบล,วังใหม่,วังใหม่,เมืองชุมพร,ชุมพร,"26,468.95",2549,สจป.11 สุราษฎร์ธานี,เทศบาลตำบลวังใหม่,10.504258,98.985269,0,,https://drive.google.com/file/d/1evLJGVc8kGiUJdiCH6UwoA87poOfPjvl/view?usp=drive_link,https://drive.google.com/file/d/1OgFPShKIU5yWNeE03WnW4RTZjFQ1g3F8/view?usp=drive_link
362,องค์การบริหารส่วนตำบล,วิสัยเหนือ,วิสัยเหนือ,เมืองชุมพร,ชุมพร,"3,775.44",2548,สจป.11 สุราษฎร์ธานี,องค์การบริหารส่วนตำบลวิสัยเหนือ,10.353236,99.094633,0,,https://drive.google.com/file/d/1CVi6wkVZCCL8SHce389JOAlgiEmChtt4/view?usp=drive_link,https://drive.google.com/file/d/1rwYNdsJODvTc6tdvToGORXRKjYxufUA3/view?usp=drive_link
363,องค์การบริหารส่วนตำบล,หาดพันไกร,หาดพันไกร,เมืองชุมพร,ชุมพร,653.64,2548,สจป.11 สุราษฎร์ธานี,องค์การบริหารส่วนตำบลหาดพันไกร,10.550142,99.145217,0,,https://drive.google.com/file/d/1DthRUPMkm5xDNId8Ty7CYvgukDqzM_AP/view?usp=drive_link,https://drive.google.com/file/d/1eDeoqsYibAiehkXvpUsgwicGzuCZym1L/view?usp=drive_link
364,องค์การบริหารส่วนตำบล,ทุ่งคาวัด,ทุ่งคาวัด,ละแม,ชุมพร,"6,073.52",2548,สจป.11 สุราษฎร์ธานี,องค์การบริหารส่วนตำบลทุ่งคาวัด,9.741089,99.026361,5,,https://drive.google.com/file/d/1eUW8-8GeTUrNPeAAdgBQbFr1GbEDn_D2/view?usp=drive_link,https://drive.google.com/file/d/12e7h3v0LivQjbRi_k6cMD2p2GSDPo8sw/view?usp=drive_link
365,องค์การบริหารส่วนตำบล,ทุ่งหลวง,ทุ่งหลวง,ละแม,ชุมพร,"10,925.00",2548,สจป.11 สุราษฎร์ธานี,องค์การบริหารส่วนตำบลทุ่งหลวง,9.795119227,99.04336307,5,,https://drive.google.com/file/d/1Cgf3ek4dkAZxSn3_n7AuDGMdzNg1XvV9/view?usp=drive_link,https://drive.google.com/file/d/15vNUf6KG9R_ZuzCT0t9CLLl9hgP6bR26/view?usp=drive_link
366,องค์การบริหารส่วนตำบล,ละแม,ละแม,ละแม,ชุมพร,"11,606.26",2548,สจป.11 สุราษฎร์ธานี,องค์การบริหารส่วนตำบลละแม,9.7641659,99.0857797,5,,https://drive.google.com/file/d/1SVWvaoj1Jwx5pKe8nXtbhZt9KRFkjfFC/view?usp=drive_link,https://drive.google.com/file/d/122FZU5KMskh-Z6BtUf7nzcmalC0w-yQx/view?usp=drive_link
367,องค์การบริหารส่วนตำบล,นาขา,นาขา,หลังสวน,ชุมพร,"6,832.65",2555,สจป.11 สุราษฎร์ธานี,องค์การบริหารส่วนตำบลนาขา,10.01197,99.0836428,5,https://drive.google.com/file/d/1gZzdg230oCxHsaEKuV0fPEVcuVDXeCOJ/view?usp=drive_link,,
368,องค์การบริหารส่วนตำบล,นาพญา,นาพญา,หลังสวน,ชุมพร,"5,950.74",2548,สจป.11 สุราษฎร์ธานี,องค์การบริหารส่วนตำบลนาพญา,9.873786,99.104831,0,,https://drive.google.com/file/d/1siaOpc3DIZ6owzpGabeLbA_rGFLJInRa/view?usp=drive_link,https://drive.google.com/file/d/117BQLjFynqJhnRyabx6KX3MWaa_HHL8b/view?usp=drive_link
369,องค์การบริหารส่วนตำบล,บางน้ำจืด,บางน้ำจืด,หลังสวน,ชุมพร,"2,085.13",2555,สจป.11 สุราษฎร์ธานี,องค์การบริหารส่วนตำบลบางน้ำจืด,10.006964,99.154403,0,https://drive.google.com/file/d/12o1J-xGyRSRrv7nDCyzm8crG1k4u-MRc/view?usp=drive_link,,
370,เทศบาลตำบล,วังตะกอ,วังตะกอ,หลังสวน,ชุมพร,"6,087.79",2555,สจป.11 สุราษฎร์ธานี,เทศบาลตำบลวังตะกอ,9.981953242,99.06475067,5,https://drive.google.com/file/d/1-FSQcD4C11T3aehc5tZ7K_r2g9Vwhnwo/view?usp=drive_link,,
371,องค์การบริหารส่วนตำบล,หาดยาย,หาดยาย,หลังสวน,ชุมพร,"15,128.07",2555,สจป.11 สุราษฎร์ธานี,องค์การบริหารส่วนตำบลหาดยาย,9.9084641,99.0169635,5,https://drive.google.com/file/d/16WcXZjxLuwEkwtL9Yz2Vld6HsGIRAXIm/view?usp=drive_link,,
372,องค์การบริหารส่วนตำบล,ต้า,ต้า,ขุนตาล,เชียงราย,"13,918.86",2548,สจป.2 เชียงราย,องค์การบริหารส่วนตำบลต้า,19.7988541,100.2374512,50,,https://drive.google.com/file/d/1V8_CvXV6H4QolzW_2zexcuwK9FQXveS9/view?usp=drive_link,https://drive.google.com/file/d/1Qs9T3ODtS_9ZUK_EPlKiAoXTCQ8XfBtM/view?usp=drive_link
373,เทศบาลตำบล,ป่าตาล,ป่าตาล,ขุนตาล,เชียงราย,"15,930.88",2566,สจป.2 เชียงราย,เทศบาลตำบลป่าตาล,19.833253,100.257017,55,,,
374,เทศบาลตำบล,ยางฮอม,ยางฮอม,ขุนตาล,เชียงราย,"32,167.76",2548,สจป.2 เชียงราย,เทศบาลตำบลยางฮอม,19.9224637,100.3056197,55,,https://drive.google.com/file/d/1Xnky9iAn6HVzTZW-2aii2pmB5vYC02X7/view?usp=drive_link,https://drive.google.com/file/d/1y6jgOIk2go6mhmu0bT5CswiYzieYZW2I/view?usp=drive_link
375,เทศบาลตำบล,ครึ่ง,ครึ่ง,เชียงของ,เชียงราย,"36,351.67",2548,สจป.2 เชียงราย,เทศบาลตำบลครึ่ง,20.0347965,100.3785631,50,,https://drive.google.com/file/d/1htl2Vi2exBmcsd-0Sr6hZzvhS1ZqXuBC/view?usp=drive_link,https://drive.google.com/file/d/1eB3hQBGzOckPjYFD-Y3vJlsCWonoifVJ/view?usp=drive_link
376,เทศบาลตำบล,บุญเรือง,บุญเรือง,เชียงของ,เชียงราย,"19,038.18",2566,สจป.2 เชียงราย,เทศบาลตำบลบุญเรือง,19.990322,100.332389,50,,,
377,องค์การบริหารส่วนตำบล,ริมโขง,ริมโขง,เชียงของ,เชียงราย,"37,465.39",2548,สจป.2 เชียงราย,องค์การบริหารส่วนตำบลริมโขง,20.3727909,100.3527084,55,,https://drive.google.com/file/d/1yJlB2_YHe8z47r2Ae9rm5PozHE7zY6yj/view?usp=drive_link,https://drive.google.com/file/d/1-FuGgsItRj0xes7wyeOnUB-8GtMObIXE/view?usp=drive_link
378,เทศบาลตำบล,เวียง,เวียง,เชียงของ,เชียงราย,"44,692.61",2550,สจป.2 เชียงราย,เทศบาลตำบลเวียง,19.95689163,100.3692055,55,,https://drive.google.com/file/d/1Ck5kjcsGYVjCteeFFTVHzwCAmuVUE39z/view?usp=drive_link,https://drive.google.com/file/d/1SqF4GvLpYNb1DBIc2iH8jF0tmRruK0Wx/view?usp=drive_link
379,เทศบาลตำบล,ศรีดอนชัย,ศรีดอนชัย,เชียงของ,เชียงราย,"32,381.69",2554,สจป.2 เชียงราย,เทศบาลตำบลศรีดอนชัย,20.140014,100.414828,50,https://drive.google.com/file/d/1erRS9zqCaL-AIo3TV9aXDMII8ij8-_uQ/view?usp=drive_link,,https://drive.google.com/file/d/1ZBPennXMwm4XpGOMQ5SO2XZpGgVKJ0Ya/view?usp=drive_link
380,เทศบาลตำบล,สถาน,สถาน,เชียงของ,เชียงราย,"19,201.91",2550,สจป.2 เชียงราย,เทศบาลตำบลสถาน,20.216436,100.379339,50,,https://drive.google.com/file/d/1g0htADcLIaQmWDE38b4UD4rTVWAjE6J7/view?usp=drive_link,https://drive.google.com/file/d/10JF5TOmnVsmJEsw6AMxRaLmSjccYJW-W/view?usp=drive_link
381,เทศบาลตำบล,ห้วยซ้อ,ห้วยซอ,เชียงของ,เชียงราย,"40,251.96",2555,สจป.2 เชียงราย,เทศบาลตำบลห้วยซ้อ,20.036523,100.2891994,55,https://drive.google.com/file/d/14ugEVxWGYxLCOHPi064OOsHrkquCg80S/view?usp=drive_link,,https://drive.google.com/file/d/1ugnEDlCVwWg3Q7lDY2iXR6eXEvu2rvZj/view?usp=drive_link
382,เทศบาลตำบล,บ้านแซว,บ้านแซว,เชียงแสน,เชียงราย,"35,287.70",2554,สจป.2 เชียงราย,เทศบาลตำบลบ้านแซว,20.2555709,100.1832893,55,https://drive.google.com/file/d/1vUUCE6mmtEWHNVFuamnq4W31rv9jsmpq/view?usp=drive_link,,https://drive.google.com/file/d/1MSswYPlKu-ns7JMscKzcOcQlmccm-HGJ/view?usp=drive_link
383,เทศบาลตำบล,แม่เงิน,แม่เงิน,เชียงแสน,เชียงราย,"36,912.13",2548,สจป.2 เชียงราย,เทศบาลตำบลแม่เงิน,20.310839,100.232858,60,,https://drive.google.com/file/d/1diIYg2hpSuclzL4xtzwsaI9IF3ma4Che/view?usp=drive_link,https://drive.google.com/file/d/1YygMeQzrHlWFJpkIumwWdtpIENxetP76/view?usp=drive_link
384,เทศบาลตำบล,เวียง,เวียง,เชียงแสน,เชียงราย,"2,917.29",2548,สจป.2 เชียงราย,เทศบาลตำบลเวียง,19.95689163,100.3692055,50,,https://drive.google.com/file/d/1lTb93gh-zb06w8zZmxBdW-8v5veswH-N/view?usp=drive_link,https://drive.google.com/file/d/1a1hJMIPasybLP0IEYd9lD0DpwKYdinY0/view?usp=drive_link
385,องค์การบริหารส่วนตำบล,ศรีดอนมูล,ศรีดอนมูล,เชียงแสน,เชียงราย,"5,562.49",2550,สจป.2 เชียงราย,องค์การบริหารส่วนตำบลศรีดอนมูล,20.311619,99.995228,50,,https://drive.google.com/file/d/1a-cXTY-mTnM_jR_XEDfmW5WEVdwZQ2bK/view?usp=drive_link,https://drive.google.com/file/d/1sMikXzpQ6xbZl87wIVJ-NEPPdx6l4n_D/view?usp=drive_link
386,องค์การบริหารส่วนตำบล,โชคชัย,โชคชัย,ดอยหลวง,เชียงราย,"76,199.38",2548,สจป.2 เชียงราย,องค์การบริหารส่วนตำบลโชคชัย,20.123494,100.116325,60,,https://drive.google.com/file/d/1VGJ3XRie1SUjcQUAaeqDxuq1I4Rfuurw/view?usp=drive_link,https://drive.google.com/file/d/1_cKL30ytL8kEQcuwMzcY7zrkHZ5W7vtL/view?usp=drive_link
387,องค์การบริหารส่วนตำบล,ปงน้อย,ปงน้อย,ดอยหลวง,เชียงราย,"15,016.19",2548,สจป.2 เชียงราย,องค์การบริหารส่วนตำบลปงน้อย,20.126439,100.076253,50,,https://drive.google.com/file/d/1mbbrGXmwuryIUbXKe1HVgfz7USxe2G72/view?usp=drive_link,https://drive.google.com/file/d/1oQJPhcdms1Jd62igTw14RFln4z-oAVT1/view?usp=drive_link
388,องค์การบริหารส่วนตำบล,หนองป่าก่อ,หนองป่าก่อ,ดอยหลวง,เชียงราย,"14,252.24",2548,สจป.2 เชียงราย,องค์การบริหารส่วนตำบลหนองป่าก่อ,20.183472,100.128019,50,,https://drive.google.com/file/d/1XOfQqhydMZwrCOp0N9Eknwu5nwX8R5My/view?usp=drive_link,https://drive.google.com/file/d/1wschz5F4mFKStVQdVGo5x6kLC7lt6OGi/view?usp=drive_link
389,เทศบาลตำบล,งิ้ว,งิ้ว,เทิง,เชียงราย,"21,598.06",2555,สจป.2 เชียงราย,เทศบาลตำบลงิ้ว,19.709829,100.2124786,50,,,https://drive.google.com/file/d/1KhZKgguPXi9_TY7BO8laa1Z0ba3oN9mv/view?usp=drive_link
390,เทศบาลตำบล,เชียงเคี่ยน,เชียงเคี่ยน,เทิง,เชียงราย,"12,663.40",2548,สจป.2 เชียงราย,เทศบาลตำบลเชียงเคี่ยน,19.598746,99.963906,50,,https://drive.google.com/file/d/1ERyRN_p9-s2MHZ2CZrJ8SJiypUx36BUm/view?usp=drive_link,https://drive.google.com/file/d/1_oaZqkxiZvYzME9MvJ2k5OIHP7ekef8a/view?usp=drive_link
391,องค์การบริหารส่วนตำบล,ตับเต่า,ตับเต่า,เทิง,เชียงราย,"101,580.39",2548,สจป.2 เชียงราย,องค์การบริหารส่วนตำบลตับเต่า,19.7842496,100.3345561,60,,https://drive.google.com/file/d/1BM2auaAYZgIqWY02ZkQ5L1Pn4UZU1VPb/view?usp=drive_link,https://drive.google.com/file/d/1eqXtOegrULkClTsV6Rj8KIZx3ElUepPx/view?usp=drive_link
392,องค์การบริหารส่วนตำบล,ปล้อง,ปล้อง,เทิง,เชียงราย,"25,602.60",2550,สจป.2 เชียงราย,องค์การบริหารส่วนตำบลปล้อง,19.644328,100.084783,50,,https://drive.google.com/file/d/1KS6HNYZ5C21ZUZ-QC9BMNkrpLSKZn1Sf/view?usp=drive_link,https://drive.google.com/file/d/19yjfA_QWv10n3l7oClGBzad3Xyv_n_Kv/view?usp=drive_link
393,องค์การบริหารส่วนตำบล,แม่ลอย,แม่ลอย,เทิง,เชียงราย,"22,954.78",2548,สจป.2 เชียงราย,องค์การบริหารส่วนตำบลแม่ลอย,19.584521,100.0496025,50,,https://drive.google.com/file/d/1duQvj1KpX9pg-qd5972ITAQzJYJpq0wk/view?usp=drive_link,https://drive.google.com/file/d/1Zzfd0E4cd2so6HMBpFK0DAvhqEr1wC2J/view?usp=drive_link
394,องค์การบริหารส่วนตำบล,เวียง,เวียง,เทิง,เชียงราย,"31,216.64",2548,สจป.2 เชียงราย,องค์การบริหารส่วนตำบลเวียง,19.7041576,100.2144071,50,,https://drive.google.com/file/d/1g3RVOdqCVdoeF_eV00GZ2G18qTw7MHbe/view?usp=drive_link,https://drive.google.com/file/d/1ZjVZRz4JsxmBd_k_IcbfJ6i_HjM5D_Om/view?usp=drive_link
395,เทศบาลตำบล,หงาว,หงาว,เทิง,เชียงราย,"11,229.64",2554,สจป.2 เชียงราย,เทศบาลตำบลหงาว,19.68063405,100.2512319,50,https://drive.google.com/file/d/1PdIHHSSSzSnhnjocsq_8qAtn-BuBsfIF/view?usp=drive_link,,https://drive.google.com/file/d/1Np3919Bm1qM62MCqBnevMNbmVVUsH_y0/view?usp=drive_link
396,เทศบาลตำบล,ป่าแงะ,ป่าแงะ,ป่าแดด,เชียงราย,"21,852.17",2548,สจป.2 เชียงราย,เทศบาลตำบลป่าแงะ,19.56338073,99.96195629,50,,https://drive.google.com/file/d/1S7z9X6GCuixae3D794QezI_tC7t7mPLM/view?usp=drive_link,https://drive.google.com/file/d/1Gd4-2UtuJNOApkuLSrx0dXG0O699MGez/view?usp=drive_link
397,เทศบาลตำบล,ป่าแดด,ป่าแดด,ป่าแดด,เชียงราย,"7,958.70",2554,สจป.2 เชียงราย,เทศบาลตำบลป่าแดด,19.494847,99.994944,50,https://drive.google.com/file/d/1Hrizy6FqpLL_JdnUz8ELcByahhJjhMY8/view?usp=drive_link,,https://drive.google.com/file/d/1CmldFa012_d6FCaFFZMr9OUJWq9Vb3Su/view?usp=drive_link
398,เทศบาลตำบล,โรงช้าง,โรงช้าง,ป่าแดด,เชียงราย,"4,374.84",2549,สจป.2 เชียงราย,เทศบาลตำบลโรงช้าง,19.50884,99.9485,50,,https://drive.google.com/file/d/1lnckHfxFFB9-fiuXCuQ9cAaq7mz9sBq5/view?usp=drive_link,https://drive.google.com/file/d/1mszJjI2V74kevETDnnNi7fp1ZL_2Qrnq/view?usp=drive_link
399,เทศบาลตำบล,ศรีโพธิ์เงิน,ศรีโพธิ์เงิน,ป่าแดด,เชียงราย,251.79,2554,สจป.2 เชียงราย,เทศบาลตำบลศรีโพธิ์เงิน,19.4445266,99.9724598,45,https://drive.google.com/file/d/1wKtk5kiIexCXcBMVOLIgMdoDdVteyxFi/view?usp=drive_link,,https://drive.google.com/file/d/1r7R2snlBAuNufuRQ3IVXkOvQFAmvBRCz/view?usp=drive_link
400,เทศบาลตำบล,สันมะค่า,สันมะค่า,ป่าแดด,เชียงราย,"5,092.57",2548,สจป.2 เชียงราย,เทศบาลตำบลสันมะค่า,19.448213,100.024452,50,,https://drive.google.com/file/d/1f1-yMIo3rA8bwjBqciAiZKDMnTOPcIik/view?usp=drive_link,https://drive.google.com/file/d/1I1eZWuGJmef6N-YRflm0FOV-J93KP7O7/view?usp=drive_link
401,องค์การบริหารส่วนตำบล,ตาดควัน,ตาดควัน,พญาเม็งราย,เชียงราย,"45,555.54",2548,สจป.2 เชียงราย,องค์การบริหารส่วนตำบลตาดควัน,19.962825,100.236322,55,,https://drive.google.com/file/d/1E7A8Q-CtZq5galdf6kly26QFWsiTPgA_/view?usp=drive_link,https://drive.google.com/file/d/1MQTGM5sXfh9hnQ_5-QHowldt6HXa5EMv/view?usp=drive_link
402,เทศบาลตำบล,พญาเม็งราย,เม็งราย,พญาเม็งราย,เชียงราย,"31,577.34",2549,สจป.2 เชียงราย,เทศบาลตำบลพญาเม็งราย,19.8391304,100.1690402,50,,,https://drive.google.com/file/d/1en0786tWfGC0haDwL4H2C4Pl109ndFiA/view?usp=drive_link
403,องค์การบริหารส่วนตำบล,แม่ต๋ำ,แม่ต๋ำ,พญาเม็งราย,เชียงราย,"10,720.98",2548,สจป.2 เชียงราย,องค์การบริหารส่วนตำบลแม่ต๋ำ,19.941425,100.254114,50,,https://drive.google.com/file/d/1vSSQVwtM0x4_hOWtT7tFgG4j2FUYhmsW/view?usp=drive_link,https://drive.google.com/file/d/1DBQP3H4BgoTMQoHzchmMREL3B_KqoG1w/view?usp=drive_link
404,องค์การบริหารส่วนตำบล,แม่เปา,แม่เปา,พญาเม็งราย,เชียงราย,"44,815.25",2548,สจป.2 เชียงราย,องค์การบริหารส่วนตำบลแม่เปา,19.8921758,100.1003033,55,,https://drive.google.com/file/d/18lUcw1V0gospgIfovPjiUg2NIfoi8OWU/view?usp=drive_link,https://drive.google.com/file/d/1Go5qN6QOK9h3Azg2buKinDaYje3eGlbD/view?usp=drive_link
405,เทศบาลตำบล,ไม้ยา,ไม้ยา,พญาเม็งราย,เชียงราย,"16,257.57",2548,สจป.2 เชียงราย,เทศบาลตำบลไม้ยา,19.76153398,100.1122284,50,,https://drive.google.com/file/d/1srlbL6HxEyHcGM1ElH6U-sry3iGL9ybh/view?usp=drive_link,https://drive.google.com/file/d/13Eq2XI3SphipfmX_Y6Mgy5C5cU5jZF2Z/view?usp=drive_link
406,องค์การบริหารส่วนตำบล,เจริญเมือง,เจริญเมือง,พาน,เชียงราย,"1,470.88",2554,สจป.2 เชียงราย,องค์การบริหารส่วนตำบลเจริญเมือง,19.60729874,99.75484952,50,https://drive.google.com/file/d/1qIfOfPpgkF4vgKPQs-eq8xI3NBF1ZndR/view?usp=drive_link,,https://drive.google.com/file/d/1sKR9hDnYmBSQDISKE8lOtgM5K6L9YXq-/view?usp=drive_link
407,องค์การบริหารส่วนตำบล,ทรายขาว,ทรายขาว,พาน,เชียงราย,"7,854.25",2550,สจป.2 เชียงราย,องค์การบริหารส่วนตำบลทรายขาว,19.688306,99.725003,50,,https://drive.google.com/file/d/1U3DtXuXCjwCY6k0_AkHlHNZbZt_RM1R8/view?usp=drive_link,https://drive.google.com/file/d/14-tjCBdaSe83itYvj2A1Ysz7BxSneGz-/view?usp=drive_link
408,องค์การบริหารส่วนตำบล,ทานตะวัน,ทานตะวัน,พาน,เชียงราย,"8,242.75",2555,สจป.2 เชียงราย,องค์การบริหารส่วนตำบลทานตะวัน,19.489044,99.79445,50,https://drive.google.com/file/d/12COrkAc82x4AHep4HrMr2iBl5hgZ7dLs/view?usp=drive_link,,https://drive.google.com/file/d/1IW-9Vq19i1KlYUHulRxYDqNFNyPFrDSc/view?usp=drive_link
409,องค์การบริหารส่วนตำบล,ธารทอง,ธารทอง,พาน,เชียงราย,"1,135.76",2554,สจป.2 เชียงราย,องค์การบริหารส่วนตำบลธารทอง,19.7138805,99.7172959,50,https://drive.google.com/file/d/125rkJ1jzRE62YXVe0BvW-33RfQKTRZze/view?usp=drive_link,,https://drive.google.com/file/d/1tZL860DtnfvFpmrOhjS8_9S_pSec7DIw/view?usp=drive_link
410,องค์การบริหารส่วนตำบล,ป่าหุ่ง,ป่าหุ่ง,พาน,เชียงราย,"2,543.95",2548,สจป.2 เชียงราย,องค์การบริหารส่วนตำบลป่าหุ่ง,19.56806977,99.70299304,50,,https://drive.google.com/file/d/1M1K9yjhBMe-E-A1Rafw3Am_N16m-XQLP/view?usp=drive_link,https://drive.google.com/file/d/1GtHn4BgaN_bUGsjxBJNFGSzi4rCnwehV/view?usp=drive_link
411,องค์การบริหารส่วนตำบล,ม่วงคำ,ม่วงคำ,พาน,เชียงราย,"2,688.08",2548,สจป.2 เชียงราย,องค์การบริหารส่วนตำบลม่วงคำ,19.50133789,99.74661045,50,,https://drive.google.com/file/d/1RE_a848se-c1gNtLO550P1-CJDjbjXjP/view?usp=drive_link,https://drive.google.com/file/d/1n7zcH2Tir4FVPjdJ5EmXxcLlIGHbs4qe/view?usp=drive_link
412,องค์การบริหารส่วนตำบล,เมืองพาน,เมืองพาน,พาน,เชียงราย,250.53,2550,สจป.2 เชียงราย,องค์การบริหารส่วนตำบลเมืองพาน,19.54976858,99.75651249,45,,https://drive.google.com/file/d/1fBtIr0HBHRZ6cXl-XDdUOQ06oehwv97W/view?usp=drive_link,https://drive.google.com/file/d/1ZDNOcaCr1sC5BYvOuPsay012f0C4gokj/view?usp=drive_link
413,องค์การบริหารส่วนตำบล,แม่เย็น,แม่เย็น,พาน,เชียงราย,"3,760.01",2554,สจป.2 เชียงราย,องค์การบริหารส่วนตำบลแม่เย็น,19.452175,99.755911,50,https://drive.google.com/file/d/1dcOLpKwN7E1WuMsJWh061xMLBP0EYQLZ/view?usp=drive_link,,https://drive.google.com/file/d/1Lszksjo5BkMlV6Lany8M_7T50lYOWKQS/view?usp=drive_link
414,เทศบาลตำบล,แม่อ้อ,แม่อ้อ,พาน,เชียงราย,"4,895.69",2548,สจป.2 เชียงราย,เทศบาลตำบลแม่อ้อ,19.65767285,99.8463732,50,,https://drive.google.com/file/d/1XpYXXiZZW2mRGy91KkGncdc_BJluUPV4/view?usp=drive_link,https://drive.google.com/file/d/1Dh6gabTP6hE1HutjTLF52pjnrvEBPWK6/view?usp=drive_link
415,องค์การบริหารส่วนตำบล,เวียงห้าว,เวียงห้าว,พาน,เชียงราย,"2,430.63",2549,สจป.2 เชียงราย,องค์การบริหารส่วนตำบลเวียงห้าว,19.5248393,99.8531766,50,,https://drive.google.com/file/d/1sh-oZ_mmb19JvZeR82gsmo1CGFve75Rg/view?usp=drive_link,https://drive.google.com/file/d/1d6AlMUkms5M6rDrFWzs17RR0wDBptwbR/view?usp=drive_link
416,องค์การบริหารส่วนตำบล,สันกลาง,สันกลาง,พาน,เชียงราย,"2,960.73",2555,สจป.2 เชียงราย,องค์การบริหารส่วนตำบลสันกลาง,19.588205,99.704669,50,https://drive.google.com/file/d/1xYLPNVVwNbNhcCAKM0syuNNn8kwJdPxk/view?usp=drive_link,,https://drive.google.com/file/d/1qRQCFOX41ibsOfCa4uQIMK4qIN7zGZ-O/view?usp=drive_link
417,เทศบาลตำบล,สันมะเค็ด,สันมะเค็ด,พาน,เชียงราย,"2,836.41",2548,สจป.2 เชียงราย,เทศบาลตำบลสันมะเค็ด,19.6076171,99.84177321,50,,https://drive.google.com/file/d/1iVKAZk5LB3P2OOPHnA9WRyrql8hVYA27/view?usp=drive_link,https://drive.google.com/file/d/1x2E2e67kERNmyZEUsYp6Lyf4vpMaW-_V/view?usp=drive_link
418,เทศบาลตำบล,ดอยลาน,ดอยลาน,เมืองเชียงราย,เชียงราย,"24,050.93",2555,สจป.2 เชียงราย,เทศบาลตำบลดอยลาน,19.6837981,99.9268577,55,https://drive.google.com/file/d/1hnuNKVap4RsUo6JY49LKDbuzWi4tIekY/view?usp=drive_link,,https://drive.google.com/file/d/1jFMu9S_0smvTq8J3wvZ-CN1-1rMgb_cA/view?usp=drive_link
419,เทศบาลตำบล,ดอยฮาง,ดอยฮาง,เมืองเชียงราย,เชียงราย,"30,106.22",2550,สจป.2 เชียงราย,เทศบาลตำบลดอยฮาง,19.9334712,99.75473,50,,https://drive.google.com/file/d/1Ux1a-K0MmjbGcvqN-yTb4dq8x77RWscJ/view?usp=drive_link,https://drive.google.com/file/d/1bLypRJJLKaC2EFnEo0ruLv7IR-f-LSdZ/view?usp=drive_link
420,เทศบาลตำบล,ท่าสาย,ท่าสาย,เมืองเชียงราย,เชียงราย,"1,137.61",2549,สจป.2 เชียงราย,เทศบาลตำบลท่าสาย,19.8513613,99.8581721,50,,https://drive.google.com/file/d/1-xbg-cDjzntY28108TgQo1rpLaUaTBhn/view?usp=drive_link,https://drive.google.com/file/d/1LDx7XaXR9LBazqFzY_SAH32PkjF-J0ZE/view?usp=drive_link
421,เทศบาลตำบล,ท่าสุด,ท่าสุด,เมืองเชียงราย,เชียงราย,"34,075.77",2559,สจป.2 เชียงราย,เทศบาลตำบลท่าสุด,20.0737299,99.8824366,0,https://drive.google.com/file/d/1sDaJ6DH03rZ1mtpngd4DhydIcPmf-U_w/view?usp=drive_link,,
422,เทศบาลตำบล,นางแล,นางแล,เมืองเชียงราย,เชียงราย,"19,865.65",2550,สจป.2 เชียงราย,เทศบาลตำบลนางแล,20.0255834,99.8715654,50,,https://drive.google.com/file/d/1vRn7OxuYam6MVcdvcvDNcJuNC1oeOUIw/view?usp=drive_link,https://drive.google.com/file/d/14EADFzXDI9YWD8pp660VAwnYTVnGTM7N/view?usp=drive_link
423,เทศบาลตำบล,บ้านดู่,บ้านดู่,เมืองเชียงราย,เชียงราย,"16,943.66",2548,สจป.2 เชียงราย,เทศบาลตำบลบ้านดู่,19.97712,99.832178,50,,https://drive.google.com/file/d/1ug_jO-E-wDlngzkY7_yEvwK2bRKKOkYh/view?usp=drive_link,https://drive.google.com/file/d/1VzfklFfTwlqVXFTO7tJU_cQaMKFWTjqt/view?usp=drive_link
424,เทศบาลตำบล,ป่าอ้อดอนชัย,ป่าอ้อดอนชัย,เมืองเชียงราย,เชียงราย,"1,509.05",2548,สจป.2 เชียงราย,เทศบาลตำบลป่าอ้อดอนชัย,19.84955,99.769798,50,,https://drive.google.com/file/d/1yT9xzLsnKfB46fSxrt8oVdEzF7L7l_bD/view?usp=drive_link,https://drive.google.com/file/d/1e9_vtyX0haT6wS06yCNYbF-V7j7WDwbs/view?usp=drive_link
425,เทศบาลตำบล,แม่กรณ์,แม่กรณ์,เมืองเชียงราย,เชียงราย,"33,698.67",2550,สจป.2 เชียงราย,เทศบาลตำบลแม่กรณ์,19.9394,99.68994139,55,,https://drive.google.com/file/d/1CGhWyNk10b-qfBTA2yjNoWAOQUi7R90Z/view?usp=drive_link,https://drive.google.com/file/d/14oPrnsl7noQ3lK33MMgB3Bx2X9Ntzgz_/view?usp=drive_link
426,องค์การบริหารส่วนตำบล,แม่ข้าวต้ม,แม่ข้าวต้ม,เมืองเชียงราย,เชียงราย,"7,135.74",2548,สจป.2 เชียงราย,องค์การบริหารส่วนตำบลแม่ข้าวต้ม,20.0093895,99.9127839,50,,https://drive.google.com/file/d/1L1amdKFx60gEr8UI1OvhGbz5nYLhbIEJ/view?usp=drive_link,https://drive.google.com/file/d/1bjKY7qsfladM6RxS3Yy4laB80g1VHL5K/view?usp=drive_link
427,เทศบาลตำบล,แม่ยาว,แม่ยาว,เมืองเชียงราย,เชียงราย,"136,707.48",2548,สจป.2 เชียงราย,เทศบาลตำบลแม่ยาว,19.9340536,99.7597351,80,,https://drive.google.com/file/d/1kaxGg8QdbhPv7OrW2o2-NUNswd0bpmWI/view?usp=drive_link,https://drive.google.com/file/d/1TveQogyb1QNx845Vj2mOUqojXD6bDY4O/view?usp=drive_link
428,องค์การบริหารส่วนตำบล,ห้วยชมภู,ห้วยชมภู,เมืองเชียงราย,เชียงราย,"180,831.24",2554,สจป.2 เชียงราย,องค์การบริหารส่วนตำบลห้วยชมภู,19.900307,99.622859,80,https://drive.google.com/file/d/1kIn_gQ-LM7XSAMwtHO1EtGFZEnIBAHEA/view?usp=drive_link,,https://drive.google.com/file/d/1P0btvic0Bn59TOOS1xm39iRGhwtVfdqz/view?usp=drive_link
429,เทศบาลตำบล,ห้วยสัก,ห้วยสัก,เมืองเชียงราย,เชียงราย,"29,014.23",2549,สจป.2 เชียงราย,เทศบาลตำบลห้วยสัก,19.797788,99.903223,50,,https://drive.google.com/file/d/1SRZwTKn9bEL4s_pUU-78ERI3i2aL6WLM/view?usp=drive_link,https://drive.google.com/file/d/1yQdp1rQxW7uealCejco3c7sfu2-gpi7r/view?usp=drive_link
430,องค์การบริหารส่วนตำบล,ป่าตึง,ป่าตึง,แม่จัน,เชียงราย,"139,555.73",2548,สจป.2 เชียงราย,องค์การบริหารส่วนตำบลป่าตึง,20.1266801,99.8129766,80,,https://drive.google.com/file/d/1s-Elq78mTFB883pdRRob8D0GYRo0Yke0/view?usp=drive_link,
431,องค์การบริหารส่วนตำบล,แม่จัน,แม่จัน,แม่จัน,เชียงราย,"3,882.77",2554,สจป.2 เชียงราย,องค์การบริหารส่วนตำบลแม่จัน,20.1330472,99.8628599,50,https://drive.google.com/file/d/13IY0BDBvKtZgo1WksAsyEYPoTL_uW-7C/view?usp=drive_link,,https://drive.google.com/file/d/1w9CYFw7JN6uECpMDKzFXaKU6hITCqJzK/view?usp=drive_link
432,องค์การบริหารส่วนตำบล,เทอดไทย,เทอดไทย,แม่ฟ้าหลวง,เชียงราย,"110,656.51",2559,สจป.2 เชียงราย,องค์การบริหารส่วนตำบลเทอดไทย,20.2439406,99.6641434,60,https://drive.google.com/file/d/1aWyKntJ0DS5-6GueRZW0u4_pycRLIiB1/view?usp=drive_link,,
433,องค์การบริหารส่วนตำบล,แม่ฟ้าหลวง,แม่ฟ้าหลวง,แม่ฟ้าหลวง,เชียงราย,"40,549.07",2565,สจป.2 เชียงราย,องค์การบริหารส่วนตำบลแม่ฟ้าหลวง,20.2694521,99.8044395,50,https://drive.google.com/file/d/1yO6EZ4qP0AzrJAGAP-44deq0_xs6msMQ/view?usp=drive_link,,
434,องค์การบริหารส่วนตำบล,แม่สลองนอก,แม่สลองนอก,แม่ฟ้าหลวง,เชียงราย,"30,654.71",2559,สจป.2 เชียงราย,องค์การบริหารส่วนตำบลแม่สลองนอก,20.1608278,99.6467046,60,https://drive.google.com/file/d/1O4KvjzspWhwldR6BCQuCAsIOmFBdfBTB/view?usp=drive_link,,
435,องค์การบริหารส่วนตำบล,แม่สลองใน,แม่สลองใน,แม่ฟ้าหลวง,เชียงราย,"144,328.87",2565,สจป.2 เชียงราย,องค์การบริหารส่วนตำบลแม่สลองใน,20.2500569,99.6504538,80,,,
436,องค์การบริหารส่วนตำบล,จอมหมอกแก้ว,จอมหมอกแก้ว,แม่ลาว,เชียงราย,"2,146.55",2550,สจป.2 เชียงราย,องค์การบริหารส่วนตำบลจอมหมอกแก้ว,19.7671015,99.6732907,45,,https://drive.google.com/file/d/1TFSeSQRX_5Kl4WpkVabfdMpfTjr3IzxU/view?usp=drive_link,https://drive.google.com/file/d/1iUb8XP5PptBGN9qyezYu52V68OYYlOvo/view?usp=drive_link
437,เทศบาลตำบล,ดงมะดะ,ดงมะดะ,แม่ลาว,เชียงราย,"2,927.08",2554,สจป.2 เชียงราย,เทศบาลตำบลดงมะดะ,19.7470949,99.6830095,50,,,https://drive.google.com/file/d/1x9iLckQk8omXJVdgVkHy2ZPzQjunJQ6h/view?usp=drive_link
438,องค์การบริหารส่วนตำบล,โป่งแพร่,โป่งแพร่,แม่ลาว,เชียงราย,"20,619.82",2549,สจป.2 เชียงราย,องค์การบริหารส่วนตำบลโป่งแพร่,19.80217,99.6759897,50,,https://drive.google.com/file/d/1a-EqQNa613bXnbPX9ZMfnd8bYljS8c89/view?usp=drive_link,https://drive.google.com/file/d/1NnC2GNHHjVMkqN8qiXrio3JHDhVKj-Uk/view?usp=drive_link
439,องค์การบริหารส่วนตำบล,เจดีย์หลวง,เจดีย์หลวง,แม่สรวย,เชียงราย,"2,316.61",2550,สจป.2 เชียงราย,องค์การบริหารส่วนตำบลเจดีย์หลวง,19.596223,99.512315,50,,https://drive.google.com/file/d/1UAs9qQjrKP07WQ10N20BTK5jnkSO4xo1/view?usp=drive_link,https://drive.google.com/file/d/19Pc9l7dhl0UzD28DrHcukJDOkkJ0ymxs/view?usp=drive_link
440,องค์การบริหารส่วนตำบล,ท่าก๊อ,ท่าก๊อ,แม่สรวย,เชียงราย,"105,829.55",2548,สจป.2 เชียงราย,องค์การบริหารส่วนตำบลท่าก๊อ,19.53226412,99.48558524,60,,https://drive.google.com/file/d/1Qsly8NTo6sgXmqRL64dEwGP5Wczm8Hl2/view?usp=drive_link,
441,องค์การบริหารส่วนตำบล,ป่าแดด,ป่าแดด,แม่สรวย,เชียงราย,"130,053.11",2550,สจป.2 เชียงราย,องค์การบริหารส่วนตำบลป่าแดด,19.69948599,99.43588257,80,,https://drive.google.com/file/d/1BtwYyVTUsL3vtZ3hsMmBP1tDj6ZBMWCM/view?usp=drive_link,https://drive.google.com/file/d/1nO2MWGgZfVN2JY9LhPBbPPIyl10p84yT/view?usp=drive_link
442,องค์การบริหารส่วนตำบล,แม่พริก,แม่พริก,แม่สรวย,เชียงราย,"1,264.04",2555,สจป.2 เชียงราย,องค์การบริหารส่วนตำบลแม่พริก,19.61024987,99.56840515,45,,,https://drive.google.com/file/d/1_edVBHA8CRfP5mBSQtkFWUp5A7FaDoal/view?usp=drive_link
443,เทศบาลตำบล,เวียงสรวย,แม่สรวย,แม่สรวย,เชียงราย,"38,110.76",2550,สจป.2 เชียงราย,เทศบาลตำบลเวียงสรวย,19.6606823,99.5349963,50,,https://drive.google.com/file/d/1ak5sdGm56IXPzsGxx92i6AgxKuiniesn/view?usp=drive_link,https://drive.google.com/file/d/1sbY22S-RodkoAsDlH5gs4HOTNZvnoZfO/view?usp=drive_link
444,องค์การบริหารส่วนตำบล,วาวี,วาวี,แม่สรวย,เชียงราย,"261,601.77",2559,สจป.2 เชียงราย,องค์การบริหารส่วนตำบลวาวี,19.8316486,99.5054074,80,,,https://drive.google.com/file/d/1B6N-hS_FLra-8OWy91G51c2CNlMmQC9s/view?usp=drive_link
445,องค์การบริหารส่วนตำบล,ศรีถ้อย,ศรีถ้อย,แม่สรวย,เชียงราย,"88,224.10",2550,สจป.2 เชียงราย,องค์การบริหารส่วนตำบลศรีถ้อย,19.61433286,99.47833657,60,,https://drive.google.com/file/d/1VbtOstqiT0klzdHrzbEuUK-o-3YewgJy/view?usp=drive_link,https://drive.google.com/file/d/1Rid-8qFhyzewuDhfp-hUulnjonyQDNcn/view?usp=drive_link
446,องค์การบริหารส่วนตำบล,โป่งงาม,โป่งงาม,แม่สาย,เชียงราย,"12,781.16",2548,สจป.2 เชียงราย,องค์การบริหารส่วนตำบลโป่งงาม,20.3298148,99.8646168,50,,https://drive.google.com/file/d/1UTfre82-zDly63P299o07cWw_3iVqDCW/view?usp=drive_link,https://drive.google.com/file/d/1PByVMyKyo2Idf7MFyygE21uTeSfeweBR/view?usp=drive_link
447,องค์การบริหารส่วนตำบล,โป่งผา,โป่งผา,แม่สาย,เชียงราย,"5,265.13",2548,สจป.2 เชียงราย,องค์การบริหารส่วนตำบลโป่งผา,20.3785417,99.8852576,45,,https://drive.google.com/file/d/1bjm1MuLHDSkTW7kvSDR8AR9n0uEubERx/view?usp=drive_link,https://drive.google.com/file/d/1JUuLCR3stOVd0cNlWo4MLQzoajqPzzfH/view?usp=drive_link
448,เทศบาลตำบล,เวียงพางคำ,เวียงพางคำ,แม่สาย,เชียงราย,"8,861.12",2548,สจป.2 เชียงราย,เทศบาลตำบลเวียงพางคำ,20.4034564,99.8855036,50,,https://drive.google.com/file/d/1SKLeGlvdzdHBypuHymUXAsi7TfAZ_jmo/view?usp=drive_link,https://drive.google.com/file/d/1IY9jgBjVUo3rrWCE2ccyr-Y_BYchxVxv/view?usp=drive_link
449,องค์การบริหารส่วนตำบล,ห้วยไคร้,ห้วยไคร้,แม่สาย,เชียงราย,"12,325.89",2550,สจป.2 เชียงราย,องค์การบริหารส่วนตำบลห้วยไคร้,20.2648105,99.8957971,45,,https://drive.google.com/file/d/1R1oL26uEwi1WJxw2nke678p58HmxqLXO/view?usp=drive_link,https://drive.google.com/file/d/1Uf6hcpwAK96fWZmKU1KqKJIQ-n8YiD6j/view?usp=drive_link
450,เทศบาลตำบล,ท่าข้าม,ท่าข้าม,เวียงแก่น,เชียงราย,"29,619.20",2554,สจป.2 เชียงราย,เทศบาลตำบลท่าข้าม,20.0560573,100.5053706,55,https://drive.google.com/file/d/17Nkfgm6MsTPlRJrEn8q3K9ViunikLSCO/view?usp=drive_link,,https://drive.google.com/file/d/1LRPJ3mN1Nkl1PT-GIbianoqe_5YKkO6X/view?usp=drive_link
451,องค์การบริหารส่วนตำบล,ปอ,ปอ,เวียงแก่น,เชียงราย,"169,734.18",2548,สจป.2 เชียงราย,องค์การบริหารส่วนตำบลปอ,20.0034247,100.4871285,80,,https://drive.google.com/file/d/1iJ1Qcj-Q-ciodeiTqmyw_N8pEY56sIiM/view?usp=drive_link,
452,เทศบาลตำบล,ม่วงยาย,ม่วงยาย,เวียงแก่น,เชียงราย,"27,436.31",2548,สจป.2 เชียงราย,เทศบาลตำบลม่วงยาย,20.1064025,100.5156593,50,,https://drive.google.com/file/d/1_HPNU-XDO7VZrtnrQ6rqfklhpk81wDVJ/view?usp=drive_link,https://drive.google.com/file/d/1jToyHtixAtbd23qzlVymwdMAxV9vaic4/view?usp=drive_link
453,เทศบาลตำบล,หล่ายงาว,หล่ายงาว,เวียงแก่น,เชียงราย,"23,526.79",2548,สจป.2 เชียงราย,เทศบาลตำบลหล่ายงาว,20.1057305,100.5006999,50,,https://drive.google.com/file/d/1osNyeaPHHHI0w35xxTGfQmoQoX9pDXzy/view?usp=drive_link,https://drive.google.com/file/d/1FDX1VqaSrXTforu-P5xcNoa657fKYoHz/view?usp=drive_link
454,เทศบาลตำบล,ดอนศิลา,ดอนศิลา,เวียงชัย,เชียงราย,"10,933.57",2548,สจป.2 เชียงราย,เทศบาลตำบลดอนศิลา,19.8344333,99.997515,50,,https://drive.google.com/file/d/13au6Fxa2W9yWDwrJxtrKYk7SdrYE9bLD/view?usp=drive_link,https://drive.google.com/file/d/1ht1Sy_HfZ4SV6lOiBNgOVhpkY1GhybUk/view?usp=drive_link
455,องค์การบริหารส่วนตำบล,ผางาม,ผางาม,เวียงชัย,เชียงราย,"34,419.14",2548,สจป.2 เชียงราย,องค์การบริหารส่วนตำบลผางาม,19.86868253,100.0532647,55,,https://drive.google.com/file/d/1QJSzE7za3j0RFTkeW16Ud_mnwkYFyvFb/view?usp=drive_link,https://drive.google.com/file/d/140Vb4baP6FH0sh-03rGuKaZvE9NRBYze/view?usp=drive_link
456,เทศบาลตำบล,เมืองชุม,เมืองชุม,เวียงชัย,เชียงราย,"4,084.00",2548,สจป.2 เชียงราย,เทศบาลตำบลเมืองชุม,19.89161083,99.96637523,50,,https://drive.google.com/file/d/1ZgGiVI-GLH_WzDa-VotA8sq9NiTOJtFv/view?usp=drive_link,https://drive.google.com/file/d/1zWFaIkmiGfxUdTyMhz3dZk7FtOwHYAP4/view?usp=drive_link
457,เทศบาลตำบล,สิริเวียงชัย,เวียงชัย,เวียงชัย,เชียงราย,816.71,2548,สจป.2 เชียงราย,เทศบาลตำบลสิริเวียงชัย,19.86719422,99.88992155,50,,https://drive.google.com/file/d/1RR98Gk3oLukhLCqqiL67k6e_g8E9F0-z/view?usp=drive_link,https://drive.google.com/file/d/1if_2dSFOgCGV0jJ-syBS8hsCRgi0YZZ_/view?usp=drive_link
458,องค์การบริหารส่วนตำบล,ทุ่งก่อ,ทุ่งก่อ,เวียงเชียงรุ้ง,เชียงราย,"15,398.98",2548,สจป.2 เชียงราย,องค์การบริหารส่วนตำบลทุ่งก่อ,19.9950727,100.0367493,50,,https://drive.google.com/file/d/14QA0TEiq6te5TKxjfNlj35mNVsxQDvEy/view?usp=drive_link,https://drive.google.com/file/d/1bKCEEc_lSNj4EF63R5Ujl0YsB00Z3xMJ/view?usp=drive_link
459,เทศบาลตำบล,ป่าซาง,ป่าซาง,เวียงเชียงรุ้ง,เชียงราย,"25,982.47",2554,สจป.2 เชียงราย,เทศบาลตำบลป่าซาง,20.0343221,100.1138748,55,https://drive.google.com/file/d/1G8A9ohu0NRQG7bTMpp4PoWUEhGWe1X-m/view?usp=drive_link,,https://drive.google.com/file/d/10LXZOEGcF-j49QBmtMAgZ-SDTFgOAsAo/view?usp=drive_link
460,องค์การบริหารส่วนตำบล,บ้านโป่ง,บ้านโป่ง,เวียงป่าเป้า,เชียงราย,"22,227.81",2549,สจป.2 เชียงราย,องค์การบริหารส่วนตำบลบ้านโป่ง,19.3292867,99.47090149,50,,https://drive.google.com/file/d/1kPLnBtmI0jO1yaA9-oCZDpENyQh2x__F/view?usp=drive_link,https://drive.google.com/file/d/1TBflMrGJP30Wiu4Pgy0kqtuEL-bNQ3Z6/view?usp=drive_link
461,เทศบาลตำบล,ป่างิ้ว,ป่างิ้ว,เวียงป่าเป้า,เชียงราย,"47,522.47",2548,สจป.2 เชียงราย,เทศบาลตำบลป่างิ้ว,19.29691684,99.5121485,55,,https://drive.google.com/file/d/1uzun1TSTD28s3YvtUQ4OrqyZInGyBpUt/view?usp=drive_link,https://drive.google.com/file/d/18Xu8YgHTo36wquw05uakSVSQmfiTk_U0/view?usp=drive_link
462,องค์การบริหารส่วนตำบล,แม่เจดีย์,แม่เจดีย์,เวียงป่าเป้า,เชียงราย,"12,800.81",2550,สจป.2 เชียงราย,องค์การบริหารส่วนตำบลแม่เจดีย์,19.1938551,99.5339456,50,,https://drive.google.com/file/d/1MafEIYP7Opt2MIhwyl1vd9BZcwK2jOpV/view?usp=drive_link,https://drive.google.com/file/d/1wQp1oDmSsP1sDSVQsXjLREVjZBuuaEOi/view?usp=drive_link
463,องค์การบริหารส่วนตำบล,แม่เจดีย์ใหม่,แม่เจดีย์ใหม่,เวียงป่าเป้า,เชียงราย,"69,480.34",2548,สจป.2 เชียงราย,องค์การบริหารส่วนตำบลแม่เจดีย์ใหม่,19.1704128,99.50958,60,,https://drive.google.com/file/d/1oGcLr_mP7yUf5OOSAZzX3rpU9chAu_2l/view?usp=drive_link,
464,องค์การบริหารส่วนตำบล,เวียง,เวียง,เวียงป่าเป้า,เชียงราย,"111,746.01",2549,สจป.2 เชียงราย,องค์การบริหารส่วนตำบลเวียง,19.7041576,100.2144071,60,,https://drive.google.com/file/d/14Whkz7xwhglYc5PhmfqljjsglmqDqGK0/view?usp=drive_link,https://drive.google.com/file/d/16H8ZU_ic5B6OzZvKY_S4HcFTySddUPmA/view?usp=drive_link
465,เทศบาลตำบล,เวียงกาหลง,เวียงกาหลง,เวียงป่าเป้า,เชียงราย,"3,666.04",2554,สจป.2 เชียงราย,เทศบาลตำบลเวียงกาหลง,19.2330915,99.5165331,50,https://drive.google.com/file/d/1q6rL9piXnPJS_yjpAh2imO-8WDgV-148/view?usp=drive_link,,https://drive.google.com/file/d/1cddB-25la1TPLcpGyKyzKt650uDaPC6-/view?usp=drive_link
466,องค์การบริหารส่วนตำบล,สันสลี,สันสลี,เวียงป่าเป้า,เชียงราย,"115,512.62",2548,สจป.2 เชียงราย,องค์การบริหารส่วนตำบลสันสลี,19.3911846,99.5091206,60,,https://drive.google.com/file/d/1H9Nkqt2Qc4V40WpMb_w-b8UXnqFPvlQ4/view?usp=drive_link,
467,องค์การบริหารส่วนตำบล,แจ่มหลวง,แจ่มหลวง,กัลยาณิวัฒนา,เชียงใหม่,"165,003.14",2550,สจป.1 เชียงใหม่,องค์การบริหารส่วนตำบลแจ่มหลวง,19.0246091,98.2799845,60,,,
468,องค์การบริหารส่วนตำบล,บ้านจันทร์,บ้านจันทร์,กัลยาณิวัฒนา,เชียงใหม่,"116,966.80",2563,สจป.1 เชียงใหม่,องค์การบริหารส่วนตำบลบ้านจันทร์,19.07748513,98.30474943,80,,,
469,องค์การบริหารส่วนตำบล,แม่แดด,แม่แดด,กัลยาณิวัฒนา,เชียงใหม่,"99,374.62",2550,สจป.1 เชียงใหม่,องค์การบริหารส่วนตำบลแม่แดด,18.96474035,98.41603026,60,,,
470,องค์การบริหารส่วนตำบล,ข่วงเปา,ข่วงเปา,จอมทอง,เชียงใหม่,"8,540.79",2555,สจป.1 เชียงใหม่,องค์การบริหารส่วนตำบลข่วงเปา,18.4487248,98.7092339,50,https://drive.google.com/file/d/1M_G2Nigs9u__y7msB5n30pSWZJlrFqEZ/view?usp=drive_link,,https://drive.google.com/file/d/1p95qsJan3K2xOgXQy0fpzkAzrlSsiKqJ/view?usp=drive_link
471,เทศบาลตำบล,ดอยแก้ว,ดอยแก้ว,จอมทอง,เชียงใหม่,"31,276.06",2555,สจป.1 เชียงใหม่,เทศบาลตำบลดอยแก้ว,18.402469,98.6520911,50,https://drive.google.com/file/d/1uCUnANlx0qLzJ35c5Gq4-f0HHcjfS4F1/view?usp=drive_link,,https://drive.google.com/file/d/1mbugEd_TOwszDbZqWiRK7FSRSnLD4h7v/view?usp=drive_link
472,เทศบาลตำบล,บ้านแปะ,บ้านแปะ,จอมทอง,เชียงใหม่,"47,901.92",2555,สจป.1 เชียงใหม่,เทศบาลตำบลบ้านแปะ,18.210831,98.616532,55,https://drive.google.com/file/d/11-d3e7QlIfWRtr06Pe9evJtHoSraYqQ-/view?usp=drive_link,,https://drive.google.com/file/d/1agUsdUQGoo1YVwQ60LlxFGnH07UTatSY/view?usp=drive_link
473,เทศบาลตำบล,บ้านหลวง,บ้านหลวง,จอมทอง,เชียงใหม่,"23,190.79",2556,สจป.1 เชียงใหม่,เทศบาลตำบลบ้านหลวง,18.49009894,98.67465134,50,https://drive.google.com/file/d/1Nq1RkC890mqImC3b6ltte1PGVupaEWCJ/view?usp=drive_link,,https://drive.google.com/file/d/11vMm7-YHVhoqm_epBCWfPlrqL2QhOz4c/view?usp=drive_link
474,เทศบาลตำบล,แม่สอย,แม่สอย,จอมทอง,เชียงใหม่,"20,865.59",2555,สจป.1 เชียงใหม่,เทศบาลตำบลแม่สอย,18.291378,98.63990687,50,https://drive.google.com/file/d/1mKHEsHbrmfAUksMpauEk6yWfkSmz5PWg/view?usp=drive_link,,https://drive.google.com/file/d/1AtUqHB_ON7hA2UK0ryI9Bg_XO6uaV7Zx/view?usp=drive_link
475,เทศบาลตำบล,สบเตี๊ยะ,สบเตี๊ยะ,จอมทอง,เชียงใหม่,"2,441.79",2548,สจป.1 เชียงใหม่,เทศบาลตำบลสบเตี๊ยะ,18.38966355,98.67796004,50,,https://drive.google.com/file/d/1z9874_sHHYe_knd9cmV0co0koGX889Ck/view?usp=drive_link,
476,องค์การบริหารส่วนตำบล,เชียงดาว,เชียงดาว,เชียงดาว,เชียงใหม่,"40,741.62",2565,สจป.1 เชียงใหม่,องค์การบริหารส่วนตำบลเชียงดาว,19.35283106,98.96281734,55,,,
477,เทศบาลตำบล,ทุ่งข้าวพวง,ทุ่งข้าวพวง,เชียงดาว,เชียงใหม่,"8,850.41",2555,สจป.1 เชียงใหม่,เทศบาลตำบลทุ่งข้าวพวง,19.5344774,98.9616997,50,https://drive.google.com/file/d/14QkPEqlUR_TizQhIjmvb_GSkL8qvAcBn/view?usp=drive_link,,https://drive.google.com/file/d/1CVzo2I5Ek7ss7jo-eytNZu6350HnZUcN/view?usp=drive_link
478,เทศบาลตำบล,ปิงโค้ง,ปิงโค้ง,เชียงดาว,เชียงใหม่,"45,637.81",2555,สจป.1 เชียงใหม่,เทศบาลตำบลปิงโค้ง,19.4293409,98.9787858,60,https://drive.google.com/file/d/1qNGXGGoK2ygFwXzYm2M1TKZAAiAUkHo3/view?usp=drive_link,,https://drive.google.com/file/d/17Zb8IKIBdStCrUh-cYn09qb1c4VYw8H6/view?usp=drive_link
479,องค์การบริหารส่วนตำบล,เมืองคอง,เมืองคอง,เชียงดาว,เชียงใหม่,"66,187.25",2550,สจป.1 เชียงใหม่,องค์การบริหารส่วนตำบลเมืองคอง,19.3885969,98.71438122,60,,https://drive.google.com/file/d/1JJgPIUgOEApDN2hDNXs8vNko5RSWI0Mq/view?usp=drive_link,
480,เทศบาลตำบล,พระธาตุปู่ก่ำ,เมืองงาย,เชียงดาว,เชียงใหม่,"7,152.56",2563,สจป.1 เชียงใหม่,เทศบาลตำบลพระธาตุปู่ก่ำ,19.4810527,98.9593853,5,https://drive.google.com/file/d/1RD7jsIzD_o95o7YpDv6hOwWWeuNVVNBl/view?usp=drive_link,https://drive.google.com/file/d/1ARx4At3TcSg1SIrs73Xxnuj6G7tuNQKo/view?usp=drive_link,
481,เทศบาลตำบล,เมืองงาย,เมืองงาย,เชียงดาว,เชียงใหม่,183.85,2548,สจป.1 เชียงใหม่,เทศบาลตำบลเมืองงาย,19.4448859,98.9663539,45,https://drive.google.com/file/d/1RD7jsIzD_o95o7YpDv6hOwWWeuNVVNBl/view?usp=drive_link,,https://drive.google.com/file/d/11w4L46xbcVFNL7iJgsOR8UrmbwwC4tjI/view?usp=drive_link
https://drive.google.com/file/d/1i3iQAJJ2Z__qeKDTkKq2zXiTWO0QFkaR/view?usp=drive_link,เทศบาลตำบล,เมืองนะ,เมืองนะ,เชียงดาว,เชียงใหม่,41105.38,2556,สจป.1 เชียงใหม่,เทศบาลตำบลเมืองนะ,19.593278,98.961631,55,https://drive.google.com/file/d/1RDJl18arb43BmYv_GnT1z7_UX0NUQurK/view?usp=drive_link,,https://drive.google.com/file/d/1i3iQAJJ2Z__qeKDTkKq2zXiTWO0QFkaR/view?usp=drive_link
483,เทศบาลตำบล,แม่นะ,แม่นะ,เชียงดาว,เชียงใหม่,"78,460.87",2550,สจป.1 เชียงใหม่,เทศบาลตำบลแม่นะ,19.709829,98.89823914,50,https://drive.google.com/file/d/1RDJl18arb43BmYv_GnT1z7_UX0NUQurK/view?usp=drive_link,https://drive.google.com/file/d/1OTqM-esJpfQdpta93yW2sfTH_VS6kjif/view?usp=drive_link,https://drive.google.com/file/d/1i7L63gpaLR0tIy_kzVk7SWxDDFBQwXCt/view?usp=drive_link
484,เทศบาลตำบล,ไชยปราการ,ไชยปราการ,ไชยปราการ,เชียงใหม่,"3,171.40",2548,สจป.1 เชียงใหม่,เทศบาลตำบลไชยปราการ,19.7414342,99.14470144,0,,https://drive.google.com/file/d/1Hnivrl1pVHhOKSbaNodaL2bmN7l_YKrc/view?usp=drive_link,https://drive.google.com/file/d/1QYaM3LwU7tsOFFMnS9DBmhnaOWROuFA5/view?usp=drive_link
485,องค์การบริหารส่วนตำบล,แม่ทะลบ,แม่ทะลบ,ไชยปราการ,เชียงใหม่,"50,454.60",2548,สจป.1 เชียงใหม่,องค์การบริหารส่วนตำบลแม่ทะลบ,19.73005981,99.17955592,60,,https://drive.google.com/file/d/1KXdetKqOR66d1Vc6mv_M6pBvDdUN__EN/view?usp=drive_link,https://drive.google.com/file/d/1NI2PELkYP28HKRdiDr9naimkNSBIpNbl/view?usp=drive_link
486,เทศบาลตำบล,ศรีดงเย็น,ศรีดงเย็น,ไชยปราการ,เชียงใหม่,"123,690.76",2550,สจป.1 เชียงใหม่,เทศบาลตำบลศรีดงเย็น,19.6513724,99.14601,80,,https://drive.google.com/file/d/1FhpRSHW2v_jL85wUgVJNMw0hEevjgXPS/view?usp=drive_link,
487,เทศบาลตำบล,หนองบัว,หนองบัว,ไชยปราการ,เชียงใหม่,"8,260.39",2548,สจป.1 เชียงใหม่,เทศบาลตำบลหนองบัว,19.7315189,99.1109932,50,,https://drive.google.com/file/d/196i_YV8sPT3_A4b_2vnK-XvvQU1ZA_pF/view?usp=drive_link,https://drive.google.com/file/d/1uK2DRV0zCaG7fygP2r7kv78sYL72xm54/view?usp=drive_link
488,องค์การบริหารส่วนตำบล,ดอยเต่า,ดอยเต่าใต้,ดอยเต่า,เชียงใหม่,"29,737.31",2555,สจป.1 เชียงใหม่,องค์การบริหารส่วนตำบลดอยเต่า,17.9151496,98.7277913,55,https://drive.google.com/file/d/1VKlJ5A343SaZxtIK3XIumdJRWau-LYBJ/view?usp=drive_link,,https://drive.google.com/file/d/1SP8lTJLxiOwr9bsru2_fPM42vj5-9IaA/view?usp=drive_link
489,องค์การบริหารส่วนตำบล,ท่าเดื่อ,ท่าเดื่อ,ดอยเต่า,เชียงใหม่,"42,764.50",2555,สจป.1 เชียงใหม่,องค์การบริหารส่วนตำบลท่าเดื่อ,17.956015,98.679754,60,https://drive.google.com/file/d/1iTRryzK5qWTM2LxARt8_pYD14vrV8aLe/view?usp=drive_link,,https://drive.google.com/file/d/1WSsvh40tKlno9UTgY23pcVFdkZPCtD0O/view?usp=drive_link
490,องค์การบริหารส่วนตำบล,บงตัน,บงตัน,ดอยเต่า,เชียงใหม่,"1,476.86",2555,สจป.1 เชียงใหม่,องค์การบริหารส่วนตำบลบงตัน,18.01894116,98.67036402,50,https://drive.google.com/file/d/10yNsJyHcKQCZYartYSNdcUI5S_KVmPzz/view?usp=drive_link,,https://drive.google.com/file/d/1rUSN4XGOJ5wO1531A2iUnsT1nQ024t1O/view?usp=drive_link
491,องค์การบริหารส่วนตำบล,โปงทุ่ง,โปงทุ่ง,ดอยเต่า,เชียงใหม่,"104,380.16",2563,สจป.1 เชียงใหม่,องค์การบริหารส่วนตำบลโปงทุ่ง,17.85271312,98.74045283,80,,,
492,เทศบาลตำบล,เชิงดอย,เชิงดอย,ดอยสะเก็ด,เชียงใหม่,"15,388.98",2548,สจป.1 เชียงใหม่,เทศบาลตำบลเชิงดอย,18.87063839,99.15186793,50,,https://drive.google.com/file/d/1YFICNxX340C__1Qzk5xpPTN4-280C_mi/view?usp=drive_link,https://drive.google.com/file/d/1mt_JjkV1WXn9Sfk2S4AK6qu_ADaNa8aU/view?usp=drive_link
493,องค์การบริหารส่วนตำบล,เทพเสด็จ,เทพเสด็จ,ดอยสะเก็ด,เชียงใหม่,"61,029.06",2549,สจป.1 เชียงใหม่,องค์การบริหารส่วนตำบลเทพเสด็จ,18.9211399,99.3302152,55,,https://drive.google.com/file/d/1N33u4NZqaoDv-KO6Ss5Qlx8aMJlsEb8X/view?usp=drive_link,
494,เทศบาลตำบล,ป่าป้อง,ป่าป้อง,ดอยสะเก็ด,เชียงใหม่,"4,366.26",2556,สจป.1 เชียงใหม่,เทศบาลตำบลป่าป้อง,18.84464427,99.1371274,50,https://drive.google.com/file/d/14-x6R21fMYxCs6C0uJ3-Pb0JyZicnTZ4/view?usp=drive_link,,https://drive.google.com/file/d/1_whreHxwA3lHSkzLdBNnf36s8BnZe3HE/view?usp=drive_link
495,เทศบาลตำบล,ป่าเมี่ยง,ป่าเมี่ยง,ดอยสะเก็ด,เชียงใหม่,"64,900.18",2550,สจป.1 เชียงใหม่,เทศบาลตำบลป่าเมี่ยง,18.9136813,99.2281574,60,,https://drive.google.com/file/d/1Q2RznMCokNu_Bxt0bzkkUj83ncnRGVLC/view?usp=drive_link,
496,เทศบาลตำบล,แม่โป่ง,แม่โป่ง,ดอยสะเก็ด,เชียงใหม่,"22,291.32",2550,สจป.1 เชียงใหม่,เทศบาลตำบลแม่โป่ง,18.834368,99.179099,50,,https://drive.google.com/file/d/1DXCfVnq-b0mJS0Fsuzplzuz80tg0kcaK/view?usp=drive_link,https://drive.google.com/file/d/14klrqcA9TJjqSWD5UmuyQaoB__oH3QtE/view?usp=drive_link
497,เทศบาลตำบล,ลวงเหนือ,ลวงเหนือ,ดอยสะเก็ด,เชียงใหม่,"33,475.64",2550,สจป.1 เชียงใหม่,เทศบาลตำบลลวงเหนือ,18.91607894,99.134909,55,,https://drive.google.com/file/d/1mFfuLlinpRrJXNzF-9FpKZPoRxtEKFbj/view?usp=drive_link,
498,องค์การบริหารส่วนตำบล,ดอยหล่อ,ดอยหล่อ,ดอยหล่อ,เชียงใหม่,551.01,2555,สจป.1 เชียงใหม่,องค์การบริหารส่วนตำบลดอยหล่อ,18.46622781,98.77856161,50,https://drive.google.com/file/d/14-x6R21fMYxCs6C0uJ3-Pb0JyZicnTZ4/view?usp=drive_link,,https://drive.google.com/file/d/1HQYJSOyHUmw4OXVNp-MUSBnZNqWJr-da/view?usp=drive_link
499,เทศบาลตำบล,ยางคราม,ยางคราม,ดอยหล่อ,เชียงใหม่,481.46,2550,สจป.1 เชียงใหม่,เทศบาลตำบลยางคราม,18.55855366,98.83054018,50,,https://drive.google.com/file/d/1bYPybGcjU7oQzLDLUIU8DYznXlB1ER3k/view?usp=drive_link,https://drive.google.com/file/d/1NMp8G0eBmxVDbHVKUDxBhNWAVHeu8T26/view?usp=drive_link
500,เทศบาลตำบล,สันติสุข,สันติสุข,ดอยหล่อ,เชียงใหม่,"3,273.65",2548,สจป.1 เชียงใหม่,เทศบาลตำบลสันติสุข,18.5290773,98.8207122,50,,https://drive.google.com/file/d/11ZAjFvhp7c8ZJFfyUyd2NQI6EYICn4lO/view?usp=drive_link,https://drive.google.com/file/d/1DSQb7ZdsI6G7qCHQnWwSwxAhEPHKvF-k/view?usp=drive_link
501,องค์การบริหารส่วนตำบล,โป่งน้ำร้อน,โป่งน้ำร้อน,ฝาง,เชียงใหม่,"9,329.90",2550,สจป.1 เชียงใหม่,องค์การบริหารส่วนตำบลโป่งน้ำร้อน,19.9327591,99.1718686,50,,https://drive.google.com/file/d/1guu61aOaWZXGtMHAqDlAXFoGVNZSCSBQ/view?usp=drive_link,https://drive.google.com/file/d/1jnHbx_3RmT0NEvhwWjR1pf6CFN9QcRLr/view?usp=drive_link
502,องค์การบริหารส่วนตำบล,ม่อนปิ่น,ม่อนปิ่น,ฝาง,เชียงใหม่,"15,696.08",2549,สจป.1 เชียงใหม่,องค์การบริหารส่วนตำบลม่อนปิ่น,19.91654822,99.15879965,50,,https://drive.google.com/file/d/1Q6WeNFeyjbLUGluUYfRWn9N5uL4Nu8YL/view?usp=drive_link,https://drive.google.com/file/d/1miuAChx654OkYARZhzvt0GldY72mSR65/view?usp=drive_link
503,เทศบาลตำบล,แม่ข่า,แม่ข่า,ฝาง,เชียงใหม่,"20,088.93",2550,สจป.1 เชียงใหม่,เทศบาลตำบลแม่ข่า,19.78105576,99.16403312,0,,https://drive.google.com/file/d/1nMW5bVRC5pGLFHO06bTJFYyDJrkbBKFe/view?usp=drive_link,https://drive.google.com/file/d/19Zvu6pj4cuKKsEtnZWBAHlHXIMBmCEAM/view?usp=drive_link
504,องค์การบริหารส่วนตำบล,แม่คะ,แม่คะ,ฝาง,เชียงใหม่,"56,299.50",2563,สจป.1 เชียงใหม่,องค์การบริหารส่วนตำบลแม่คะ,19.836103,99.21751589,60,,,
505,องค์การบริหารส่วนตำบล,แม่งอน,แม่งอน,ฝาง,เชียงใหม่,"16,415.38",2550,สจป.1 เชียงใหม่,องค์การบริหารส่วนตำบลแม่งอน,19.80227014,99.16140139,50,,https://drive.google.com/file/d/1At_4C33oW6KC0-A0BvBjF1iUQ29VTB4b/view?usp=drive_link,https://drive.google.com/file/d/1IlWfBFl7ZQN2CAi3kf0zLhCR7dQ6BK5k/view?usp=drive_link
506,องค์การบริหารส่วนตำบล,แม่สูน,แม่สูน,ฝาง,เชียงใหม่,"3,578.87",2563,สจป.1 เชียงใหม่,องค์การบริหารส่วนตำบลแม่สูน,19.83054964,99.17042904,0,,,
507,องค์การบริหารส่วนตำบล,เวียง,เวียง,ฝาง,เชียงใหม่,"4,680.72",2548,สจป.1 เชียงใหม่,องค์การบริหารส่วนตำบลเวียง,19.9418416,99.219116,50,,https://drive.google.com/file/d/1TT7p97g7dZpe06-kcGRPYSIvLCXCXbLr/view?usp=drive_link,https://drive.google.com/file/d/1yZ1GBKKHXRBINFJVUZVqPaj1TTgb_OLo/view?usp=drive_link
508,เทศบาลตำบล,สันทราย,สันทราย,ฝาง,เชียงใหม่,"1,205.09",2550,สจป.1 เชียงใหม่,เทศบาลตำบลสันทราย,19.8730062,99.1807641,0,,https://drive.google.com/file/d/1aT0A-rwV1szPDZoE2UgfEgPKplB-knJE/view?usp=drive_link,https://drive.google.com/file/d/1r9Rpm5m_AOPBZe_AlM1_4-7S18LJdW8g/view?usp=drive_link
509,เทศบาลตำบล,เขื่อนผาก,เขื่อนผาก,พร้าว,เชียงใหม่,557.68,2548,สจป.1 เชียงใหม่,เทศบาลตำบลเขื่อนผาก,19.29952355,99.18107351,50,,https://drive.google.com/file/d/1HukOxe2u2B2xhwT1o05mXhbjHqjzOTel/view?usp=drive_link,https://drive.google.com/file/d/1uNtzmkWlh6ZGixZTMwQezIhWU5Yo0KpB/view?usp=drive_link
510,เทศบาลตำบล,น้ำแพร่,น้ำแพร่,พร้าว,เชียงใหม่,876.13,2550,สจป.1 เชียงใหม่,เทศบาลตำบลน้ำแพร่,18.709758,98.900944,50,,https://drive.google.com/file/d/1EDlhV-1oaXb6BXwR4yROmc2SfOskC0Qc/view?usp=drive_link,https://drive.google.com/file/d/1ualJF50zub4EzD-LtpruOhuzBC1ZdcXA/view?usp=drive_link
511,เทศบาลตำบล,บ้านโป่ง,บ้านโป่ง,พร้าว,เชียงใหม่,127.25,2555,สจป.1 เชียงใหม่,เทศบาลตำบลบ้านโป่ง,19.3733883,99.1739462,45,https://drive.google.com/file/d/1llb8qHMNvpCWXCbFUNNUUjBYX607Auy3/view?usp=drive_link,,https://drive.google.com/file/d/1C6zYxnnRKSdWg6z42rTktUYb49b7yImp/view?usp=drive_link
512,เทศบาลตำบล,ป่าตุ้ม,ป่าตุ้ม,พร้าว,เชียงใหม่,"1,131.49",2550,สจป.1 เชียงใหม่,เทศบาลตำบลป่าตุ้ม,19.36691543,99.23062517,50,,https://drive.google.com/file/d/1dkA4nZ9JfKRvDG1LxLGSqe-r6i1s2wxT/view?usp=drive_link,https://drive.google.com/file/d/1OMb_xkKO68qfNWiEQt0_pLmKtnq1WB6W/view?usp=drive_link
513,เทศบาลตำบล,ป่าไหน่,ป่าไหน่,พร้าว,เชียงใหม่,"1,173.00",2555,สจป.1 เชียงใหม่,เทศบาลตำบลป่าไหน่,19.4090725,99.209166,50,https://drive.google.com/file/d/1SauqEUGKRkpKVku6vTWwLW70bIs6WOQm/view?usp=drive_link,,https://drive.google.com/file/d/1VsMkuAq-j0iXsBUDaT_7qUa6z2yO6Bzr/view?usp=drive_link
514,เทศบาลตำบล,แม่ปั๋ง,แม่ปั๋ง,พร้าว,เชียงใหม่,"8,221.57",2555,สจป.1 เชียงใหม่,เทศบาลตำบลแม่ปั๋ง,19.2509,99.1839,50,https://drive.google.com/file/d/11JNKQFAOJWADjZpuPRinfdubiqeuKXzo/view?usp=drive_link,,https://drive.google.com/file/d/1-xH5yvXsUXW4wFCGaeqwnRCGcZI5wc2S/view?usp=drive_link
515,องค์การบริหารส่วนตำบล,แม่แวน,แม่แวน,พร้าว,เชียงใหม่,"6,285.59",2555,สจป.1 เชียงใหม่,องค์การบริหารส่วนตำบลแม่แวน,19.3124716,99.1907498,50,https://drive.google.com/file/d/1XvHRvvFwwef1MvqMuBP1LfRpl_56OEdc/view?usp=drive_link,,https://drive.google.com/file/d/1DQvk3tpzUbhRGQFhphVmc4U7-uwGOrd7/view?usp=drive_link
516,องค์การบริหารส่วนตำบล,สันทราย,สันทราย,พร้าว,เชียงใหม่,"5,319.43",2548,สจป.1 เชียงใหม่,องค์การบริหารส่วนตำบลสันทราย,19.4188848,99.1879313,50,,https://drive.google.com/file/d/16vs8teBXIx2HyqKTll9md89ynbuX9CR7/view?usp=drive_link,
517,องค์การบริหารส่วนตำบล,โหล่งขอด,โหล่งขอด,พร้าว,เชียงใหม่,"9,739.84",2550,สจป.1 เชียงใหม่,องค์การบริหารส่วนตำบลโหล่งขอด,19.1100229,99.1808402,50,,https://drive.google.com/file/d/1YwLK-6wEjOwfhVOOLYGk-Kf1IdApT-op/view?usp=drive_link,https://drive.google.com/file/d/1RK85tqt7pSfQeIMBi-8jkIvQrIkCgdOw/view?usp=drive_link
518,องค์การบริหารส่วนตำบล,กองแขก,กองแขก,แม่แจ่ม,เชียงใหม่,"191,741.04",2559,สจป.1 เชียงใหม่,องค์การบริหารส่วนตำบลกองแขก,18.44246911,98.393839,100,,,
519,องค์การบริหารส่วนตำบล,ช่างเคิ่ง,ช่างเคิ่ง,แม่แจ่ม,เชียงใหม่,"73,182.52",2555,สจป.1 เชียงใหม่,องค์การบริหารส่วนตำบลช่างเคิ่ง,18.506491,98.352648,60,https://drive.google.com/file/d/1CGSr0EPLBNjqL9eZVCXxskz8kX0hdufs/view?usp=drive_link,,https://drive.google.com/file/d/1oXpIUT6oXImepz9GAwGDX1yGjICl2KAO/view?usp=drive_link
520,เทศบาลตำบล,แม่แจ่ม,ช่างเคิ่ง,แม่แจ่ม,เชียงใหม่,"1,356.93",2565,สจป.1 เชียงใหม่,เทศบาลตำบลแม่แจ่ม,18.4963744,98.3730563,45,,,https://drive.google.com/file/d/1GdFs3QjARAFjdnNR0uL7u0opJyRRYST6/view?usp=drive_link
521,เทศบาลตำบล,ท่าผา,ท่าผา,แม่แจ่ม,เชียงใหม่,"47,977.35",2565,สจป.1 เชียงใหม่,เทศบาลตำบลท่าผา,18.4850745,98.3782076,55,,,
522,องค์การบริหารส่วนตำบล,บ้านทับ,บ้านทับ,แม่แจ่ม,เชียงใหม่,"252,939.00",2555,สจป.1 เชียงใหม่,องค์การบริหารส่วนตำบลบ้านทับ,18.46663465,98.31190288,100,https://drive.google.com/file/d/14mL1yq_OstHyEFhuFv5Jfgkf40_6hstp/view?usp=drive_link,,https://drive.google.com/file/d/1d1dlZiMmnfqBDzj7bdi8grL_hbunOLZt/view?usp=drive_link
523,องค์การบริหารส่วนตำบล,ปางหินฝน,ปางหินฝน,แม่แจ่ม,เชียงใหม่,"152,488.16",2555,สจป.1 เชียงใหม่,องค์การบริหารส่วนตำบลปางหินฝน,18.5102319,98.2288428,60,https://drive.google.com/file/d/1hC7NTaVNUqtBqu1TCClaCewcR3hHtKiL/view?usp=drive_link,,https://drive.google.com/file/d/1FQuA9OFa70jMhpzJbNphc0YRfXhRXHLT/view?usp=drive_link
524,องค์การบริหารส่วนตำบล,แม่นาจร,แม่นาจร,แม่แจ่ม,เชียงใหม่,"428,292.52",2556,สจป.1 เชียงใหม่,องค์การบริหารส่วนตำบลแม่นาจร,18.679459,98.381687,100,https://drive.google.com/file/d/12V0qa_GS5EEcojyqWDHXgKq350HrKdyr/view?usp=drive_link,,https://drive.google.com/file/d/1d1Z-3Q_jPT00Hc5jSCkKjKoogEQiPLYE/view?usp=drive_link
525,องค์การบริหารส่วนตำบล,แม่ศึก,แม่ศึก,แม่แจ่ม,เชียงใหม่,"431,997.30",2550,สจป.1 เชียงใหม่,องค์การบริหารส่วนตำบลแม่ศึก,18.6758533,98.3408616,100,,https://drive.google.com/file/d/1oOm2lcwqAOmmc7_IeHOOT7v1Ch8I4X32/view?usp=drive_link,
526,องค์การบริหารส่วนตำบล,กื้ดช้าง,กื้ดช้าง,แม่แตง,เชียงใหม่,"89,042.92",2563,สจป.1 เชียงใหม่,องค์การบริหารส่วนตำบลกื้ดช้าง,19.2215892,98.8454646,60,,,https://drive.google.com/file/d/10D65JVFVRKra0KFXFkH0d4DzSejKSgCI/view?usp=drive_link
527,เทศบาลตำบล,จอมแจ้ง,ขี้เหล็ก,แม่แตง,เชียงใหม่,"9,263.74",2550,สจป.1 เชียงใหม่,เทศบาลตำบลจอมแจ้ง,19.0623909,98.9398091,50,,https://drive.google.com/file/d/1mPCydcbc_kQqLwd-5trAkPjaTtg8Nrpr/view?usp=drive_link,https://drive.google.com/file/d/1ya-RPUiBU0PGGU3Ud80kEYW8Jknj7h22/view?usp=drive_link
528,องค์การบริหารส่วนตำบล,บ้านช้าง,บ้านช้าง,แม่แตง,เชียงใหม่,"16,148.97",2550,สจป.1 เชียงใหม่,องค์การบริหารส่วนตำบลบ้านช้าง,19.1470717,98.8611825,50,,https://drive.google.com/file/d/1KbzcFtE-XAN0fc8Mqa-8AyoZ3RpgF4dm/view?usp=drive_link,https://drive.google.com/file/d/1s0CzCveVOHbigPdSmNkV3niFeNZFU_qL/view?usp=drive_link
529,เทศบาลตำบล,บ้านเป้า,บ้านเป้า,แม่แตง,เชียงใหม่,"6,333.09",2550,สจป.1 เชียงใหม่,เทศบาลตำบลบ้านเป้า,19.1894061,98.9986034,50,,https://drive.google.com/file/d/1DnLxiZkMiIAclx8AX41Gg27t9OnLkNLj/view?usp=drive_link,https://drive.google.com/file/d/1IeVytu5A3ndJfCeraN1XDhHzqCr2n-7Y/view?usp=drive_link
530,องค์การบริหารส่วนตำบล,ป่าแป๋,ป่าแป๋,แม่แตง,เชียงใหม่,"54,262.35",2563,สจป.1 เชียงใหม่,องค์การบริหารส่วนตำบลป่าแป๋,19.12181451,98.71559143,50,,,
531,องค์การบริหารส่วนตำบล,เมืองก๋าย,เมืองก๋าย,แม่แตง,เชียงใหม่,"34,201.06",2555,สจป.1 เชียงใหม่,องค์การบริหารส่วนตำบลเมืองก๋าย,19.17659771,98.80916163,55,https://drive.google.com/file/d/1BiIdLtc9n54gEO40CsdKKl7MoMbvvsHc/view?usp=drive_link,,https://drive.google.com/file/d/1KUhHcvgnNCO_7WQpzxBuC1lLmCv54bN2/view?usp=drive_link
532,เทศบาลตำบล,แม่แตง,แม่แตง,แม่แตง,เชียงใหม่,"13,823.05",2550,สจป.1 เชียงใหม่,เทศบาลตำบลแม่แตง,19.1381964,98.9314612,50,,https://drive.google.com/file/d/1potKPWmfmHkrJRNm6E6M7bXkXFjezvIN/view?usp=drive_link,https://drive.google.com/file/d/1dRz57sMVCBOWN9F_CLXueUOhlBk94U50/view?usp=drive_link
533,เทศบาลตำบล,แม่หอพระ,แม่หอพระ,แม่แตง,เชียงใหม่,"35,519.08",2548,สจป.1 เชียงใหม่,เทศบาลตำบลแม่หอพระ,19.113708,99.020279,50,,https://drive.google.com/file/d/1kSsFXEVvyfGB4sM57RI--Ckl_9Wg2MEg/view?usp=drive_link,
534,องค์การบริหารส่วนตำบล,สบเปิง,สบเปิง,แม่แตง,เชียงใหม่,"29,396.55",2555,สจป.1 เชียงใหม่,องค์การบริหารส่วนตำบลสบเปิง,19.09586863,98.84822081,55,https://drive.google.com/file/d/1Fln3oFyfTFHTkNt9eyfj7U2KJLypEqd6/view?usp=drive_link,,https://drive.google.com/file/d/1Vs0LLEQg0Mp5jrmnlCPNlRJDHdfopJxf/view?usp=drive_link
535,องค์การบริหารส่วนตำบล,สันป่ายาง,สันป่ายาง,แม่แตง,เชียงใหม่,"2,796.02",2555,สจป.1 เชียงใหม่,องค์การบริหารส่วนตำบลสันป่ายาง,19.0500591,98.8786278,50,https://drive.google.com/file/d/1r1KmtaiyuF5ExSH3320x4XowyGDWhua0/view?usp=drive_link,,https://drive.google.com/file/d/1tZ5ZZ3cLqazAWNQtvlX4u6aGne8JYo60/view?usp=drive_link
536,เทศบาลตำบล,สันมหาพน,สันมหาพน,แม่แตง,เชียงใหม่,"4,213.92",2555,สจป.1 เชียงใหม่,เทศบาลตำบลสันมหาพน,19.17532821,99.03042765,50,https://drive.google.com/file/d/176K_WQCmO3G3L1iyhGB0sPkDwRPgLelr/view?usp=drive_link,,https://drive.google.com/file/d/1JFap5g3kWShAp4n6fYTn4e-BqChZmtIg/view?usp=drive_link
537,เทศบาลตำบล,อินทขิล,อินทขิล,แม่แตง,เชียงใหม่,"43,712.43",2548,สจป.1 เชียงใหม่,เทศบาลตำบลอินทขิล,19.1641377,98.9484597,60,,https://drive.google.com/file/d/1DDxzQriSG5uC4L9i8AmKtqdtYVUFDEfK/view?usp=drive_link,
538,เทศบาลตำบล,ขี้เหล็ก,ขี้เหล็ก,แม่ริม,เชียงใหม่,"7,736.75",2563,สจป.1 เชียงใหม่,เทศบาลตำบลขี้เหล็ก,18.99214369,98.94497931,50,,,https://drive.google.com/file/d/1lWfzzefMby8tinnrQvRPdm9DK75mhuD2/view?usp=drive_link
539,องค์การบริหารส่วนตำบล,โป่งแยง,โป่งแยง,แม่ริม,เชียงใหม่,"12,999.96",2555,สจป.1 เชียงใหม่,องค์การบริหารส่วนตำบลโป่งแยง,18.8887721,98.8295858,50,https://drive.google.com/file/d/1rIJS9cQdvN2fmjIwt1WnYfUFcy_ZYvU-/view?usp=drive_link,,https://drive.google.com/file/d/1geRbrZFMIT8srA4BAH2cRzKTxHF04m5Y/view?usp=drive_link
540,เทศบาลตำบล,แม่แรม,แม่แรม,แม่ริม,เชียงใหม่,"17,211.89",2550,สจป.1 เชียงใหม่,เทศบาลตำบลแม่แรม,18.92010009,98.91764224,50,,https://drive.google.com/file/d/1zLl1CJrhe720MYuuiXXHXK4hED2cP_1q/view?usp=drive_link,https://drive.google.com/file/d/1ABFaXFt5jO7PauWAE73vipoWQ2LcTVS6/view?usp=drive_link
541,เทศบาลตำบล,สะลวง,สะลวง,แม่ริม,เชียงใหม่,"65,579.93",2555,สจป.1 เชียงใหม่,เทศบาลตำบลสะลวง,19.0137138,98.886754,55,https://drive.google.com/file/d/14GdfPzMmrxmdK3wiacyIS2NUrDJpf81A/view?usp=drive_link,,https://drive.google.com/file/d/1_IMsZ-jmaTavAVj34GPSaxKuesIGGr3c/view?usp=drive_link
542,เทศบาลตำบล,สันโป่ง,สันโป่ง,แม่ริม,เชียงใหม่,"1,577.52",2550,สจป.1 เชียงใหม่,เทศบาลตำบลสันโป่ง,18.9425087,98.9434435,45,,https://drive.google.com/file/d/1H7XYYud2VG5G8OFnx_jhXVEbYaTHe1CK/view?usp=drive_link,https://drive.google.com/file/d/1ei71jBlWAddQNMCuds_hIKYkL6Pz2qVP/view?usp=drive_link
543,องค์การบริหารส่วนตำบล,ห้วยทราย,ห้วยทราย,แม่ริม,เชียงใหม่,"13,659.19",2550,สจป.1 เชียงใหม่,องค์การบริหารส่วนตำบลห้วยทราย,18.96011857,98.91688317,50,,https://drive.google.com/file/d/1a9HIr5RK5g2-yESFrLlDsHCcmQ0wCvq4/view?usp=drive_link,https://drive.google.com/file/d/14I-i1QX6pgwspXFEaG2FJzR6YPPQBd2r/view?usp=drive_link
544,องค์การบริหารส่วนตำบล,ดอนเปา,ดอนเปา,แม่วาง,เชียงใหม่,"58,728.09",2550,สจป.1 เชียงใหม่,องค์การบริหารส่วนตำบลดอนเปา,18.6054606,98.81494045,50,,https://drive.google.com/file/d/1kf7hLONd0shbGfoUdfpO1vlJXrdBluKa/view?usp=drive_link,https://drive.google.com/file/d/1swVenE5IZcm859trWcMUQgnWLCx4526b/view?usp=drive_link
545,องค์การบริหารส่วนตำบล,ทุ่งปี๊,ทุ่งปี๊,แม่วาง,เชียงใหม่,"8,382.31",2563,สจป.1 เชียงใหม่,องค์การบริหารส่วนตำบลทุ่งปี๊,18.58602566,98.80075157,50,,,https://drive.google.com/file/d/1vAceA2BEW4Mvt9amK-xWzQHVr40S61Wk/view?usp=drive_link
546,องค์การบริหารส่วนตำบล,บ้านกาด,บ้านกาด,แม่วาง,เชียงใหม่,"11,557.68",2550,สจป.1 เชียงใหม่,องค์การบริหารส่วนตำบลบ้านกาด,18.60384894,98.79851407,50,,https://drive.google.com/file/d/11_6LBV2kBFWpt-8rho5GdCphhXwWKBBs/view?usp=sharing,https://drive.google.com/file/d/1lMbmeGWsGumsVRtEvRFOWl312dxknBmp/view?usp=drive_link
547,องค์การบริหารส่วนตำบล,แม่วิน,แม่วิน,แม่วาง,เชียงใหม่,"248,430.95",2550,สจป.1 เชียงใหม่,องค์การบริหารส่วนตำบลแม่วิน,18.65662175,98.6817497,80,,https://drive.google.com/file/d/13iM7AafgXMxpQ5o-G31Q6er4MoDpMyV8/view?usp=drive_link,
548,องค์การบริหารส่วนตำบล,ทาเหนือ,ทาเหนือ,แม่ออน,เชียงใหม่,"53,849.66",2550,สจป.1 เชียงใหม่,องค์การบริหารส่วนตำบลทาเหนือ,18.66468176,99.29242617,55,,https://drive.google.com/file/d/1p-sEX4n6pUqW3XNbcKetSfKMolENiOjk/view?usp=drive_link,https://drive.google.com/file/d/1SnlHSuuxXvBASeBI9nwupM0uIp-5P1-1/view?usp=drive_link
549,องค์การบริหารส่วนตำบล,บ้านสหกรณ์,บ้านสหกรณ์,แม่ออน,เชียงใหม่,"27,167.97",2550,สจป.1 เชียงใหม่,องค์การบริหารส่วนตำบลบ้านสหกรณ์,18.79816211,99.24457884,55,,https://drive.google.com/file/d/1fLYDk_DiiNTYN9lqZ9rHXI5N6AHVoruQ/view?usp=drive_link,https://drive.google.com/file/d/1Yz_BCclZZ5gRocUysKBcreB6dgXeQNFw/view?usp=drive_link
550,องค์การบริหารส่วนตำบล,แม่ทา,แม่ทา,แม่ออน,เชียงใหม่,"60,752.68",2550,สจป.1 เชียงใหม่,องค์การบริหารส่วนตำบลแม่ทา,18.5885372,99.2639929,60,,https://drive.google.com/file/d/1Tpb6oasF1hSWkpn8YMezEqkqOxVw5YLF/view?usp=drive_link,https://drive.google.com/file/d/1U3ykIzDEwT0bs62lFKoQM4XwR3uLueu0/view?usp=drive_link
551,องค์การบริหารส่วนตำบล,ห้วยแก้ว,ห้วยแก้ว,แม่ออน,เชียงใหม่,"48,168.17",2563,สจป.1 เชียงใหม่,องค์การบริหารส่วนตำบลห้วยแก้ว,18.85969145,99.27665323,55,,,
552,องค์การบริหารส่วนตำบล,ออนกลาง,ออนกลาง,แม่ออน,เชียงใหม่,"8,252.21",2556,สจป.1 เชียงใหม่,องค์การบริหารส่วนตำบลออนกลาง,18.770497,99.2525099,50,https://drive.google.com/file/d/1CWVRR_S2vuj5RsmQ06ocE_gfUAquaCvR/view?usp=drive_link,,https://drive.google.com/file/d/1Y6Rc80jnq-J-i_fC-y7FaB12aSxEKhCw/view?usp=drive_link
553,องค์การบริหารส่วนตำบล,ออนเหนือ,ออนเหนือ,แม่ออน,เชียงใหม่,"25,002.00",2550,สจป.1 เชียงใหม่,องค์การบริหารส่วนตำบลออนเหนือ,18.82528381,99.30649068,50,,https://drive.google.com/file/d/1iMxoJYxTvId3C4KJLb8XY_2Yvm9ukhVe/view?usp=drive_link,https://drive.google.com/file/d/1lqDSvyA7g_DquAS7dMDEBauOgFKskD-1/view?usp=drive_link
554,องค์การบริหารส่วนตำบล,ท่าตอน,ท่าตอน,แม่อาย,เชียงใหม่,"64,579.21",2563,สจป.1 เชียงใหม่,องค์การบริหารส่วนตำบลท่าตอน,20.0573352,99.3588674,80,,,
555,องค์การบริหารส่วนตำบล,บ้านหลวง,บ้านหลวง,แม่อาย,เชียงใหม่,"47,816.73",2548,สจป.1 เชียงใหม่,องค์การบริหารส่วนตำบลบ้านหลวง,19.91762249,99.29223955,60,,https://drive.google.com/file/d/1YPrsQDeOjyrQy2PQE6FAv4Mtm66vVGm5/view?usp=drive_link,
556,องค์การบริหารส่วนตำบล,แม่นาวาง,แม่นาวาง,แม่อาย,เชียงใหม่,"72,312.29",2563,สจป.1 เชียงใหม่,องค์การบริหารส่วนตำบลแม่นาวาง,19.99883785,99.33945179,60,,,
557,องค์การบริหารส่วนตำบล,แม่สาว,แม่สาว,แม่อาย,เชียงใหม่,"9,293.63",2548,สจป.1 เชียงใหม่,องค์การบริหารส่วนตำบลแม่สาว,19.98863465,99.25214589,50,,https://drive.google.com/file/d/1-jy7IVJBueM3FSW4Xt-NB4ZNetN5Iok1/view?usp=drive_link,https://drive.google.com/file/d/1pasujeSReK95pRDRTEPtZu6i8GqlDS8-/view?usp=drive_link
558,องค์การบริหารส่วนตำบล,เปียงหลวง,เปียงหลวง,เวียงแหง,เชียงใหม่,"27,223.14",2555,สจป.1 เชียงใหม่,องค์การบริหารส่วนตำบลเปียงหลวง,19.64921595,98.63482475,50,https://drive.google.com/file/d/18oQqai5pre9PiD6Xm4_dRqUVjRR6w8eM/view?usp=drive_link,,https://drive.google.com/file/d/1W2kp5hcsJM7gUgXwgecQDMa_ThtXqdzW/view?usp=drive_link
559,องค์การบริหารส่วนตำบล,เมืองแหง,เมืองแหง,เวียงแหง,เชียงใหม่,"60,712.62",2563,สจป.1 เชียงใหม่,องค์การบริหารส่วนตำบลเมืองแหง,19.57717424,98.62373653,60,,,
560,เทศบาลตำบล,แสนไห,แสนไห,เวียงแหง,เชียงใหม่,"3,831.23",2556,สจป.1 เชียงใหม่,เทศบาลตำบลแสนไห,19.626427,98.6295,50,https://drive.google.com/file/d/13oO1krWV6k7d_grF-ynZyLQrfcoaV-ts/view?usp=drive_link,,https://drive.google.com/file/d/1oN4qdbTNNCcZAvjoFPlofBzrpDsOXMLK/view?usp=drive_link
561,องค์การบริหารส่วนตำบล,บ่อแก้ว,บ่อแก้ว,สะเมิง,เชียงใหม่,"107,783.10",2550,สจป.1 เชียงใหม่,องค์การบริหารส่วนตำบลบ่อแก้ว,18.8483029,98.5679127,60,,https://drive.google.com/file/d/1-jy7IVJBueM3FSW4Xt-NB4ZNetN5Iok1/view?usp=drive_link,https://drive.google.com/file/d/1QV3Mj7P-0KhsWFKt8FCb4tb0ygI7se4W/view?usp=drive_link
562,เทศบาลตำบล,แม่สาบ,แม่สาบ,สะเมิง,เชียงใหม่,"50,937.42",2560,สจป.1 เชียงใหม่,เทศบาลตำบลแม่สาบ,18.954273,98.682341,60,,https://drive.google.com/file/d/10pN5Ilj1ZZ79a4DxFG9ZkUeDGqgE7pQc/view?usp=drive_link,https://drive.google.com/file/d/1hr2w_CH2tFaetH2xlD0vUJTD77AcKoOp/view?usp=drive_link
563,องค์การบริหารส่วนตำบล,ยั้งเมิน,ยั้งเมิน,สะเมิง,เชียงใหม่,"9,787.85",2550,สจป.1 เชียงใหม่,องค์การบริหารส่วนตำบลยั้งเมิน,18.9888818,98.5724664,50,,https://drive.google.com/file/d/1efFH4SC9d6jYlPtDTbQwR1aMwaQRtVWY/view?usp=drive_link,https://drive.google.com/file/d/1D4YHzoqV1qXlB9R8H2TGPH5G3WOvr6N5/view?usp=drive_link
564,เทศบาลตำบล,สะเมิงใต้,สะเมิงใต้,สะเมิง,เชียงใหม่,"103,257.45",2555,สจป.1 เชียงใหม่,เทศบาลตำบลสะเมิงใต้,18.8472248,98.7303326,80,https://drive.google.com/file/d/13gqDhsm47BrirqpV-yHJAXv1ouGEMyWF/view?usp=drive_link,,https://drive.google.com/file/d/1qppLkZa87pfjCz8fTuP8H5mMD1udTHmP/view?usp=drive_link
565,องค์การบริหารส่วนตำบล,สะเมิงเหนือ,สะเมิงเหนือ,สะเมิง,เชียงใหม่,"49,967.86",2550,สจป.1 เชียงใหม่,องค์การบริหารส่วนตำบลสะเมิงเหนือ,18.9720593,98.7263599,60,,https://drive.google.com/file/d/1FbR07DDA1j0ENyzJBtZdhqATYf3KBMwS/view?usp=drive_link,https://drive.google.com/file/d/1BbjU5o7FGm63SWYIEjEb4o8LI_t2DkvU/view?usp=drive_link
566,เทศบาลตำบล,ร้องวัวแดง,ร้องวัวแดง,สันกำแพง,เชียงใหม่,"2,761.26",2556,สจป.1 เชียงใหม่,เทศบาลตำบลร้องวัวแดง,18.74161311,99.19299781,50,https://drive.google.com/file/d/121xVUVUEThAkZj9yiYKc_zCefvH35Pdl/view?usp=drive_link,,https://drive.google.com/file/d/1hG2qrKK7Ynw4WYHaolTBx6p9X4vUbItB/view?usp=drive_link
567,เทศบาลตำบล,ห้วยทราย,ห้วยทราย,สันกำแพง,เชียงใหม่,"12,683.22",2556,สจป.1 เชียงใหม่,เทศบาลตำบลห้วยทราย,18.7884978,99.1624706,55,https://drive.google.com/file/d/180s2Lwws0XIl2GVwnqejhJtH0qVrSN-x/view?usp=drive_link,,https://drive.google.com/file/d/12i3_L48Gh9x1AVfAzfOfarXuAIAlEfDL/view?usp=drive_link
568,เทศบาลตำบล,ออนใต้,ออนใต้,สันกำแพง,เชียงใหม่,"2,625.28",2550,สจป.1 เชียงใหม่,เทศบาลตำบลออนใต้,18.7348905,99.2075173,50,,https://drive.google.com/file/d/1w8qPXE9V4OXXXl5VDUAbLzhU_1-2sC5_/view?usp=drive_link,https://drive.google.com/file/d/13Fu1tKoIfvGXT0z1jC4r-4BZRlvC2VU_/view?usp=drive_link
569,เทศบาลตำบล,ป่าไผ่,ป่าไผ่,สันทราย,เชียงใหม่,"15,025.86",2550,สจป.1 เชียงใหม่,เทศบาลตำบลป่าไผ่,18.8979424,99.0499229,50,,https://drive.google.com/file/d/1q_TDTPQF-QPlA5knQPvLCsOWIWQxwM0z/view?usp=drive_link,https://drive.google.com/file/d/15DFuo5-orsgLAlJMn1QG4RhZPOAe4C55/view?usp=drive_link
570,เทศบาลตำบล,แม่แฝก,แม่แฝก,สันทราย,เชียงใหม่,"50,041.49",2550,สจป.1 เชียงใหม่,เทศบาลตำบลแม่แฝก,19.01477518,98.97031546,65,,,
571,เทศบาลตำบล,เจดีย์แม่ครัว,แม่แฝกใหม่,สันทราย,เชียงใหม่,"50,057.06",2563,สจป.1 เชียงใหม่,เทศบาลตำบลเจดีย์แม่ครัว,18.99754215,98.97813133,75,,https://drive.google.com/file/d/1peeJhSKX51z99FgdnuoW9nejKxph3mbt/view?usp=drive_link,https://drive.google.com/file/d/1YwH9zuqQPO7rYTMRYosIhJ8tw2EmI_y_/view?usp=drive_link
572,เทศบาลตำบล,หนองหาร,หนองหาร,สันทราย,เชียงใหม่,"8,811.01",2563,สจป.1 เชียงใหม่,เทศบาลตำบลหนองหาร,18.932146,99.023422,50,,,
573,เทศบาลตำบล,หนองแหย่ง,หนองแหย่ง,สันทราย,เชียงใหม่,"10,295.81",2550,สจป.1 เชียงใหม่,เทศบาลตำบลหนองแหย่ง,18.89143637,99.09559339,50,,https://drive.google.com/file/d/1jxvchux6NIxHKhopQVgkEi4bBZJzjhKp/view?usp=drive_link,https://drive.google.com/file/d/1G7JivaAe4YhT4HoHdzoC3hwrsxkRZpvv/view?usp=drive_link
574,องค์การบริหารส่วนตำบล,น้ำบ่อหลวง,น้ำบ่อหลวง,สันป่าตอง,เชียงใหม่,"12,041.32",2550,สจป.1 เชียงใหม่,องค์การบริหารส่วนตำบลน้ำบ่อหลวง,18.642021,98.849363,50,,https://drive.google.com/file/d/1uq5PDibncNgYf2gZc5Yr8PMF-aOe27YY/view?usp=drive_link,https://drive.google.com/file/d/1BBAc6WEmdjBSJarBN2U7VpcDyDxrJHa0/view?usp=drive_link
575,เทศบาลตำบล,สันกลาง,สันกลาง,สันป่าตอง,เชียงใหม่,"1,910.22",2550,สจป.1 เชียงใหม่,เทศบาลตำบลสันกลาง,18.768174,99.055103,50,,https://drive.google.com/file/d/10EeI-kA993_hpNYVAwoQHL0DDnl4lgSG/view?usp=drive_link,https://drive.google.com/file/d/1pGgph0YOPpR3FvBqLIoeCZjABJutvkhn/view?usp=drive_link
576,เทศบาลตำบล,น้ำแพร่พัฒนา,น้ำแพร่,หางดง,เชียงใหม่,"34,081.68",2563,สจป.1 เชียงใหม่,เทศบาลตำบลน้ำแพร่พัฒนา,18.723146,98.821553,50,,,https://drive.google.com/file/d/1PkJJBhZclf5BnM8V4s5ZKuKQR3Nwv2vo/view?usp=drive_link
577,เทศบาลตำบล,บ้านปง,บ้านปง,หางดง,เชียงใหม่,"27,668.83",2550,สจป.1 เชียงใหม่,เทศบาลตำบลบ้านปง,18.7501771,98.8896442,50,,https://drive.google.com/file/d/12chreK7w3ZyDzH8TXUtik6rhGSwhjw45/view?usp=drive_link,https://drive.google.com/file/d/1dE1LhBe_cmdR16t49Ds2aPEGJ5TBXMs8/view?usp=drive_link
578,องค์การบริหารส่วนตำบล,นาเกียน,นาเกียน,อมก๋อย,เชียงใหม่,"271,198.16",2555,สจป.1 เชียงใหม่,องค์การบริหารส่วนตำบลนาเกียน,17.8635497,98.2088856,80,https://drive.google.com/file/d/17Ld5bX0hagP0OrrUXs5OY9u7sYqUZLBH/view?usp=drive_link,,https://drive.google.com/file/d/1WXzJGoWngsiI_7PkCqwi7Z_QtASE39aW/view?usp=drive_link
579,องค์การบริหารส่วนตำบล,ม่อนจอง,ม่อนจอง,อมก๋อย,เชียงใหม่,"15,727.60",2555,สจป.1 เชียงใหม่,องค์การบริหารส่วนตำบลม่อนจอง,17.38144,98.476939,50,https://drive.google.com/file/d/1J50y8q32hh1NMhswa1T4wVjIZiWLvxQt/view?usp=drive_link,,https://drive.google.com/file/d/1AIKIezRrsJXuTMOFdjDyNmKkoO5-5k4G/view?usp=drive_link
580,เทศบาลตำบล,แม่ตื่น,แม่ตื่น,อมก๋อย,เชียงใหม่,"176,732.79",2555,สจป.1 เชียงใหม่,เทศบาลตำบลแม่ตื่น,17.4067059,98.462466,80,https://drive.google.com/file/d/18OJR1J6TfV9D5WIE-D0W3fYhIjx6-In4/view?usp=drive_link,,https://drive.google.com/file/d/1yRDeKfPTeTbSg1ta5HHUME8ao6K8EWWQ/view?usp=drive_link
581,องค์การบริหารส่วนตำบล,ยางเปียง,ยางเปียง,อมก๋อย,เชียงใหม่,"349,149.99",2548,สจป.1 เชียงใหม่,องค์การบริหารส่วนตำบลยางเปียง,17.6855681,98.39647293,100,,https://drive.google.com/file/d/19_p6W3QaeeixKdc1KD58dTCky8mlBAuk/view?usp=drive_link,
582,องค์การบริหารส่วนตำบล,แม่หลอง,สบโขง,อมก๋อย,เชียงใหม่,"197,631.91",2555,สจป.1 เชียงใหม่,องค์การบริหารส่วนตำบลแม่หลอง,17.69342847,98.24074388,60,https://drive.google.com/file/d/1gq8QGHGHm1y2q24bJO9zIBhdMVoLivyC/view?usp=drive_link,,https://drive.google.com/file/d/1EvoTn3c-rD3_UpUlat2aoIjoPuEERfAT/view?usp=drive_link
583,องค์การบริหารส่วนตำบล,อมก๋อย,อมก๋อย,อมก๋อย,เชียงใหม่,"292,111.96",2563,สจป.1 เชียงใหม่,องค์การบริหารส่วนตำบลอมก๋อย,17.92007546,98.33001047,100,,,
584,องค์การบริหารส่วนตำบล,นาคอเรือ,นาคอเรือ,ฮอด,เชียงใหม่,"158,679.31",2555,สจป.1 เชียงใหม่,องค์การบริหารส่วนตำบลนาคอเรือ,18.071078,98.55217,100,https://drive.google.com/file/d/1egG02AEYQwYeAcWg-moxytZelB0y-xZk/view?usp=drive_link,,https://drive.google.com/file/d/1Z_MphO2LWbVkLXZ-1FIRKLxOTsL71jrN/view?usp=drive_link
585,องค์การบริหารส่วนตำบล,บ่อสลี,บ่อสลี,ฮอด,เชียงใหม่,"135,659.63",2555,สจป.1 เชียงใหม่,องค์การบริหารส่วนตำบลบ่อสลี,18.1459955,98.2638992,80,,,https://drive.google.com/file/d/1nOES8pztK4xOdyb0t5DptNBAYp4-nAdt/view?usp=drive_link
586,เทศบาลตำบล,บ่อหลวง,บ่อหลวง,ฮอด,เชียงใหม่,"219,745.39",2555,สจป.1 เชียงใหม่,เทศบาลตำบลบ่อหลวง,18.1476888,98.3482274,100,,,https://drive.google.com/file/d/1JaPQIai1RmyA7g_P5c4n_qFwTDEHQ7w9/view?usp=drive_link
587,เทศบาลตำบล,บ้านตาล,บ้านตาล,ฮอด,เชียงใหม่,"35,375.92",2556,สจป.1 เชียงใหม่,เทศบาลตำบลบ้านตาล,18.0950857,98.661482,55,https://drive.google.com/file/d/13Ph1mq8TgNp_FKi7HOSv-JC794LPmc8O/view?usp=drive_link,,https://drive.google.com/file/d/1I0tBZv0wdWvh-rPfLrRhVGHu-Cv4IZ29/view?usp=drive_link
588,องค์การบริหารส่วนตำบล,หางดง,หางดง,ฮอด,เชียงใหม่,"3,286.63",2555,สจป.1 เชียงใหม่,องค์การบริหารส่วนตำบลหางดง,18.193233,98.52884,50,https://drive.google.com/file/d/1zkSVDKpGCqiZnkVH1lls60IMmXTYm1Mt/view?usp=drive_link,,https://drive.google.com/file/d/1qay_cKagNNDZvyGqxZZRXpUB0VE1e-KA/view?usp=drive_link
589,องค์การบริหารส่วนตำบล,ฮอด,ฮอด,ฮอด,เชียงใหม่,"2,969.60",2550,สจป.1 เชียงใหม่,องค์การบริหารส่วนตำบลฮอด,18.1184827,98.6033862,50,,https://drive.google.com/file/d/1jB4UicWVANIbbyUqDdzbqcQxyzrR0LIM/view?usp=drive_link,https://drive.google.com/file/d/1n-gmDLQj0hFjrrdrflmi-lr0-sH3uBUM/view?usp=drive_link
590,องค์การบริหารส่วนตำบล,คลองชีล้อม,คลองชีล้อม,กันตัง,ตรัง,"2,895.72",2556,สจป.12 นครศรีธรรมราช,องค์การบริหารส่วนตำบลคลองชีล้อม,7.4459361,99.5792906,5,,,
591,องค์การบริหารส่วนตำบล,คลองลุ,คลองลุ,กันตัง,ตรัง,"2,008.42",2555,สจป.12 นครศรีธรรมราช,องค์การบริหารส่วนตำบลคลองลุ,7.487589,99.520874,0,,,
592,องค์การบริหารส่วนตำบล,นาเกลือ,นาเกลือ,กันตัง,ตรัง,0,2549,สจป.12 นครศรีธรรมราช,องค์การบริหารส่วนตำบลนาเกลือ,7.3472236,99.4792602,0,https://drive.google.com/file/d/1ZT_gZRryCksC51JyarKB9kOxLv64nwLw/view?usp=drive_link,https://drive.google.com/file/d/1JaOvXRhUrTLM7u_oTmpfv-gZl49et-8l/view?usp=drive_link,https://drive.google.com/file/d/1ZT_gZRryCksC51JyarKB9kOxLv64nwLw/view?usp=drive_link
593,องค์การบริหารส่วนตำบล,บางสัก,บางสัก,กันตัง,ตรัง,"2,974.12",2550,สจป.12 นครศรีธรรมราช,องค์การบริหารส่วนตำบลบางสัก,7.3938688,99.4211801,0,https://drive.google.com/file/d/1q4Dv1LRIqUThIBHq8_t4gnEGprXGj_J8/view?usp=drive_link,https://drive.google.com/file/d/190_ecw8ZRMKdNGvibRsCwoYeLZqWnPq1/view?usp=drive_link,https://drive.google.com/file/d/1q4Dv1LRIqUThIBHq8_t4gnEGprXGj_J8/view?usp=drive_link
594,องค์การบริหารส่วนตำบล,โคกสะบ้า,โคกสะบ้า,นาโยง,ตรัง,46.17,2556,สจป.12 นครศรีธรรมราช,องค์การบริหารส่วนตำบลโคกสะบ้า,7.49534,99.700909,0,,,
595,องค์การบริหารส่วนตำบล,ช่อง,ช่อง,นาโยง,ตรัง,"2,587.81",2556,สจป.12 นครศรีธรรมราช,องค์การบริหารส่วนตำบลช่อง,7.568076,99.790878,5,,,
596,องค์การบริหารส่วนตำบล,ละมอ,ละมอ,นาโยง,ตรัง,104.38,2556,สจป.12 นครศรีธรรมราช,องค์การบริหารส่วนตำบลละมอ,7.556840916,99.72887971,0,,,
597,องค์การบริหารส่วนตำบล,เกาะสุกร,เกาะสุกร,ปะเหลียน,ตรัง,842.92,2556,สจป.12 นครศรีธรรมราช,องค์การบริหารส่วนตำบลเกาะสุกร,7.109794,99.5809644,0,,,
598,องค์การบริหารส่วนตำบล,ท่าข้าม,ท่าข้าม,ปะเหลียน,ตรัง,"3,630.27",2555,สจป.12 นครศรีธรรมราช,องค์การบริหารส่วนตำบลท่าข้าม,7.1396697,99.683062,0,,,
599,องค์การบริหารส่วนตำบล,ทุ่งยาว,ทุ่งยาว,ปะเหลียน,ตรัง,"2,624.64",2555,สจป.12 นครศรีธรรมราช,องค์การบริหารส่วนตำบลทุ่งยาว,7.2189463,99.7277454,0,,,
600,องค์การบริหารส่วนตำบล,บ้านนา,บ้านนา,ปะเหลียน,ตรัง,"3,155.93",2555,สจป.12 นครศรีธรรมราช,องค์การบริหารส่วนตำบลบ้านนา,7.3198928,99.6736003,0,,,
601,องค์การบริหารส่วนตำบล,ปะเหลียน,ปะเหลียน,ปะเหลียน,ตรัง,"17,239.63",2556,สจป.12 นครศรีธรรมราช,องค์การบริหารส่วนตำบลปะเหลียน,7.329778414,99.80750129,5,,,
602,องค์การบริหารส่วนตำบล,ลิพัง,ลิพัง,ปะเหลียน,ตรัง,"21,914.15",2555,สจป.12 นครศรีธรรมราช,องค์การบริหารส่วนตำบลลิพัง,7.192898861,99.76644337,0,,,
603,องค์การบริหารส่วนตำบล,สุโสะ,สุโสะ,ปะเหลียน,ตรัง,"8,533.59",2556,สจป.12 นครศรีธรรมราช,องค์การบริหารส่วนตำบลสุโสะ,7.235981286,99.69060801,0,,,
604,องค์การบริหารส่วนตำบล,แหลมสอม,แหลมสอม,ปะเหลียน,ตรัง,517.14,2555,สจป.12 นครศรีธรรมราช,องค์การบริหารส่วนตำบลแหลมสอม,7.2829208,99.7557422,0,,,
605,องค์การบริหารส่วนตำบล,นาโต๊ะหมิง,นาโต๊ะหมิง,เมืองตรัง,ตรัง,504.58,2555,สจป.12 นครศรีธรรมราช,องค์การบริหารส่วนตำบลนาโต๊ะหมิง,7.5485901,99.5221502,0,,,
606,องค์การบริหารส่วนตำบล,นาท่ามใต้,นาท่ามใต้,เมืองตรัง,ตรัง,64.33,2549,สจป.12 นครศรีธรรมราช,องค์การบริหารส่วนตำบลนาท่ามใต้,7.6376421,99.5406131,0,,https://drive.google.com/file/d/1KXmfJzAJtIjkErsAWIOkWAQDCSkiAkWT/view?usp=drive_link,https://drive.google.com/file/d/191Qko6v2gQedQz67rGI5lTnpbMP97QC2/view?usp=drive_link
607,องค์การบริหารส่วนตำบล,นาท่ามเหนือ,นาท่ามเหนือ,เมืองตรัง,ตรัง,"2,790.38",2549,สจป.12 นครศรีธรรมราช,องค์การบริหารส่วนตำบลนาท่ามเหนือ,7.6546879,99.614984,0,,https://drive.google.com/file/d/1e9SloQvwk9W-qO8asYGFHsiu0BRInrmu/view?usp=drive_link,https://drive.google.com/file/d/1sppw9dOoaNxWUadTI3ypLJSiq_5XzuNH/view?usp=drive_link
608,องค์การบริหารส่วนตำบล,น้ำผุด,น้ำผุด,เมืองตรัง,ตรัง,"3,093.60",2555,สจป.12 นครศรีธรรมราช,องค์การบริหารส่วนตำบลน้ำผุด,7.65999,99.680642,0,,,
609,องค์การบริหารส่วนตำบล,บ้านโพธิ์,บ้านโพธิ์,เมืองตรัง,ตรัง,0,2549,สจป.12 นครศรีธรรมราช,องค์การบริหารส่วนตำบลบ้านโพธิ์,7.6005375,99.6470501,0,https://drive.google.com/file/d/1mL3XTCK4lfmDJSyGJ93v7DR_nJqPG876/view?usp=drive_link,https://drive.google.com/file/d/1_VsNkXXTM8KDlnQr5A5Xr0_4UAnn1fpK/view?usp=drive_link,https://drive.google.com/file/d/1mL3XTCK4lfmDJSyGJ93v7DR_nJqPG876/view?usp=drive_link
610,องค์การบริหารส่วนตำบล,หนองตรุด,หนองตรุด,เมืองตรัง,ตรัง,"1,128.87",2549,สจป.12 นครศรีธรรมราช,องค์การบริหารส่วนตำบลหนองตรุด,7.595466,99.549203,0,https://drive.google.com/file/d/1DUcHtHHlcZ36NjsBIFLVjvbAKZstIXvr/view?usp=drive_link,https://drive.google.com/file/d/1JBV2Tu7ahKqG-Xr9_ZIzH6UDt6Slrm6F/view?usp=drive_link,https://drive.google.com/file/d/1DUcHtHHlcZ36NjsBIFLVjvbAKZstIXvr/view?usp=drive_link
611,เทศบาลตำบล,ทุ่งกระบือ,ทุ่งกระบือ,ย่านตาขาว,ตรัง,"4,132.28",2549,สจป.12 นครศรีธรรมราช,เทศบาลตำบลทุ่งกระบือ,7.405313603,99.64081272,0,https://drive.google.com/file/d/1CHGOJMc0Zj7eosfzDofjgqUL4GTuoWYF/view?usp=drive_link,https://drive.google.com/file/d/1MAJReRO1_9g15JoespPLTQNPl_EgGTtm/view?usp=drive_link,https://drive.google.com/file/d/1CHGOJMc0Zj7eosfzDofjgqUL4GTuoWYF/view?usp=drive_link
612,องค์การบริหารส่วนตำบล,ทุ่งค่าย,ทุ่งค่าย,ย่านตาขาว,ตรัง,454.23,2555,สจป.12 นครศรีธรรมราช,องค์การบริหารส่วนตำบลทุ่งค่าย,7.462195863,99.6579802,0,,,
613,องค์การบริหารส่วนตำบล,นาชุมเห็ด,นาชุมเห็ด,ย่านตาขาว,ตรัง,"4,951.05",2556,สจป.12 นครศรีธรรมราช,องค์การบริหารส่วนตำบลนาชุมเห็ด,7.4694906,99.7547841,0,,,
614,องค์การบริหารส่วนตำบล,โพรงจระเข้,โพรงจระเข้,ย่านตาขาว,ตรัง,"2,404.44",2556,สจป.12 นครศรีธรรมราช,องค์การบริหารส่วนตำบลโพรงจระเข้,7.415836,99.7984613,0,,,
615,องค์การบริหารส่วนตำบล,เขาไพร,เขาไพร,รัษฎา,ตรัง,"1,940.38",2556,สจป.12 นครศรีธรรมราช,องค์การบริหารส่วนตำบลเขาไพร,7.976549727,99.69268799,0,,,
616,องค์การบริหารส่วนตำบล,หนองบัว,หนองบัว,รัษฎา,ตรัง,"4,097.95",2556,สจป.12 นครศรีธรรมราช,องค์การบริหารส่วนตำบลหนองบัว,7.9849024,99.6912854,0,,,
617,องค์การบริหารส่วนตำบล,หนองปรือ,หนองปรือ,รัษฎา,ตรัง,"2,585.08",2556,สจป.12 นครศรีธรรมราช,องค์การบริหารส่วนตำบลหนองปรือ,7.8874425,99.6333716,0,,,
618,องค์การบริหารส่วนตำบล,เขาวิเศษ,เขาวิเศษ,วังวิเศษ,ตรัง,"8,595.16",2555,สจป.12 นครศรีธรรมราช,องค์การบริหารส่วนตำบลเขาวิเศษ,7.749094381,99.45304871,0,,,
619,องค์การบริหารส่วนตำบล,วังมะปราง,วังมะปราง,วังวิเศษ,ตรัง,"9,233.40",2555,สจป.12 นครศรีธรรมราช,องค์การบริหารส่วนตำบลวังมะปราง,7.688027921,99.40203848,5,,,
620,องค์การบริหารส่วนตำบล,วังมะปรางเหนือ,วังมะปรางเหนือ,วังวิเศษ,ตรัง,"3,579.40",2555,สจป.12 นครศรีธรรมราช,องค์การบริหารส่วนตำบลวังมะปรางเหนือ,7.73692187,99.39756989,5,,,
621,องค์การบริหารส่วนตำบล,อ่าวตง,อ่าวตง,วังวิเศษ,ตรัง,"29,756.98",2555,สจป.12 นครศรีธรรมราช,องค์การบริหารส่วนตำบลอ่าวตง,7.856096279,99.38452631,5,,,
622,องค์การบริหารส่วนตำบล,กะลาเส,กะลาเส,สิเกา,ตรัง,"5,514.90",2555,สจป.12 นครศรีธรรมราช,องค์การบริหารส่วนตำบลกะลาเส,7.7040991,99.3177199,0,,,
623,องค์การบริหารส่วนตำบล,เขาไม้แก้ว,เขาไม้แก้ว,สิเกา,ตรัง,"8,680.64",2555,สจป.12 นครศรีธรรมราช,องค์การบริหารส่วนตำบลเขาไม้แก้ว,7.625184199,99.3204309,0,,,
624,องค์การบริหารส่วนตำบล,บ่อหิน,บ่อหิน,สิเกา,ตรัง,"12,735.07",2555,สจป.12 นครศรีธรรมราช,องค์การบริหารส่วนตำบลบ่อหิน,7.569368207,99.33575571,5,,,
625,องค์การบริหารส่วนตำบล,ไม้ฝาด,ไม้ฝาด,สิเกา,ตรัง,"29,808.06",2555,สจป.12 นครศรีธรรมราช,องค์การบริหารส่วนตำบลไม้ฝาด,7.4954707,99.3276902,5,,,
626,องค์การบริหารส่วนตำบล,เขากอบ,เขากอบ,ห้วยยอด,ตรัง,"1,291.89",2556,สจป.12 นครศรีธรรมราช,องค์การบริหารส่วนตำบลเขากอบ,7.795527415,99.57205296,0,,,
627,องค์การบริหารส่วนตำบล,เขาปูน,เขาปูน,ห้วยยอด,ตรัง,931.64,2556,สจป.12 นครศรีธรรมราช,องค์การบริหารส่วนตำบลเขาปูน,7.8144765,99.6701227,0,,,
628,เทศบาลตำบล,ท่างิ้ว,ท่างิ้ว,ห้วยยอด,ตรัง,663.97,2556,สจป.12 นครศรีธรรมราช,เทศบาลตำบลท่างิ้ว,7.834502,99.64940116,0,,,
629,องค์การบริหารส่วนตำบล,นาวง,นาวง,ห้วยยอด,ตรัง,"5,509.66",2556,สจป.12 นครศรีธรรมราช,องค์การบริหารส่วนตำบลนาวง,7.7334832,99.5160495,5,,,
630,องค์การบริหารส่วนตำบล,ในเตา,ในเตา,ห้วยยอด,ตรัง,"1,079.18",2556,สจป.12 นครศรีธรรมราช,องค์การบริหารส่วนตำบลในเตา,7.863381805,99.73320007,0,,,
631,องค์การบริหารส่วนตำบล,บางกุ้ง,บางกุ้ง,ห้วยยอด,ตรัง,"4,270.58",2549,สจป.12 นครศรีธรรมราช,องค์การบริหารส่วนตำบลบางกุ้ง,7.7643163,99.4719985,0,https://drive.google.com/file/d/1xZCxcBNrjMh1y47L1oMseR1-vTyKMwoQ/view?usp=drive_link,https://drive.google.com/file/d/1K1btre3iNUbXo2hBubidAEoZVoRMQYGu/view?usp=drive_link,https://drive.google.com/file/d/1xZCxcBNrjMh1y47L1oMseR1-vTyKMwoQ/view?usp=drive_link
632,องค์การบริหารส่วนตำบล,บางดี,บางดี,ห้วยยอด,ตรัง,"11,609.10",2556,สจป.12 นครศรีธรรมราช,องค์การบริหารส่วนตำบลบางดี,7.825491422,99.50393021,5,,,
633,องค์การบริหารส่วนตำบล,ปากแจ่ม,ปากแจ่ม,ห้วยยอด,ตรัง,"7,976.16",2550,สจป.12 นครศรีธรรมราช,องค์การบริหารส่วนตำบลปากแจ่ม,7.724727744,99.66020107,0,,https://drive.google.com/file/d/1vw4K_Nv7JaJ9EdIwUSNecGQ9cx0d38U6/view?usp=drive_link,
634,องค์การบริหารส่วนตำบล,วังคีรี,วังคีรี,ห้วยยอด,ตรัง,"2,457.24",2556,สจป.12 นครศรีธรรมราช,องค์การบริหารส่วนตำบลวังคีรี,7.779455,99.471073,0,,,
635,องค์การบริหารส่วนตำบล,หนองช้างแล่น,หนองช้างแล่น,ห้วยยอด,ตรัง,485.17,2549,สจป.12 นครศรีธรรมราช,องค์การบริหารส่วนตำบลหนองช้างแล่น,7.825479,99.592075,0,https://drive.google.com/file/d/1Bjb2TpID60XM1jnu7kCEuOmjHNidqhGE/view?usp=drive_link,https://drive.google.com/file/d/1RUjIYJUJSpzsNQXoewaq2nzIgGTyHpwC/view?usp=drive_link,https://drive.google.com/file/d/1Bjb2TpID60XM1jnu7kCEuOmjHNidqhGE/view?usp=drive_link
636,องค์การบริหารส่วนตำบล,ห้วยยอด,ห้วยยอด,ห้วยยอด,ตรัง,163.55,2556,สจป.12 นครศรีธรรมราช,องค์การบริหารส่วนตำบลห้วยยอด,7.76205,99.6453497,0,,,
637,องค์การบริหารส่วนตำบล,ตะเสะ,ตะเสะ,หาดสำราญ,ตรัง,"5,307.98",2556,สจป.12 นครศรีธรรมราช,องค์การบริหารส่วนตำบลตะเสะ,7.1736525,99.5805108,0,,,
638,องค์การบริหารส่วนตำบล,บ้าหวี,บ้าหวี,หาดสำราญ,ตรัง,"7,403.54",2556,สจป.12 นครศรีธรรมราช,องค์การบริหารส่วนตำบลบ้าหวี,7.2677989,99.5987389,0,,,
639,องค์การบริหารส่วนตำบล,เขาสมิง,เขาสมิง,เขาสมิง,ตราด,"6,930.87",2548,สจป.9 ชลบุรี,องค์การบริหารส่วนตำบลเขาสมิง,12.32658586,102.4590325,0,,https://drive.google.com/file/d/1AAGwL86qgVJU6oA5lif9A3A3kCmg5LQ0/view?usp=drive_link,https://drive.google.com/file/d/1HWXmVxJ4VxeZJalWNNqjGLW4W95LTMto/view?usp=drive_link
640,องค์การบริหารส่วนตำบล,ท่าโสม,ท่าโสม,เขาสมิง,ตราด,"2,862.58",2548,สจป.9 ชลบุรี,องค์การบริหารส่วนตำบลท่าโสม,12.3119966,102.3508582,0,https://drive.google.com/file/d/1FmEB30GNcmvjglhoKKR6nJjWtG5tSpEX/view?usp=drive_link,https://drive.google.com/file/d/1wyaUl74uzpcJ7jc2kZPdq0S6S5XZa7I5/view?usp=drive_link,https://drive.google.com/file/d/1FmEB30GNcmvjglhoKKR6nJjWtG5tSpEX/view?usp=drive_link
641,องค์การบริหารส่วนตำบล,เทพนิมิต,เทพนิมิต,เขาสมิง,ตราด,58.96,2550,สจป.9 ชลบุรี,องค์การบริหารส่วนตำบลเทพนิมิต,12.4515666,102.434528,0,https://drive.google.com/file/d/1gT22njIVmOfkChEurasbSwo1umgW47_o/view?usp=drive_link,https://drive.google.com/file/d/1XbpEINZWSoe-fZ2_Wx-jHLZNyUAZ-DKE/view?usp=drive_link,https://drive.google.com/file/d/1gT22njIVmOfkChEurasbSwo1umgW47_o/view?usp=drive_link
642,องค์การบริหารส่วนตำบล,ประณีต,ประณีต,เขาสมิง,ตราด,"1,017.52",2550,สจป.9 ชลบุรี,องค์การบริหารส่วนตำบลประณีต,12.51805449,102.372762,20,https://drive.google.com/file/d/11Ou4CfW7CvqJj6x9q2ZCSxo_3l3i0BDT/view?usp=drive_link,https://drive.google.com/file/d/1NZygtfUnckdrWJa63grC-rEidLlZqmJO/view?usp=drive_link,https://drive.google.com/file/d/11Ou4CfW7CvqJj6x9q2ZCSxo_3l3i0BDT/view?usp=drive_link
643,องค์การบริหารส่วนตำบล,วังตะเคียน,วังตะเคียน,เขาสมิง,ตราด,"2,044.69",2550,สจป.9 ชลบุรี,องค์การบริหารส่วนตำบลวังตะเคียน,12.462994,102.4971781,20,,https://drive.google.com/file/d/1ypQOKimINAtS9RjTB46LxreE5cdwUI9t/view?usp=drive_link,
644,องค์การบริหารส่วนตำบล,สะตอ,สะตอ,เขาสมิง,ตราด,"8,243.72",2555,สจป.9 ชลบุรี,องค์การบริหารส่วนตำบลสะตอ,12.5360805,102.4448887,20,,,
645,องค์การบริหารส่วนตำบล,แสนตุ้ง,แสนตุ้ง,เขาสมิง,ตราด,442.51,2548,สจป.9 ชลบุรี,องค์การบริหารส่วนตำบลแสนตุ้ง,12.3607855,102.3834079,5,https://drive.google.com/file/d/1oNysTeaNDfliqNkC8iBl9ZOhkPoKNggc/view?usp=drive_link,https://drive.google.com/file/d/1kfUHDYUJ5YPgEyBnvE_tQlBng_7Jz3tU/view?usp=drive_link,https://drive.google.com/file/d/1oNysTeaNDfliqNkC8iBl9ZOhkPoKNggc/view?usp=drive_link
646,องค์การบริหารส่วนตำบล,ช้างทูน,ช้างทูน,บ่อไร่,ตราด,"7,426.72",2555,สจป.9 ชลบุรี,องค์การบริหารส่วนตำบลช้างทูน,12.610647,102.477974,20,,,
647,องค์การบริหารส่วนตำบล,ด่านชุมพล,ด่านชุมพล,บ่อไร่,ตราด,"48,721.81",2548,สจป.9 ชลบุรี,องค์การบริหารส่วนตำบลด่านชุมพล,12.44495807,102.6277542,25,https://drive.google.com/file/d/1rtMwn71Fp-ZdhSPNZF0kcGyT5aJN6dOY/view?usp=drive_link,https://drive.google.com/file/d/1qQ6nlb8NUuhyJDlkFrtuMOks15mN5oSK/view?usp=drive_link,https://drive.google.com/file/d/1rtMwn71Fp-ZdhSPNZF0kcGyT5aJN6dOY/view?usp=drive_link
648,องค์การบริหารส่วนตำบล,นนทรีย์,นนทรีย์,บ่อไร่,ตราด,"6,265.00",2550,สจป.9 ชลบุรี,องค์การบริหารส่วนตำบลนนทรีย์,12.5351599,102.567057,20,,https://drive.google.com/file/d/1jtrO3nuErdNmsnRNoBbX1-4IVO2oKj-M/view?usp=drive_link,https://drive.google.com/file/d/1LCpmk6R_rMcQnelQsLH9J2rBdjOXBzCT/view?usp=drive_link
649,องค์การบริหารส่วนตำบล,บ่อพลอย,บ่อพลอย,บ่อไร่,ตราด,"8,848.66",2555,สจป.9 ชลบุรี,องค์การบริหารส่วนตำบลบ่อพลอย,12.5842694,102.5197942,20,,,
650,เทศบาลตำบล,หนองบอน,หนองบอน,บ่อไร่,ตราด,"32,197.04",2555,สจป.9 ชลบุรี,เทศบาลตำบลหนองบอน,12.67688489,102.4590929,25,,,
651,เทศบาลตำบล,ชำราก,ชำราก,เมืองตราด,ตราด,"15,723.59",2548,สจป.9 ชลบุรี,เทศบาลตำบลชำราก,12.19847074,102.6617217,5,https://drive.google.com/file/d/1fI2PtvxjssZMsTG1qKIjploeLOsuAT2E/view?usp=drive_link,https://drive.google.com/file/d/1z4-20n1kHwYjxrlYA6VmFckGrxqz5gNY/view?usp=drive_link,https://drive.google.com/file/d/1fI2PtvxjssZMsTG1qKIjploeLOsuAT2E/view?usp=drive_link
652,เทศบาลตำบล,ตะกาง,ตะกาง,เมืองตราด,ตราด,"12,507.62",2550,สจป.9 ชลบุรี,เทศบาลตำบลตะกาง,12.228781,102.641606,5,https://drive.google.com/file/d/1MgAnW1bN_W6_nSzunVtiPzIk-1BYGlKX/view?usp=drive_link,https://drive.google.com/file/d/1rZRDWmwJYKR53IUsUqJ-vp5UQMcjE9ZK/view?usp=drive_link,https://drive.google.com/file/d/1MgAnW1bN_W6_nSzunVtiPzIk-1BYGlKX/view?usp=drive_link
653,องค์การบริหารส่วนตำบล,ท่ากุ่ม,ท่ากุ่ม,เมืองตราด,ตราด,"51,446.10",2548,สจป.9 ชลบุรี,องค์การบริหารส่วนตำบลท่ากุ่ม,12.2940923,102.6157906,30,https://drive.google.com/file/d/1MgAnW1bN_W6_nSzunVtiPzIk-1BYGlKX/view?usp=drive_link,https://drive.google.com/file/d/1QRcCItYKg245qy6LjBXuumI050IC4TQ-/view?usp=drive_link,https://drive.google.com/file/d/1Gt1DF8cxWekT-Dwxc_wfgd6tc8fB8QLw/view?usp=drive_link
654,เทศบาลตำบล,ท่าพริกเนินทราย,ท่าพริก,เมืองตราด,ตราด,512.93,2550,สจป.9 ชลบุรี,เทศบาลตำบลท่าพริกเนินทราย,12.29083864,102.5577684,0,https://drive.google.com/file/d/1AmleFNzHOzSC_-CcXV2c56BvVmzIHxIj/view?usp=drive_link,https://drive.google.com/file/d/1LKAwMhhw-ck99c_zCRI1VgdZ4xi516eK/view?usp=drive_link,https://drive.google.com/file/d/1De_FH--u_mIvIDti8Iow_o1Dbi9ccR1u/view?usp=drive_link
655,องค์การบริหารส่วนตำบล,เนินทราย,เนินทราย,เมืองตราด,ตราด,"1,032.48",2549,สจป.9 ชลบุรี,องค์การบริหารส่วนตำบลเนินทราย,12.27991807,102.5371385,0,https://drive.google.com/file/d/1EZ9FLGNZUzslxi6V3uM_jD6l3VNJQQki/view?usp=drive_link,https://drive.google.com/file/d/1nCrjKBzPC_k73Kxnz8isG6tRnw1lDwDW/view?usp=drive_link,https://drive.google.com/file/d/1EZ9FLGNZUzslxi6V3uM_jD6l3VNJQQki/view?usp=drive_link
656,องค์การบริหารส่วนตำบล,วังกระแจะ,วังกระแจะ,เมืองตราด,ตราด,"6,681.42",2549,สจป.9 ชลบุรี,องค์การบริหารส่วนตำบลวังกระแจะ,12.2548664,102.5139057,25,https://drive.google.com/file/d/15qQpDayHncULG2NU_ze7lZHlZ95T47rK/view?usp=drive_link,https://drive.google.com/file/d/15x3M5E-BfU88P54g8RSP0trQVpGnpTUo/view?usp=drive_link,https://drive.google.com/file/d/15qQpDayHncULG2NU_ze7lZHlZ95T47rK/view?usp=drive_link
657,องค์การบริหารส่วนตำบล,หนองคันทรง,หนองคันทรง,เมืองตราด,ตราด,475.67,2548,สจป.9 ชลบุรี,องค์การบริหารส่วนตำบลหนองคันทรง,12.18110437,102.5565362,0,,https://drive.google.com/file/d/1caK8dLl9VoJkUrrm_vDj-N_5FImtsDZG/view?usp=drive_link,https://drive.google.com/file/d/1uw1i77RDpYRSMpk_NUmYxoWlVawy1N6S/view?usp=drive_link
658,องค์การบริหารส่วนตำบล,หนองโสน,หนองโสน,เมืองตราด,ตราด,780,2548,สจป.9 ชลบุรี,องค์การบริหารส่วนตำบลหนองโสน,12.2014895,102.4797918,0,https://drive.google.com/file/d/1p8DMHKiRke6pt2f6B0ib0wxg2BbikDrW/view?usp=drive_link,https://drive.google.com/file/d/1rZ7_02_Xg8LgPZMK9JYYb-yHQjMenJ8m/view?usp=drive_link,https://drive.google.com/file/d/1p8DMHKiRke6pt2f6B0ib0wxg2BbikDrW/view?usp=drive_link
659,องค์การบริหารส่วนตำบล,ห้วงน้ำขาว,ห้วงน้ำขาว,เมืองตราด,ตราด,387.74,2549,สจป.9 ชลบุรี,องค์การบริหารส่วนตำบลห้วงน้ำขาว,12.1337859,102.5476295,0,,https://drive.google.com/file/d/1JYs_-_FWDh2TleMqxq_1ddxpG-9ddEna/view?usp=drive_link,https://drive.google.com/file/d/1AmleFNzHOzSC_-CcXV2c56BvVmzIHxIj/view?usp=drive_link
660,องค์การบริหารส่วนตำบล,ห้วยแร้ง,ห้วยแร้ง,เมืองตราด,ตราด,"11,442.91",2548,สจป.9 ชลบุรี,องค์การบริหารส่วนตำบลห้วยแร้ง,12.3689127,102.6164863,25,,https://drive.google.com/file/d/1Ps6acYxytwBSr_jhLcuQB1Rwc20I_wId/view?usp=drive_link,
661,องค์การบริหารส่วนตำบล,แหลมกลัด,แหลมกลัด,เมืองตราด,ตราด,"23,905.78",2548,สจป.9 ชลบุรี,องค์การบริหารส่วนตำบลแหลมกลัด,12.12498625,102.6766482,25,https://drive.google.com/file/d/1Yush_QdEijZHpyrs4to4A3MjBDLM8ofT/view?usp=drive_link,https://drive.google.com/file/d/1nKK83j9uktKwIBGr_QYUyZH4UUiXoiQK/view?usp=drive_link,https://drive.google.com/file/d/1Yush_QdEijZHpyrs4to4A3MjBDLM8ofT/view?usp=drive_link
662,องค์การบริหารส่วนตำบล,คลองใหญ่,คลองใหญ่,แหลมงอบ,ตราด,"4,040.98",2555,สจป.9 ชลบุรี,องค์การบริหารส่วนตำบลคลองใหญ่,12.1998801,102.3580559,0,,,
663,เทศบาลตำบล,น้ำเชี่ยว,น้ำเชี่ยว,แหลมงอบ,ตราด,723.76,2548,สจป.9 ชลบุรี,เทศบาลตำบลน้ำเชี่ยว,12.18950482,102.4632133,0,,https://drive.google.com/file/d/10-wV8xtGSt7mzrnw6IVOQh7GDiApbRV-/view?usp=drive_link,
664,องค์การบริหารส่วนตำบล,บางปิด,บางปิด,แหลมงอบ,ตราด,"1,734.77",2549,สจป.9 ชลบุรี,องค์การบริหารส่วนตำบลบางปิด,12.217556,102.3068118,0,https://drive.google.com/file/d/1qnIX2H9fsfH9y4kfev_mV6BYL0JCrGfi/view?usp=drive_link,https://drive.google.com/file/d/1MCElYq63pXUBXrGTVeQNroWPfYJIxLMe/view?usp=drive_link,https://drive.google.com/file/d/1qnIX2H9fsfH9y4kfev_mV6BYL0JCrGfi/view?usp=drive_link
665,องค์การบริหารส่วนตำบล,แหลมงอบ,แหลมงอบ,แหลมงอบ,ตราด,390.33,2548,สจป.9 ชลบุรี,องค์การบริหารส่วนตำบลแหลมงอบ,12.17879641,102.4079657,0,https://drive.google.com/file/d/1LCpmk6R_rMcQnelQsLH9J2rBdjOXBzCT/view?usp=drive_link,https://drive.google.com/file/d/1l9Qb3-KA8qW52DQewDEKl0NJ9kCo9YCE/view?usp=drive_link,https://drive.google.com/file/d/1LCpmk6R_rMcQnelQsLH9J2rBdjOXBzCT/view?usp=drive_link
666,องค์การบริหารส่วนตำบล,ท่าสองยาง,ท่าสองยาง,ท่าสองยาง,ตาก,"39,907.18",2550,สจป.4 ตาก,องค์การบริหารส่วนตำบลท่าสองยาง,17.60737502,98.09509275,100,,https://drive.google.com/file/d/1Em20ppnAyce03HSZCwC57-6e9tw1r2DG/view?usp=drive_link,
667,องค์การบริหารส่วนตำบล,แม่ต้าน,แม่ต้าน,ท่าสองยาง,ตาก,"101,967.93",2548,สจป.4 ตาก,องค์การบริหารส่วนตำบลแม่ต้าน,17.230358,98.250083,80,https://drive.google.com/file/d/1X2ZKdeSAeBtqFiLSuRT45kCMSdftA-1u/view?usp=drive_link,https://drive.google.com/file/d/11fFG6oRI5B9zEJMBySz3v2qirXuJU7Pl/view?usp=sharing,https://drive.google.com/file/d/1X2ZKdeSAeBtqFiLSuRT45kCMSdftA-1u/view?usp=drive_link
668,องค์การบริหารส่วนตำบล,แม่วะหลวง,แม่วะหลวง,ท่าสองยาง,ตาก,"252,315.62",2550,สจป.4 ตาก,องค์การบริหารส่วนตำบลแม่วะหลวง,17.7543692,97.9631106,100,,https://drive.google.com/file/d/1j_RKuTog1IhnaWyr4WSpEnmpILtoEAbu/view?usp=drive_link,
669,องค์การบริหารส่วนตำบล,แม่สอง,แม่สอง,ท่าสองยาง,ตาก,"181,327.00",2568,สจป.4 ตาก,องค์การบริหารส่วนตำบลแม่สอง,17.4310236,98.0639583,80,https://drive.google.com/file/d/1v1K_Unqbt1pTuGScDloyUQ3MkwLTMbkv/view?usp=drive_link,,
670,องค์การบริหารส่วนตำบล,แม่หละ,แม่หละ,ท่าสองยาง,ตาก,"154,947.71",2548,สจป.4 ตาก,องค์การบริหารส่วนตำบลแม่หละ,17.14079039,98.34068298,80,,https://drive.google.com/file/d/1LSlqZoZ8-pspP3DqOSj7XyJaDyb9u0zo/view?usp=sharing,
671,องค์การบริหารส่วนตำบล,แม่อุสุ,แม่อุสุ,ท่าสองยาง,ตาก,"174,215.23",2568,สจป.4 ตาก,องค์การบริหารส่วนตำบลแม่อุสุ,17.311802,98.187089,80,https://drive.google.com/file/d/1rqA0kic8M05uLi9HAzPoL4k9VCYo8_sO/view?usp=drive_link,,
672,องค์การบริหารส่วนตำบล,เกาะตะเภา,เกาะตะเภา,บ้านตาก,ตาก,"30,216.79",2568,สจป.4 ตาก,องค์การบริหารส่วนตำบลเกาะตะเภา,17.06015911,99.04015213,50,https://drive.google.com/file/d/1wVnitSZADya3CqExGTKXyiHugmCo3PVb/view?usp=drive_link,,
673,องค์การบริหารส่วนตำบล,ตากออก,ตากออก,บ้านตาก,ตาก,"42,427.27",2568,สจป.4 ตาก,องค์การบริหารส่วนตำบลตากออก,17.0606635,99.0648594,55,https://drive.google.com/file/d/1t6BNId3aK_11o6XhfztDrGVQUgPzMj1H/view?usp=drive_link,,
674,องค์การบริหารส่วนตำบล,ท้องฟ้า,ท้องฟ้า,บ้านตาก,ตาก,"119,994.53",2568,สจป.4 ตาก,องค์การบริหารส่วนตำบลท้องฟ้า,17.06597434,98.98064585,100,https://drive.google.com/file/d/1ZGlY0Mvs98H2D0EATLpItlzIUlib3FE3/view?usp=drive_link,,
675,เทศบาลตำบล,ทุ่งกระเชาะ,ทุ่งกระเชาะ,บ้านตาก,ตาก,"76,635.50",2568,สจป.4 ตาก,เทศบาลตำบลทุ่งกระเชาะ,17.02002018,99.0637207,70,https://drive.google.com/file/d/14IVzkebVm8sa0otwWvJy27vBRDBojRaT/view?usp=drive_link,,
676,องค์การบริหารส่วนตำบล,แม่สลิด,แม่สลิด,บ้านตาก,ตาก,"39,907.18",2549,สจป.4 ตาก,องค์การบริหารส่วนตำบลแม่สลิด,17.163056,99.1327301,80,,https://drive.google.com/file/d/1byrmowwCREW7axzdgYiE8fW9c--dZ2zF/view?usp=drive_link,
677,องค์การบริหารส่วนตำบล,สมอโคน,สมอโคน,บ้านตาก,ตาก,"39,907.18",2549,สจป.4 ตาก,องค์การบริหารส่วนตำบลสมอโคน,17.00979687,99.09145474,55,https://drive.google.com/file/d/1DY3NlZg1lglRKJphIhAYrU8JwoI8mCPO/view?usp=drive_link,https://drive.google.com/file/d/133IJqPNY_zhr72hVCVAb1-QdeO17R8D9/view?usp=drive_link,https://drive.google.com/file/d/1DY3NlZg1lglRKJphIhAYrU8JwoI8mCPO/view?usp=drive_link
678,องค์การบริหารส่วนตำบล,คีรีราษฎร์,คีรีราษฎร์,พบพระ,ตาก,"280,784.98",2568,สจป.4 ตาก,องค์การบริหารส่วนตำบลคีรีราษฎร์,16.48472186,98.79933,80,https://drive.google.com/file/d/1qPfXDgXKWkgXv6ICY6NYgxdgNGiwMtwO/view?usp=drive_link,,
679,องค์การบริหารส่วนตำบล,ช่องแคบ,ช่องแคบ,พบพระ,ตาก,"70,950.94",2568,สจป.4 ตาก,องค์การบริหารส่วนตำบลช่องแคบ,16.50191206,98.69518518,75,https://drive.google.com/file/d/1rloH2_4flsFk0C8H2DXT_JkMjiXjOR8H/view?usp=drive_link,,
680,องค์การบริหารส่วนตำบล,พบพระ,พบพระ,พบพระ,ตาก,"27,779.27",2568,สจป.4 ตาก,องค์การบริหารส่วนตำบลพบพระ,16.41657357,98.68739069,50,https://drive.google.com/file/d/1BpnbD7pQqMUqyViDZqo5vKbcdz6hrCIK/view?usp=drive_link,,
681,องค์การบริหารส่วนตำบล,รวมไทยพัฒนา,รวมไทยพัฒนา,พบพระ,ตาก,"53,419.78",2568,สจป.4 ตาก,องค์การบริหารส่วนตำบลรวมไทยพัฒนา,16.448001,98.802012,50,https://drive.google.com/file/d/1mA_fuYUCyQ2oY500xPuFSdyAjx4_s_rN/view?usp=drive_link,,
682,องค์การบริหารส่วนตำบล,วาเล่ย์,วาเล่ย์,พบพระ,ตาก,"31,925.63",2568,สจป.4 ตาก,องค์การบริหารส่วนตำบลวาเล่ย์,16.337272,98.715591,55,https://drive.google.com/file/d/1J0xk3Oqv99ehmLHsfLBQDICMmSBB43gZ/view?usp=drive_link,,
683,องค์การบริหารส่วนตำบล,ตลุกกลางทุ่ง,ตลุกกลางทุ่ง,เมืองตาก,ตาก,"29,708.78",2548,สจป.4 ตาก,องค์การบริหารส่วนตำบลตลุกกลางทุ่ง,16.85772,99.221735,50,https://drive.google.com/file/d/126Yq9eG5BaFyJ1n69RwHZnLH5ZSTbumH/view?usp=drive_link,https://drive.google.com/file/d/10A1S7HAOhKm21Plm_P2llk42FdnG5JfZ/view?usp=drive_link,https://drive.google.com/file/d/126Yq9eG5BaFyJ1n69RwHZnLH5ZSTbumH/view?usp=drive_link
684,องค์การบริหารส่วนตำบล,น้ำรึม,น้ำรึม,เมืองตาก,ตาก,"14,990.06",2550,สจป.4 ตาก,องค์การบริหารส่วนตำบลน้ำรึม,16.88578012,99.18835491,50,https://drive.google.com/file/d/1fApz7qLJRJOdJYLS61P38tmFvrUbud6l/view?usp=drive_link,https://drive.google.com/file/d/1RixAzqtDIV18f-vVoNSHfi8hTPUPbJe6/view?usp=drive_link,https://drive.google.com/file/d/1fApz7qLJRJOdJYLS61P38tmFvrUbud6l/view?usp=drive_link
685,องค์การบริหารส่วนตำบล,ป่ามะม่วง,ป่ามะม่วง,เมืองตาก,ตาก,"14,036.96",2548,สจป.4 ตาก,องค์การบริหารส่วนตำบลป่ามะม่วง,16.8827072,99.111451,50,https://drive.google.com/file/d/1EwEGqPqwfqhARXOtiSTjAfC5m_CuN1W3/view?usp=drive_link,https://drive.google.com/file/d/1s8yUWyI0zw0HNOQRDchujA6BV8LR_TZh/view?usp=drive_link,https://drive.google.com/file/d/1EwEGqPqwfqhARXOtiSTjAfC5m_CuN1W3/view?usp=drive_link
686,องค์การบริหารส่วนตำบล,โป่งแดง,โป่งแดง,เมืองตาก,ตาก,"202,346.00",2548,สจป.4 ตาก,องค์การบริหารส่วนตำบลโป่งแดง,17.0613545,99.2712025,100,,https://drive.google.com/file/d/1wZ7Svng_wAy43rthvmEps8tSV1DL4fBB/view?usp=drive_link,
687,องค์การบริหารส่วนตำบล,แม่ท้อ,แม่ท้อ,เมืองตาก,ตาก,"138,115.63",2549,สจป.4 ตาก,องค์การบริหารส่วนตำบลแม่ท้อ,16.79480294,99.03093673,100,,https://drive.google.com/file/d/1HLlpmJDSAs5PeQZbzdS14Qv0nE-sSBoO/view?usp=drive_link,
688,เทศบาลตำบล,ไม้งาม,ไม้งาม,เมืองตาก,ตาก,"19,674.73",2550,สจป.4 ตาก,เทศบาลตำบลไม้งาม,16.92415,99.08325,50,https://drive.google.com/file/d/1TyKS4p7ISBc1XZzWJW4K0DbsibOqL0I7/view?usp=drive_link,https://drive.google.com/file/d/1LvJOb6boUq56TcUCO3V0AAIIc-JTfAlL/view?usp=drive_link,https://drive.google.com/file/d/1TyKS4p7ISBc1XZzWJW4K0DbsibOqL0I7/view?usp=drive_link
689,องค์การบริหารส่วนตำบล,วังประจบ,วังประจบ,เมืองตาก,ตาก,"90,400.83",2548,สจป.4 ตาก,องค์การบริหารส่วนตำบลวังประจบ,16.8997002,99.3413343,80,https://drive.google.com/file/d/1dbh4JRe1VDAdyhx8lixdssIeEB-dU5ZW/view?usp=drive_link,https://drive.google.com/file/d/1RQ-oXK7AFYvzf972su-bdoilEGyw8hfl/view?usp=drive_link,https://drive.google.com/file/d/1dbh4JRe1VDAdyhx8lixdssIeEB-dU5ZW/view?usp=drive_link
690,องค์การบริหารส่วนตำบล,วังหิน,วังหิน,เมืองตาก,ตาก,"45,294.31",2548,สจป.4 ตาก,องค์การบริหารส่วนตำบลวังหิน,16.7744178,99.2082626,55,https://drive.google.com/file/d/1bqcmWqIe_ifRNEU8oN3QI7er4DHDosGO/view?usp=drive_link,https://drive.google.com/file/d/1kpOQD5N34V4xeRdla5AwOlP7sdqsiPD0/view?usp=drive_link,https://drive.google.com/file/d/1bqcmWqIe_ifRNEU8oN3QI7er4DHDosGO/view?usp=drive_link
691,เทศบาลตำบล,หนองบัวใต้,หนองบัวใต้,เมืองตาก,ตาก,"26,846.60",2549,สจป.4 ตาก,เทศบาลตำบลหนองบัวใต้,16.8228433,99.1294738,55,https://drive.google.com/file/d/1zG75ty121acxSMiQ6h9jw7f_VEVH98Ck/view?usp=drive_link,https://drive.google.com/file/d/15zMu7LUqMckaxDDF4eiSbOLj2TSz0A9I/view?usp=drive_link,https://drive.google.com/file/d/1zG75ty121acxSMiQ6h9jw7f_VEVH98Ck/view?usp=drive_link
692,องค์การบริหารส่วนตำบล,หนองบัวเหนือ,หนองบัวเหนือ,เมืองตาก,ตาก,"25,768.15",2549,สจป.4 ตาก,องค์การบริหารส่วนตำบลหนองบัวเหนือ,16.9236883,99.0743482,50,https://drive.google.com/file/d/1AfPiBUWqCh0MPjGKC-5gBy_2mEI0cjvM/view?usp=drive_link,https://drive.google.com/file/d/137GY5CjWcSoGhP2X8-p-67XWP5ukD946/view?usp=drive_link,https://drive.google.com/file/d/1AfPiBUWqCh0MPjGKC-5gBy_2mEI0cjvM/view?usp=drive_link
693,องค์การบริหารส่วนตำบล,ขะเนจื้อ,ขะเนจื้อ,แม่ระมาด,ตาก,"189,247.96",2555,สจป.4 ตาก,องค์การบริหารส่วนตำบลขะเนจื้อ,17.0206311,98.5090327,100,,,
694,องค์การบริหารส่วนตำบล,พระธาตุ,พระธาตุ,แม่ระมาด,ตาก,"25,672.45",2555,สจป.4 ตาก,องค์การบริหารส่วนตำบลพระธาตุ,16.97446495,98.5886693,50,,,
695,เทศบาลตำบล,ทุ่งหลวง,แม่จะเรา,แม่ระมาด,ตาก,"6,749.34",2548,สจป.4 ตาก,เทศบาลตำบลทุ่งหลวง,16.92753685,98.56827657,50,https://drive.google.com/file/d/1UeJSTVabvZYqC97LR9NMTrgfbgMdkmNO/view?usp=drive_link,https://drive.google.com/file/d/1oYNphCYOMum6UHPxLrcsvpyjV6xq1v_p/view?usp=drive_link,https://drive.google.com/file/d/1UeJSTVabvZYqC97LR9NMTrgfbgMdkmNO/view?usp=drive_link
696,องค์การบริหารส่วนตำบล,แม่ตื่น,แม่ตื่น,แม่ระมาด,ตาก,"137,385.09",2556,สจป.4 ตาก,องค์การบริหารส่วนตำบลแม่ตื่น,17.1313267,98.6143122,80,,,
697,องค์การบริหารส่วนตำบล,แม่ระมาด,แม่ระมาด,แม่ระมาด,ตาก,"8,737.96",2568,สจป.4 ตาก,องค์การบริหารส่วนตำบลแม่ระมาด,16.99004629,98.51778522,50,https://drive.google.com/file/d/1OxsQx3QBnahXE0XRzsKFWSLyYDlVGCcN/view?usp=drive_link,,
698,องค์การบริหารส่วนตำบล,สามหมื่น,สามหมื่น,แม่ระมาด,ตาก,"135,747.06",2555,สจป.4 ตาก,องค์การบริหารส่วนตำบลสามหมื่น,17.0683597,98.7385099,80,,,
699,องค์การบริหารส่วนตำบล,ด่านแม่ละเมา,ด่านแม่ละเมา,แม่สอด,ตาก,"106,547.72",2568,สจป.4 ตาก,องค์การบริหารส่วนตำบลด่านแม่ละเมา,16.74328715,98.81423771,80,https://drive.google.com/file/d/11D9vP70xjeY73nRxcARAEXbbZuNgVjbF/view?usp=drive_link,,
700,องค์การบริหารส่วนตำบล,ท่าสายลวด,ท่าสายลวด,แม่สอด,ตาก,"9,751.66",2555,สจป.4 ตาก,องค์การบริหารส่วนตำบลท่าสายลวด,16.70612251,98.51712942,50,,,
701,องค์การบริหารส่วนตำบล,พระธาตุผาแดง,พระธาตุผาแดง,แม่สอด,ตาก,"41,477.96",2568,สจป.4 ตาก,องค์การบริหารส่วนตำบลพระธาตุผาแดง,16.6905764,98.5974345,50,https://drive.google.com/file/d/1FUc0Qyql9vP-41ocywvbV5K771dDSCnJ/view?usp=drive_link,,
702,องค์การบริหารส่วนตำบล,พะวอ,พะวอ,แม่สอด,ตาก,"314,134.11",2568,สจป.4 ตาก,องค์การบริหารส่วนตำบลพะวอ,16.79928242,98.73756409,100,https://drive.google.com/file/d/1FaaRWPoJRs5TBdu3EfpXP2OLVtSynwkb/view?usp=drive_link,,
703,องค์การบริหารส่วนตำบล,มหาวัน,มหาวัน,แม่สอด,ตาก,"31,350.41",2548,สจป.4 ตาก,องค์การบริหารส่วนตำบลมหาวัน,16.58493021,98.63434196,50,https://drive.google.com/file/d/1rrgVWInFxlpU-EJ7LCbmowufhZnz9LV_/view?usp=drive_link,https://drive.google.com/file/d/1ijHtP52T-r-g8k0yeqfo-lMYIT8Zcaav/view?usp=drive_link,https://drive.google.com/file/d/1rrgVWInFxlpU-EJ7LCbmowufhZnz9LV_/view?usp=drive_link
704,องค์การบริหารส่วนตำบล,แม่กุ,แม่กุ,แม่สอด,ตาก,"20,553.17",2568,สจป.4 ตาก,องค์การบริหารส่วนตำบลแม่กุ,16.6490383,98.5982741,50,https://drive.google.com/file/d/1oxMtjlTqXj8jMxK3Ozs9Wghjc_jlUrLl/view?usp=drive_link,,
705,องค์การบริหารส่วนตำบล,เชียงทอง,เชียงทอง,วังเจ้า,ตาก,"133,165.55",2568,สจป.4 ตาก,องค์การบริหารส่วนตำบลเชียงทอง,16.6466115,99.2311008,65,https://drive.google.com/file/d/1WTrWSwnnVZYRInrUGKyvBh8JVylOXOex/view?usp=drive_link,,
706,เทศบาลตำบล,วังเจ้า,เชียงทอง,วังเจ้า,ตาก,"1,013.33",2548,สจป.4 ตาก,เทศบาลตำบลวังเจ้า,16.68594998,99.25443304,0,,https://drive.google.com/file/d/1GU9Nyd0Ww-7Gh7QrWV81eRq8MZP3Hw-J/view?usp=drive_link,https://drive.google.com/file/d/1p9sgcvA-W_vvqLCGqox9SkazRheHjwGy/view?usp=drive_link
707,องค์การบริหารส่วนตำบล,นาโบสถ์,นาโบสถ์,วังเจ้า,ตาก,"56,265.99",2549,สจป.4 ตาก,องค์การบริหารส่วนตำบลนาโบสถ์,16.69223914,99.15562928,50,https://drive.google.com/file/d/1zKqVC4RZY6S0K0zhtq3s96X0fO4K2CEH/view?usp=drive_link,https://drive.google.com/file/d/1PQ1BCQLDLS-IGUWOAWh25fOSjlEZQT2Q/view?usp=drive_link,https://drive.google.com/file/d/1zKqVC4RZY6S0K0zhtq3s96X0fO4K2CEH/view?usp=drive_link
708,องค์การบริหารส่วนตำบล,ประดาง,ประดาง,วังเจ้า,ตาก,"19,513.41",2549,สจป.4 ตาก,องค์การบริหารส่วนตำบลประดาง,16.77298693,99.17976379,45,https://drive.google.com/file/d/1d_n-iXBcyEdHPlVLZdp6S97iufV9w0HX/view?usp=drive_link,https://drive.google.com/file/d/1cwXNW06azR1h3P6vhuiPLE7GtT4QJivr/view?usp=drive_link,https://drive.google.com/file/d/1d_n-iXBcyEdHPlVLZdp6S97iufV9w0HX/view?usp=drive_link
709,องค์การบริหารส่วนตำบล,บ้านนา,บ้านนา,สามเงา,ตาก,"8,229.30",2550,สจป.4 ตาก,องค์การบริหารส่วนตำบลบ้านนา,17.2434964,99.022651,50,,https://drive.google.com/file/d/1TBPG-9sPQpCmTqTf6n7FOXB9yXKUSACX/view?usp=drive_link,
710,องค์การบริหารส่วนตำบล,ยกกระบัตร,ยกกระบัตร,สามเงา,ตาก,"86,677.17",2548,สจป.4 ตาก,องค์การบริหารส่วนตำบลยกกระบัตร,17.35385903,99.05574381,80,,https://drive.google.com/file/d/1UHeMcttSoAUlYodOCOSoFUSzoj_JpZEb/view?usp=drive_link,
711,องค์การบริหารส่วนตำบล,ย่านรี,ย่านรี,สามเงา,ตาก,"43,462.38",2568,สจป.4 ตาก,องค์การบริหารส่วนตำบลย่านรี,17.21819959,99.04518127,55,https://drive.google.com/file/d/1uvytz7amzU8aZOwrowwss6pdgyOJGOQV/view?usp=drive_link,,
712,องค์การบริหารส่วนตำบล,วังจันทร์,วังจันทร์,สามเงา,ตาก,"41,642.46",2568,สจป.4 ตาก,องค์การบริหารส่วนตำบลวังจันทร์,17.2350744,99.123511,55,https://drive.google.com/file/d/10c1Eb-o_vTGpWovt9NAFd0dUDFGPUs-E/view?usp=drive_link,,
713,องค์การบริหารส่วนตำบล,วังหมัน,วังหมัน,สามเงา,ตาก,"11,588.60",2548,สจป.4 ตาก,องค์การบริหารส่วนตำบลวังหมัน,17.2036804,99.1247053,50,,https://drive.google.com/file/d/1fwNUc5yGbPi96Ef-BqR46jpUoQkwh7HY/view?usp=drive_link,
714,เทศบาลตำบล,สามเงา,สามเงา,สามเงา,ตาก,"1,090.05",2548,สจป.4 ตาก,เทศบาลตำบลสามเงา,17.22547349,99.05123663,50,https://drive.google.com/file/d/1eWCOJ3LbS2mpF-9YtQaLITeZ6FezYPmV/view?usp=drive_link,https://drive.google.com/file/d/1xCFx03KxT6r8a8O7SFg9m-Pm5epVhpcS/view?usp=drive_link,https://drive.google.com/file/d/1eWCOJ3LbS2mpF-9YtQaLITeZ6FezYPmV/view?usp=drive_link
715,เทศบาลตำบล,แม่กลอง,แม่กลอง,อุ้มผาง,ตาก,"24,883.81",2555,สจป.4 ตาก,เทศบาลตำบลแม่กลอง,16.0519714,98.8420007,50,,,
716,เทศบาลตำบล,แม่จัน,แม่จัน,อุ้มผาง,ตาก,"104,564.56",2555,สจป.4 ตาก,เทศบาลตำบลแม่จัน,16.0326524,98.6673975,60,,,
717,องค์การบริหารส่วนตำบล,โมโกร,โมโกร,อุ้มผาง,ตาก,"76,834.42",2558,สจป.4 ตาก,องค์การบริหารส่วนตำบลโมโกร,16.19492351,98.88098931,55,https://drive.google.com/file/d/10UlLFGhJuVRr1tH6fq2jRJcxittEHlQY/view?usp=drive_link,,
718,องค์การบริหารส่วนตำบล,อุ้มผาง,อุ้มผาง,อุ้มผาง,ตาก,"24,545.63",2555,สจป.4 ตาก,องค์การบริหารส่วนตำบลอุ้มผาง,16.00151136,98.8685682,50,,,
719,องค์การบริหารส่วนตำบล,ท่าจำปา,ท่าจำปา,ท่าอุเทน,นครพนม,"1,155.85",2549,สจป.6 สาขานครพนม,องค์การบริหารส่วนตำบลท่าจำปา,17.6193612,104.5155269,50,,https://drive.google.com/file/d/1nhSZWO2LVuk-XvKbVvUXbQ5fNl-UbDnh/view?usp=drive_link,
720,องค์การบริหารส่วนตำบล,รามราช,รามราช,ท่าอุเทน,นครพนม,"4,235.64",2554,สจป.6 สาขานครพนม,องค์การบริหารส่วนตำบลรามราช,17.48953073,104.6221161,45,,,
721,เทศบาลตำบล,น้ำก่ำ,น้ำก่ำ,ธาตุพนม,นครพนม,"5,521.83",2550,สจป.6 สาขานครพนม,เทศบาลตำบลน้ำก่ำ,16.908643,104.731685,50,,https://drive.google.com/file/d/1j4fZ2Q3odXnJ2GxoUZ--B7W6hkQLL9gR/view?usp=drive_link,
722,องค์การบริหารส่วนตำบล,อุ่มเหม้า,อุ่มเหม้า,ธาตุพนม,นครพนม,"14,973.29",2554,สจป.6 สาขานครพนม,องค์การบริหารส่วนตำบลอุ่มเหม้า,16.84853,104.686215,50,,,
723,องค์การบริหารส่วนตำบล,บ้านแก้ง,บ้านแก้ง,นาแก,นครพนม,"1,447.18",2549,สจป.6 สาขานครพนม,องค์การบริหารส่วนตำบลบ้านแก้ง,16.9335014,104.4686189,45,https://drive.google.com/file/d/1NHbWAj5axzKeucvnLw7Ki1OlDASjcdhw/view?usp=drive_link,https://drive.google.com/file/d/1e1DT2wxLw2GX8i3vu85pO6ed7in9p3MN/view?usp=drive_link,https://drive.google.com/file/d/1NHbWAj5axzKeucvnLw7Ki1OlDASjcdhw/view?usp=drive_link
724,องค์การบริหารส่วนตำบล,หนองบ่อ,หนองบ่อ,นาแก,นครพนม,602.96,2550,สจป.6 สาขานครพนม,องค์การบริหารส่วนตำบลหนองบ่อ,16.9894267,104.385496,45,https://drive.google.com/file/d/1D-ZnKThxiY8dK0Plh46w2ckwsSqFM3KL/view?usp=drive_link,https://drive.google.com/file/d/1teGVF4BiyDiEL_ybBziCOIF_7gAyecfz/view?usp=drive_link,https://drive.google.com/file/d/1D-ZnKThxiY8dK0Plh46w2ckwsSqFM3KL/view?usp=drive_link
725,องค์การบริหารส่วนตำบล,หนองสังข์,หนองสังข์,นาแก,นครพนม,"75,298.00",2568,สจป.6 สาขานครพนม,องค์การบริหารส่วนตำบลหนองสังข์,16.983706,104.4733352,45,,,
726,องค์การบริหารส่วนตำบล,หนองซน,หนองซน,นาทม,นครพนม,"7,488.73",2550,สจป.6 สาขานครพนม,องค์การบริหารส่วนตำบลหนองซน,17.82857491,104.1504121,50,https://drive.google.com/file/d/1IrxxSs_tEDS7MtyBYLHd_puV3Vh72uMU/view?usp=drive_link,https://drive.google.com/file/d/1UGgA9vn66HpWdca94M19ewoSuJF17iEv/view?usp=drive_link,https://drive.google.com/file/d/1IrxxSs_tEDS7MtyBYLHd_puV3Vh72uMU/view?usp=drive_link
727,องค์การบริหารส่วนตำบล,นางัว,นางัว,บ้านแพง,นครพนม,"1,567.82",2550,สจป.6 สาขานครพนม,องค์การบริหารส่วนตำบลนางัว,17.418129,104.110051,50,https://drive.google.com/file/d/17RvKCb3vRLSBEtJ_rYDb8FNS7Z2jOOSx/view?usp=drive_link,https://drive.google.com/file/d/13BIiAz2rEul5ETM52bisQln8hbLpF2EB/view?usp=drive_link,https://drive.google.com/file/d/17RvKCb3vRLSBEtJ_rYDb8FNS7Z2jOOSx/view?usp=drive_link
728,องค์การบริหารส่วนตำบล,ไผ่ล้อม,ไผ่ล้อม,บ้านแพง,นครพนม,127.45,2550,สจป.6 สาขานครพนม,องค์การบริหารส่วนตำบลไผ่ล้อม,17.987536,104.1809779,45,https://drive.google.com/file/d/1LwRRjjQQPkQJR785STZMchACHRTY-uLo/view?usp=drive_link,https://drive.google.com/file/d/1XXuxBF-4SgkqZoUOo1PNu-GldXeHa2xA/view?usp=drive_link,https://drive.google.com/file/d/1LwRRjjQQPkQJR785STZMchACHRTY-uLo/view?usp=drive_link
729,องค์การบริหารส่วนตำบล,โพนทอง,โพนทอง,บ้านแพง,นครพนม,494.24,2550,สจป.6 สาขานครพนม,องค์การบริหารส่วนตำบลโพนทอง,17.8776019,104.2470662,45,https://drive.google.com/file/d/1o80-j0TcjXV-n_F-PU4ZkhEBAt2G2Qdj/view?usp=drive_link,https://drive.google.com/file/d/178lsUhYNiZetwIXbAXOuizOoJQSKNWdI/view?usp=drive_link,https://drive.google.com/file/d/1o80-j0TcjXV-n_F-PU4ZkhEBAt2G2Qdj/view?usp=drive_link
730,องค์การบริหารส่วนตำบล,กุตาไก้,กุตาไก้,ปลาปาก,นครพนม,"3,452.69",2550,สจป.6 สาขานครพนม,องค์การบริหารส่วนตำบลกุตาไก้,17.2221973,104.635397,50,https://drive.google.com/file/d/1U4-SgDfsB9vaTzNo-Nz7Ga0CFJX5LZP5/view?usp=drive_link,https://drive.google.com/file/d/13yKOIK_oKQOQ8Oi3ENj4tiLHpyu6TCXD/view?usp=drive_link,https://drive.google.com/file/d/1U4-SgDfsB9vaTzNo-Nz7Ga0CFJX5LZP5/view?usp=drive_link
731,องค์การบริหารส่วนตำบล,โคกสูง,โคกสูง,ปลาปาก,นครพนม,"1,134.27",2550,สจป.6 สาขานครพนม,องค์การบริหารส่วนตำบลโคกสูง,17.2141381,104.4400839,50,,https://drive.google.com/file/d/1roA2e2lQtFSw5e_Ot0TTP__DQf6CmTT8/view?usp=drive_link,
732,องค์การบริหารส่วนตำบล,ปลาปาก,ปลาปาก,ปลาปาก,นครพนม,"20,921.58",2549,สจป.6 สาขานครพนม,องค์การบริหารส่วนตำบลปลาปาก,17.2178373,104.5288903,50,,https://drive.google.com/file/d/17TfN8IccCeisdCE_PQ0tiJOZDJfwC4pl/view?usp=drive_link,
733,องค์การบริหารส่วนตำบล,มหาชัย,มหาชัย,ปลาปาก,นครพนม,"31,403.70",2550,สจป.6 สาขานครพนม,องค์การบริหารส่วนตำบลมหาชัย,17.2796376,104.4591485,55,,https://drive.google.com/file/d/1Vv9zAE1sVEO187tww1zSzbjJBSCSIxhI/view?usp=drive_link,
734,องค์การบริหารส่วนตำบล,นาขมิ้น,นาขมิ้น,โพนสวรรค์,นครพนม,62.96,2549,สจป.6 สาขานครพนม,องค์การบริหารส่วนตำบลนาขมิ้น,17.496966,104.4870871,45,https://drive.google.com/file/d/1Vnig6QLFfj8cLUTBDsYQMZkBzU3iF277/view?usp=drive_link,https://drive.google.com/file/d/1DHOvOM9zEdytCW5BUPaqb-SfW0z461xQ/view?usp=drive_link,https://drive.google.com/file/d/1Vnig6QLFfj8cLUTBDsYQMZkBzU3iF277/view?usp=drive_link
735,องค์การบริหารส่วนตำบล,นาใน,นาใน,โพนสวรรค์,นครพนม,"16,024.32",2549,สจป.6 สาขานครพนม,องค์การบริหารส่วนตำบลนาใน,17.5130719,104.5552917,0,,https://drive.google.com/file/d/1IVr_yhJR8NelEbmEB2aOJ7WEAcmuyHyb/view?usp=drive_link,
736,องค์การบริหารส่วนตำบล,นาหัวบ่อ,นาหัวบ่อ,โพนสวรรค์,นครพนม,"1,157.26",2549,สจป.6 สาขานครพนม,องค์การบริหารส่วนตำบลนาหัวบ่อ,17.4547152,104.3859798,45,,https://drive.google.com/file/d/1upKyMScXEWUhImkeTwFktOtzwmSUf1IA/view?usp=drive_link,
737,องค์การบริหารส่วนตำบล,โพนจาน,โพนจาน,โพนสวรรค์,นครพนม,"15,654.30",2549,สจป.6 สาขานครพนม,องค์การบริหารส่วนตำบลโพนจาน,17.4300028,104.4162488,50,,https://drive.google.com/file/d/186nkrADnCPAsJVh8JlzzwGrRE0a4MAMf/view?usp=drive_link,
738,องค์การบริหารส่วนตำบล,โพนบก,โพนบก,โพนสวรรค์,นครพนม,"18,567.14",2549,สจป.6 สาขานครพนม,องค์การบริหารส่วนตำบลโพนบก,17.481121,104.500254,0,,https://drive.google.com/file/d/1kolgqf2QBg9E082zk8KhgV8U9IFtLLhT/view?usp=drive_link,
739,องค์การบริหารส่วนตำบล,โพนสวรรค์,โพนสวรรค์,โพนสวรรค์,นครพนม,"32,002.35",2549,สจป.6 สาขานครพนม,องค์การบริหารส่วนตำบลโพนสวรรค์,17.4490928,104.4572012,50,,https://drive.google.com/file/d/1-YY_tFaLi6zu7tFxb9QNe5kHFGjUCnqM/view?usp=drive_link,
740,องค์การบริหารส่วนตำบล,กุรุคุ,กุรุคุ,เมืองนครพนม,นครพนม,"16,190.73",2549,สจป.6 สาขานครพนม,องค์การบริหารส่วนตำบลกุรุคุ,17.3163907,104.5516391,50,https://drive.google.com/file/d/1pi5Hu4V2D-YL1qrypIZ8m9rmQPqMRbKh/view?usp=drive_link,https://drive.google.com/file/d/17o5Y8DbAe525o-vaSp7C4OTyVr1dbSGQ/view?usp=drive_link,https://drive.google.com/file/d/1pi5Hu4V2D-YL1qrypIZ8m9rmQPqMRbKh/view?usp=drive_link
741,องค์การบริหารส่วนตำบล,วังตามัว,วังตามัว,เมืองนครพนม,นครพนม,"13,508.39",2549,สจป.6 สาขานครพนม,องค์การบริหารส่วนตำบลวังตามัว,17.2866142,104.5064425,50,https://drive.google.com/file/d/1JtolRLiVDs7KTmvWh_aVGn3SZdPGXki2/view?usp=drive_link,https://drive.google.com/file/d/1hD9483batf-QvfzjIGfd-JLeI8FA9dMX/view?usp=drive_link,https://drive.google.com/file/d/1JtolRLiVDs7KTmvWh_aVGn3SZdPGXki2/view?usp=drive_link
742,องค์การบริหารส่วนตำบล,คูขาด,คูขาด,คง,นครราชสีมา,343.26,2550,สจป.8 นครราชสีมา,องค์การบริหารส่วนตำบลคูขาด,15.4171138,102.3913318,0,,https://drive.google.com/file/d/1WDvRzLGL9OePw3epH9TIDsu1TzhzGzFT/view?usp=drive_link,https://drive.google.com/file/d/1BZEEa5GTPjPs_0pJob8C-_O8IQSnwm8B/view?usp=drive_link
743,องค์การบริหารส่วนตำบล,โนนเต็ง,โนนเต็ง,คง,นครราชสีมา,461.58,2549,สจป.8 นครราชสีมา,องค์การบริหารส่วนตำบลโนนเต็ง,15.4472241,102.3924266,45,,https://drive.google.com/file/d/1qm7-2R3iopACYZSBO3IZIxl6ugG8s4OS/view?usp=drive_link,https://drive.google.com/file/d/1xyaDSzLhGpnU4671eqSo4kZLwxNt8v7E/view?usp=drive_link
744,องค์การบริหารส่วนตำบล,บ้านปรางค์,บ้านปรางค์,คง,นครราชสีมา,"1,543.22",2555,สจป.8 นครราชสีมา,องค์การบริหารส่วนตำบลบ้านปรางค์,15.4970592,102.0834794,45,https://drive.google.com/file/d/1fJcDg8V-Egy3U0hTFWhaFlYJ_y8WA6aV/view?usp=drive_link,,
745,องค์การบริหารส่วนตำบล,หนองบัว,หนองบัว,คง,นครราชสีมา,"1,587.10",2555,สจป.8 นครราชสีมา,องค์การบริหารส่วนตำบลหนองบัว,15.5022848,102.1477814,45,https://drive.google.com/file/d/1FXshguKi6HD1tWSdfKy0SX2eQHAWz97i/view?usp=drive_link,,
746,องค์การบริหารส่วนตำบล,หนองมะนาว,หนองมะนาว,คง,นครราชสีมา,"1,755.26",2555,สจป.8 นครราชสีมา,องค์การบริหารส่วนตำบลหนองมะนาว,15.47948962,102.2672653,45,https://drive.google.com/file/d/1XbWv5x971um0cQ3UZXvyEST56vHE9dGJ/view?usp=drive_link,,
747,เทศบาลตำบล,ครบุรีใต้,ครบุรีใต้,ครบุรี,นครราชสีมา,"1,916.45",2555,สจป.8 นครราชสีมา,เทศบาลตำบลครบุรีใต้,14.5685862,102.1564201,0,https://drive.google.com/file/d/17YIv-x-9FI5DXAOpt06KwY5NI0K7Yuvw/view?usp=drive_link,,
748,องค์การบริหารส่วนตำบล,แชะ,แชะ,ครบุรี,นครราชสีมา,175.08,2549,สจป.8 นครราชสีมา,องค์การบริหารส่วนตำบลแชะ,14.5283655,102.2462414,0,,https://drive.google.com/file/d/1UmueS73ZZppNttEx--YHZh4qDMSphcEm/view?usp=drive_link,https://drive.google.com/file/d/1qw4LbgLI8FBxN3aGVHExt6YptRP84i79/view?usp=drive_link
749,องค์การบริหารส่วนตำบล,ตะแบกบาน,ตะแบกบาน,ครบุรี,นครราชสีมา,917.59,2549,สจป.8 นครราชสีมา,องค์การบริหารส่วนตำบลตะแบกบาน,14.55567173,102.3438263,0,,https://drive.google.com/file/d/1JFS3zCW0Ydm1lj4fL4UQmcoA5AkrYhgE/view?usp=drive_link,https://drive.google.com/file/d/1L_XeY5kU5h0XaXDoJXxqKIoQ26GeG04u/view?usp=drive_link
750,องค์การบริหารส่วนตำบล,มาบตะโกเอน,มาบตะโกเอน,ครบุรี,นครราชสีมา,39.86,2555,สจป.8 นครราชสีมา,องค์การบริหารส่วนตำบลมาบตะโกเอน,14.55201637,102.3453712,0,https://drive.google.com/file/d/1kpfxkeggbsq-jtVfs-4onCdQKkU1YkQd/view?usp=drive_link,,
751,องค์การบริหารส่วนตำบล,ลำเพียก,ลำเพียก,ครบุรี,นครราชสีมา,"7,152.72",2555,สจป.8 นครราชสีมา,องค์การบริหารส่วนตำบลลำเพียก,14.3380202,102.3387944,50,https://drive.google.com/file/d/1oex48fVZNs0b0MkTC3fphtoYswRjgtfh/view?usp=drive_link,,
752,เทศบาลตำบล,สระว่านพระยา,สระว่านพระยา,ครบุรี,นครราชสีมา,61.62,2549,สจป.8 นครราชสีมา,เทศบาลตำบลสระว่านพระยา,14.51847139,102.39669,0,,https://drive.google.com/file/d/1bdQwpP9wH55JSrxImXc1kvRUhKmXLS9m/view?usp=drive_link,https://drive.google.com/file/d/14aR8xOvRQRqp1G_xq45GtAU_gG-xOFAk/view?usp=drive_link
753,องค์การบริหารส่วนตำบล,จักราช,จักราช,จักราช,นครราชสีมา,"2,381.09",2555,สจป.8 นครราชสีมา,องค์การบริหารส่วนตำบลจักราช,15.04295246,102.4124692,50,https://drive.google.com/file/d/1CLyrQh40fXhtTfYGqXf4_Y1Phq7Pi9SW/view?usp=drive_link,,
754,องค์การบริหารส่วนตำบล,ทองหลาง,ทองหลาง,จักราช,นครราชสีมา,867.37,2555,สจป.8 นครราชสีมา,องค์การบริหารส่วนตำบลทองหลาง,15.0517663,102.3595297,0,https://drive.google.com/file/d/1GGaagGSFTfaaisK8TDaNSk7nQ7fkVAOF/view?usp=drive_link,,
755,องค์การบริหารส่วนตำบล,สีสุก,สีสุก,จักราช,นครราชสีมา,"9,741.51",2549,สจป.8 นครราชสีมา,องค์การบริหารส่วนตำบลสีสุก,14.8986554,102.402162,50,,https://drive.google.com/file/d/18L0grIYSFPCou4ZjHMNosutlwjh_ZrdP/view?usp=drive_link,https://drive.google.com/file/d/1bDshGFgR_44L4LNBVAOS_J8kBo6t2tdR/view?usp=drive_link
756,องค์การบริหารส่วนตำบล,หนองพลวง,หนองพลวง,จักราช,นครราชสีมา,822.16,2555,สจป.8 นครราชสีมา,องค์การบริหารส่วนตำบลหนองพลวง,15.08633666,102.3935866,0,https://drive.google.com/file/d/1yGDa7QbH1CjZRS--u1KARacZLE-dZs3e/view?usp=drive_link,,
757,องค์การบริหารส่วนตำบล,ท่าช้าง,ท่าช้าง,เฉลิมพระเกียรติ,นครราชสีมา,602.72,2549,สจป.8 นครราชสีมา,องค์การบริหารส่วนตำบลท่าช้าง,15.0079248,102.2607225,55,,https://drive.google.com/file/d/1SQ2R5Fp9YMrMazLWsFY2GBpqlGIzA72K/view?usp=drive_link,https://drive.google.com/file/d/1zKFuEN1uTXto7K2EiEtPXyS_3-8Pgdnt/view?usp=drive_link
758,องค์การบริหารส่วนตำบล,หนองยาง,หนองยาง,เฉลิมพระเกียรติ,นครราชสีมา,"21,211.60",2549,สจป.8 นครราชสีมา,องค์การบริหารส่วนตำบลหนองยาง,14.96382624,102.2602744,50,,https://drive.google.com/file/d/1cEHFVexKLz6yhkVnEH7QCSDSx9gD5FDO/view?usp=drive_link,https://drive.google.com/file/d/1w3mrlcgy4AZ-8bGbR9_SCiTqojsymK9D/view?usp=drive_link
759,องค์การบริหารส่วนตำบล,ท่าลาด,ท่าลาด,ชุมพวง,นครราชสีมา,"7,698.64",2555,สจป.8 นครราชสีมา,องค์การบริหารส่วนตำบลท่าลาด,15.2557632,102.7275678,45,https://drive.google.com/file/d/13BIcUFRQF9HdbkfVlxZNLktOOCt7T_l7/view?usp=drive_link,,
760,องค์การบริหารส่วนตำบล,สาหร่าย,สาหร่าย,ชุมพวง,นครราชสีมา,"2,986.97",2555,สจป.8 นครราชสีมา,องค์การบริหารส่วนตำบลสาหร่าย,15.1601288,102.7136369,45,https://drive.google.com/file/d/1os2RnHUL1_7ooHj-OOJ4hDDvzpmEboe6/view?usp=drive_link,,
761,องค์การบริหารส่วนตำบล,ด่านเกวียน,ด่านเกวียน,โชคชัย,นครราชสีมา,118.46,2550,สจป.8 นครราชสีมา,องค์การบริหารส่วนตำบลด่านเกวียน,14.8508202,102.1795473,5,https://drive.google.com/file/d/1yLHMJxArfN_zlhZwRaKDbydqyh0Bas5j/view?usp=drive_link,,https://drive.google.com/file/d/1TLULbLQrZNeir99ZwRFTJqZ-WMdNiMWB/view?usp=drive_link
762,เทศบาลตำบล,ท่าเยี่ยม,ท่าเยี่ยม,โชคชัย,นครราชสีมา,"9,322.87",2555,สจป.8 นครราชสีมา,เทศบาลตำบลท่าเยี่ยม,14.72730172,102.2325307,5,https://drive.google.com/file/d/1aiETP34cz8BKWxmZQMU4CGfL4IgeJsB6/view?usp=drive_link,,
763,องค์การบริหารส่วนตำบล,ท่าอ่าง,ท่าอ่าง,โชคชัย,นครราชสีมา,896.96,2550,สจป.8 นครราชสีมา,องค์การบริหารส่วนตำบลท่าอ่าง,14.7994439,102.1734449,45,,https://drive.google.com/file/d/1qsrADeEUetxgz4XA2-ibqOdYw-orVfk-/view?usp=drive_link,https://drive.google.com/file/d/1FxYvC584o3PQKaXVX4eGRKnnXX1A_xgv/view?usp=drive_link
764,องค์การบริหารส่วนตำบล,ทุ่งอรุณ,ทุ่งอรุณ,โชคชัย,นครราชสีมา,54.52,2555,สจป.8 นครราชสีมา,องค์การบริหารส่วนตำบลทุ่งอรุณ,14.62995758,102.1709056,0,https://drive.google.com/file/d/1jwLyqeREcg623JC3O9Egyl_d55skjgCD/view?usp=drive_link,,
765,องค์การบริหารส่วนตำบล,พลับพลา,พลับพลา,โชคชัย,นครราชสีมา,375.15,2555,สจป.8 นครราชสีมา,องค์การบริหารส่วนตำบลพลับพลา,14.71412595,102.1479117,45,https://drive.google.com/file/d/1-3QHNU9L4r1TdDrbk3fQMc3v5NFGEQCE/view?usp=drive_link,,
766,องค์การบริหารส่วนตำบล,ละลมใหม่พัฒนา,ละลมใหม่พัฒนา,โชคชัย,นครราชสีมา,"2,997.20",2549,สจป.8 นครราชสีมา,องค์การบริหารส่วนตำบลละลมใหม่พัฒนา,14.83105814,102.2209223,45,,https://drive.google.com/file/d/17Rw80ZzYEm9mn9So0P7Et2qJ4AvWn7kd/view?usp=drive_link,https://drive.google.com/file/d/1s0sn4sqIvsHtkI0M5ORTA17Ulq4an75v/view?usp=drive_link
767,องค์การบริหารส่วนตำบล,ตะเคียน,ตะเคียน,ด่านขุนทด,นครราชสีมา,"10,285.85",2549,สจป.8 นครราชสีมา,องค์การบริหารส่วนตำบลตะเคียน,15.1674327,101.7276129,45,,https://drive.google.com/file/d/1NnqL1vgWD_9kv_oJ6mM-i7ljjhcEVcJa/view?usp=drive_link,
768,องค์การบริหารส่วนตำบล,บ้านเก่า,บ้านเก่า,ด่านขุนทด,นครราชสีมา,"8,987.34",2555,สจป.8 นครราชสีมา,องค์การบริหารส่วนตำบลบ้านเก่า,15.2041531,101.7050695,45,https://drive.google.com/file/d/1Jlgls37lqVDiJanElnV9Ss_Sm469ovtC/view?usp=drive_link,,
769,องค์การบริหารส่วนตำบล,พันชนะ,พันชนะ,ด่านขุนทด,นครราชสีมา,"8,219.99",2555,สจป.8 นครราชสีมา,องค์การบริหารส่วนตำบลพันชนะ,15.26182931,101.7001176,50,https://drive.google.com/file/d/1txSlEMdBXT_69irgX5GcTtCrAIpmqwNz/view?usp=drive_link,,
770,องค์การบริหารส่วนตำบล,สระจรเข้,สระจรเข้,ด่านขุนทด,นครราชสีมา,"3,514.95",2550,สจป.8 นครราชสีมา,องค์การบริหารส่วนตำบลสระจรเข้,15.1514602,101.7969844,0,,https://drive.google.com/file/d/1-HVHvMRveoex-n_4AXHIsJQsatEsvJ0-/view?usp=drive_link,https://drive.google.com/file/d/1KkUPrLPELhEYx741K27eVf0ABS96bYO7/view?usp=drive_link
771,องค์การบริหารส่วนตำบล,ห้วยบง,ห้วยบง,ด่านขุนทด,นครราชสีมา,"30,562.13",2555,สจป.8 นครราชสีมา,องค์การบริหารส่วนตำบลห้วยบง,15.1130479,101.5058819,50,https://drive.google.com/file/d/1XM7NhnoIMcInlewfRcAccd0cCELafX1E/view?usp=drive_link,,
772,องค์การบริหารส่วนตำบล,หินดาด,หินดาด,ด่านขุนทด,นครราชสีมา,"7,183.59",2550,สจป.8 นครราชสีมา,องค์การบริหารส่วนตำบลหินดาด,15.1332926,101.6007438,50,,https://drive.google.com/file/d/1lNcd3adzg6JeAIOSfKx70pg7SfRqyEIT/view?usp=drive_link,https://drive.google.com/file/d/18IbS1dtdk67mWzto10rQYfQMagI9Va2O/view?usp=drive_link
773,องค์การบริหารส่วนตำบล,บึงปรือ,บึงปรือ,เทพารักษ์,นครราชสีมา,"12,754.32",2555,สจป.8 นครราชสีมา,องค์การบริหารส่วนตำบลบึงปรือ,15.3076006,101.4518621,50,https://drive.google.com/file/d/1PeM1j7n_OQXd0W6ZKys_TGbaqaQ2uKp1/view?usp=drive_link,,
774,องค์การบริหารส่วนตำบล,สำนักตะคร้อ,สำนักตะคร้อ,เทพารักษ์,นครราชสีมา,"22,204.01",2555,สจป.8 นครราชสีมา,องค์การบริหารส่วนตำบลสำนักตะคร้อ,15.30722152,101.5521133,50,https://drive.google.com/file/d/1uYxSFofJGjTwWZnBAJnj6uQCRa74EI08/view?usp=drive_link,,
775,องค์การบริหารส่วนตำบล,หนองแวง,หนองแวง,เทพารักษ์,นครราชสีมา,"11,048.26",2550,สจป.8 นครราชสีมา,องค์การบริหารส่วนตำบลหนองแวง,15.2305875,101.5278872,50,,https://drive.google.com/file/d/1T2WDEV-EZG53CTigrdGzbIOZJFw3vLea/view?usp=drive_link,https://drive.google.com/file/d/11MP_kGxQmQFTYjYHzoRIw5NohG0pyyya/view?usp=drive_link
776,องค์การบริหารส่วนตำบล,โตนด,โตนด,โนนสูง,นครราชสีมา,744.9,2549,สจป.8 นครราชสีมา,องค์การบริหารส่วนตำบลโตนด,15.0936463,102.2791907,0,,https://drive.google.com/file/d/1C8BN73a2Nt3mbQekexzTS97KzSsh0tC_/view?usp=drive_link,https://drive.google.com/file/d/1tHxHcIUiEOAeffqQVqOYwof6ERdteNVZ/view?usp=drive_link
777,องค์การบริหารส่วนตำบล,บิง,บิง,โนนสูง,นครราชสีมา,"2,082.20",2555,สจป.8 นครราชสีมา,องค์การบริหารส่วนตำบลบิง,15.13709,102.3191071,50,https://drive.google.com/file/d/1e0_pPJUufEAezB2e7jJP7ypv-_h8oVL3/view?usp=drive_link,,
778,องค์การบริหารส่วนตำบล,ลำมูล,ลำมูล,โนนสูง,นครราชสีมา,"14,121.91",2549,สจป.8 นครราชสีมา,องค์การบริหารส่วนตำบลลำมูล,15.0627455,102.31071,5,,https://drive.google.com/file/d/111UQHYl1ceMrTzcro40PHloa-TMQk4Pt/view?usp=drive_link,https://drive.google.com/file/d/1dloFhJUvjF2S-l9lvzZbvtdu-ZoFJeqH/view?usp=drive_link
779,องค์การบริหารส่วนตำบล,ขุนทอง,ขุนทอง,บัวใหญ่,นครราชสีมา,45.95,2555,สจป.8 นครราชสีมา,องค์การบริหารส่วนตำบลขุนทอง,15.6655027,102.3571727,0,https://drive.google.com/file/d/1u3zT2i_QqLaJM594k7frwQLXxoDD7N5H/view?usp=drive_link,,
780,องค์การบริหารส่วนตำบล,โนนทองหลาง,โนนทองหลาง,บัวใหญ่,นครราชสีมา,683.89,2550,สจป.8 นครราชสีมา,องค์การบริหารส่วนตำบลโนนทองหลาง,15.514891,102.375316,45,,https://drive.google.com/file/d/1CvQCF2L6VQrWH2djBkomzo8k-QHS1ypE/view?usp=drive_link,https://drive.google.com/file/d/1jI9GwoDx9pwUzV4QGe0kDdd0w-iPpl1j/view?usp=drive_link
781,เทศบาลตำบล,หนองบัวสะอาด,หนองบัวสะอาด,บัวใหญ่,นครราชสีมา,"2,652.51",2549,สจป.8 นครราชสีมา,เทศบาลตำบลหนองบัวสะอาด,15.5988301,102.2982425,45,,https://drive.google.com/file/d/1IwHtTkY0NIB8rLSo7Uo6GTIIoj2X94Ur/view?usp=drive_link,https://drive.google.com/file/d/17w6UH_VP4OOfDxL7_lUGHRrMTC8gVHt6/view?usp=drive_link
782,องค์การบริหารส่วนตำบล,ห้วยยาง,ห้วยยาง,บัวใหญ่,นครราชสีมา,"1,197.28",2549,สจป.8 นครราชสีมา,องค์การบริหารส่วนตำบลห้วยยาง,15.6359802,102.3250807,45,,https://drive.google.com/file/d/18L3IhheOrB-3WaW-hp9hC_VXjdSivsqQ/view?usp=drive_link,https://drive.google.com/file/d/1MsKFb6lgJ8RKE7a9tIzQN2I-fGutisd9/view?usp=drive_link
783,เทศบาลตำบล,สีมามงคล,กลางดง,ปากช่อง,นครราชสีมา,"50,456.02",2548,สจป.8 นครราชสีมา,เทศบาลตำบลสีมามงคล,14.63693608,101.2582451,50,,https://drive.google.com/file/d/1ugO_MLr58vfxQKAM1pTMjkdEaeCa0i4T/view?usp=drive_link,https://drive.google.com/file/d/1wBuAtsWVMEYX6JWzRUtJeHi1IdARMd62/view?usp=drive_link
784,องค์การบริหารส่วนตำบล,ขนงพระ,ขนงพระ,ปากช่อง,นครราชสีมา,861.57,2555,สจป.8 นครราชสีมา,องค์การบริหารส่วนตำบลขนงพระ,14.63541012,101.478653,45,https://drive.google.com/file/d/1ABcoqOZ5i5jzOZvOme7Voc8PHSq5n-57/view?usp=drive_link,,
785,องค์การบริหารส่วนตำบล,คลองม่วง,คลองม่วง,ปากช่อง,นครราชสีมา,"8,399.73",2555,สจป.8 นครราชสีมา,องค์การบริหารส่วนตำบลคลองม่วง,14.6332982,101.6104446,50,https://drive.google.com/file/d/1XyzFLZvZ7S1WUo1nBUO1orHLBxwRL8Z4/view?usp=drive_link,,
786,องค์การบริหารส่วนตำบล,จันทึก,จันทึก,ปากช่อง,นครราชสีมา,"20,444.81",2549,สจป.8 นครราชสีมา,องค์การบริหารส่วนตำบลจันทึก,14.784608,101.478426,50,,https://drive.google.com/file/d/1R0ha_ISNGSh_KBRVt65nix0W2-7g9fTf/view?usp=drive_link,https://drive.google.com/file/d/1Uwfb6sHwKKntnOB5v3Gt0PKNl2qTzQks/view?usp=drive_link
787,องค์การบริหารส่วนตำบล,ปากช่อง,ปากช่อง,ปากช่อง,นครราชสีมา,"39,057.24",2549,สจป.8 นครราชสีมา,องค์การบริหารส่วนตำบลปากช่อง,14.7000398,101.3643257,50,,https://drive.google.com/file/d/1mND4KI3wyO__UceEKVcZkU5hE3NuH6Xr/view?usp=drive_link,
788,องค์การบริหารส่วนตำบล,โป่งตาลอง,โป่งตาลอง,ปากช่อง,นครราชสีมา,"1,884.10",2555,สจป.8 นครราชสีมา,องค์การบริหารส่วนตำบลโป่งตาลอง,14.4971792,101.5544616,45,https://drive.google.com/file/d/1cFM3TpN62k7C6MUBkKxJH5sw-K6Qf179/view?usp=drive_link,,
789,องค์การบริหารส่วนตำบล,พญาเย็น,พญาเย็น,ปากช่อง,นครราชสีมา,"28,945.87",2555,สจป.8 นครราชสีมา,องค์การบริหารส่วนตำบลพญาเย็น,14.67863118,101.2191439,50,https://drive.google.com/file/d/16tEYSk2e9EjWpDEN4YLqq6IGFCJiS2hw/view?usp=drive_link,,
790,องค์การบริหารส่วนตำบล,วังกะทะ,วังกะทะ,ปากช่อง,นครราชสีมา,"14,490.07",2549,สจป.8 นครราชสีมา,องค์การบริหารส่วนตำบลวังกะทะ,14.5305151,101.6458274,50,,https://drive.google.com/file/d/1BDceddnGLz_NE-ozG2dZTwx90RnmWpsS/view?usp=drive_link,
791,เทศบาลตำบล,วังไทร,วังไทร,ปากช่อง,นครราชสีมา,"2,354.37",2555,สจป.8 นครราชสีมา,เทศบาลตำบลวังไทร,14.6940339,101.5417023,50,https://drive.google.com/file/d/1-lz_DM18brobGZ2ve9-cj04NuVm4A7DV/view?usp=drive_link,,
792,องค์การบริหารส่วนตำบล,หนองน้ำแดง,หนองน้ำแดง,ปากช่อง,นครราชสีมา,"14,732.82",2548,สจป.8 นครราชสีมา,องค์การบริหารส่วนตำบลหนองน้ำแดง,14.6468229,101.4065029,50,,https://drive.google.com/file/d/11arC71rBoneM_TR5vZYB3ktQI2eNuvk8/view?usp=drive_link,
793,องค์การบริหารส่วนตำบล,หนองสาหร่าย,หนองสาหร่าย,ปากช่อง,นครราชสีมา,"5,531.12",2549,สจป.8 นครราชสีมา,องค์การบริหารส่วนตำบลหนองสาหร่าย,14.7162444,101.4369751,45,,https://drive.google.com/file/d/1nzPb1kWBrjBQKOI2fIkPY84Ks53DLrG7/view?usp=drive_link,
794,เทศบาลตำบล,หมูสี,หมูสี,ปากช่อง,นครราชสีมา,734.61,2548,สจป.8 นครราชสีมา,เทศบาลตำบลหมูสี,14.53451961,101.3790928,45,,https://drive.google.com/file/d/14Sg3FSVmr_CRGfT_pah7JpcJubdOFoDz/view?usp=drive_link,
795,องค์การบริหารส่วนตำบล,หนองระเวียง,หนองระเวียง,พิมาย,นครราชสีมา,173.94,2555,สจป.8 นครราชสีมา,องค์การบริหารส่วนตำบลหนองระเวียง,15.09897434,102.4288416,45,https://drive.google.com/file/d/1mlCLFI1SBl2Ylk3RtBVFDi1Dhq_myYKI/view?usp=drive_link,,
796,เทศบาลตำบล,เมืองใหม่โคกกรวด,โคกกรวด,เมืองนครราชสีมา,นครราชสีมา,"1,386.67",2549,สจป.8 นครราชสีมา,เทศบาลตำบลเมืองใหม่โคกกรวด,14.9115799,101.9788793,50,,https://drive.google.com/file/d/1LhB22emHYeBhh8nAlXHqjvS5ukj0vI3Y/view?usp=drive_link,https://drive.google.com/file/d/1MHXKZugi-3A5NJha45TNFPwzZr94ZjSY/view?usp=drive_link
797,เทศบาลตำบล,ปรุใหญ่,ปรุใหญ่,เมืองนครราชสีมา,นครราชสีมา,0,2555,สจป.8 นครราชสีมา,เทศบาลตำบลปรุใหญ่,14.93129734,102.0517573,0,,,
798,เทศบาลตำบล,โพธิ์กลาง,โพธิ์กลาง,เมืองนครราชสีมา,นครราชสีมา,"12,960.53",2549,สจป.8 นครราชสีมา,เทศบาลตำบลโพธิ์กลาง,14.919098,102.1092491,0,,https://drive.google.com/file/d/1Q-KpZSB7WLN3OfwSoEN_hnzKiJyEwy6h/view?usp=drive_link,https://drive.google.com/file/d/1bbarrDgwwqqtKSfnciwoiSmR72vnN5CD/view?usp=drive_link
799,เทศบาลตำบล,สุรนารี,สุรนารี,เมืองนครราชสีมา,นครราชสีมา,"7,524.05",2555,สจป.8 นครราชสีมา,เทศบาลตำบลสุรนารี,14.91984684,102.0178649,50,https://drive.google.com/file/d/1F0kkIKq3p5nMCaJpdMBBoKAMOtB0Jgqg/view?usp=drive_link,,
800,องค์การบริหารส่วนตำบล,หนองจะบก,หนองจะบก,เมืองนครราชสีมา,นครราชสีมา,176.31,2555,สจป.8 นครราชสีมา,องค์การบริหารส่วนตำบลหนองจะบก,14.90642232,102.0618644,0,https://drive.google.com/file/d/19O2A-lWjV-fKCxmk5IXnk_IMpTgcgPlC/view?usp=drive_link,,
801,เทศบาลตำบล,หนองบัวศาลา,หนองบัวศาลา,เมืองนครราชสีมา,นครราชสีมา,375.6,2555,สจป.8 นครราชสีมา,เทศบาลตำบลหนองบัวศาลา,14.9172436,102.1473929,45,https://drive.google.com/file/d/1sX18ePmNsmDiMiInMMG0B6NkVGiJC5PM/view?usp=drive_link,,
802,องค์การบริหารส่วนตำบล,หนองระเวียง,หนองระเวียง,เมืองนครราชสีมา,นครราชสีมา,139.73,2550,สจป.8 นครราชสีมา,องค์การบริหารส่วนตำบลหนองระเวียง,15.09897434,102.4288416,0,,https://drive.google.com/file/d/1t-jQHYaC7eH_i-rCM28CO186PHy8PBBS/view?usp=drive_link,https://drive.google.com/file/d/1gQYAkdD4XJenW8Jjg1msJOdSafgxa2Ur/view?usp=drive_link
803,เทศบาลตำบล,ช่องแมว,ช่องแมว,ลำทะเมนชัย,นครราชสีมา,"1,265.36",2555,สจป.8 นครราชสีมา,เทศบาลตำบลช่องแมว,15.2480353,102.90244,45,https://drive.google.com/file/d/1azXCaIUMUEQmCQ2XrwMvSVFAmEJTmA8f/view?usp=drive_link,,
804,องค์การบริหารส่วนตำบล,กฤษณา,กฤษณา,สีคิ้ว,นครราชสีมา,"11,560.79",2550,สจป.8 นครราชสีมา,องค์การบริหารส่วนตำบลกฤษณา,15.034991,101.56929,50,,https://drive.google.com/file/d/1KxY22U-pTR2ifXXA1qeEvIayqtL318Kd/view?usp=drive_link,https://drive.google.com/file/d/1F2ezit3qcsUKkPgOvnvuijOkKO_WB5Aq/view?usp=drive_link
805,องค์การบริหารส่วนตำบล,คลองไผ่,คลองไผ่,สีคิ้ว,นครราชสีมา,"39,081.43",2549,สจป.8 นครราชสีมา,องค์การบริหารส่วนตำบลคลองไผ่,14.87520231,101.5676826,50,,https://drive.google.com/file/d/1cTC8SyF3mk3pVWTHmxG-xKgdmAwnvoOP/view?usp=drive_link,https://drive.google.com/file/d/1rcG94wo5brduWgzwbfEg7UIeBzcJqanR/view?usp=drive_link
806,องค์การบริหารส่วนตำบล,ดอนเมือง,ดอนเมือง,สีคิ้ว,นครราชสีมา,"19,168.04",2550,สจป.8 นครราชสีมา,องค์การบริหารส่วนตำบลดอนเมือง,14.9854445,101.502644,50,,https://drive.google.com/file/d/1qdphOwOXLA5sNdW6cLMZIHzOiaCngJLh/view?usp=drive_link,https://drive.google.com/file/d/1P8PqkV0pdebHYF5cjN8U1QiXTzaFMUJt/view?usp=drive_link
807,องค์การบริหารส่วนตำบล,มิตรภาพ,มิตรภาพ,สีคิ้ว,นครราชสีมา,"29,456.15",2550,สจป.8 นครราชสีมา,องค์การบริหารส่วนตำบลมิตรภาพ,14.849166,101.6806497,50,,https://drive.google.com/file/d/1at3N1xDQzOOnFEWZLrmpqWH1z1Gc8heP/view?usp=drive_link,https://drive.google.com/file/d/1enFOTTG8Qzs5ecCTtw0VsjEpOg6Gh8vV/view?usp=drive_link
808,องค์การบริหารส่วนตำบล,ลาดบัวขาว,ลาดบัวขาว,สีคิ้ว,นครราชสีมา,"32,800.75",2555,สจป.8 นครราชสีมา,องค์การบริหารส่วนตำบลลาดบัวขาว,14.52591,101.395277,50,https://drive.google.com/file/d/12O6QoM-zqHxMAsO05GhZ-Bu1BeEGvFOq/view?usp=drive_link,,
809,องค์การบริหารส่วนตำบล,วังโรงใหญ่,วังโรงใหญ่,สีคิ้ว,นครราชสีมา,"3,754.70",2549,สจป.8 นครราชสีมา,องค์การบริหารส่วนตำบลวังโรงใหญ่,15.05111292,101.6622126,45,,https://drive.google.com/file/d/1riavrEkfA8Vuy4jMN-I8VcqKIx5Qr1cw/view?usp=drive_link,https://drive.google.com/file/d/1vqx-EadSFcVtleL1TIzOUAKL9LoXbHYu/view?usp=drive_link
810,เทศบาลตำบล,หนองน้ำใส,หนองน้ำใส,สีคิ้ว,นครราชสีมา,"4,361.62",2550,สจป.8 นครราชสีมา,เทศบาลตำบลหนองน้ำใส,14.93230264,101.5153221,45,,https://drive.google.com/file/d/1T8K5DgWa3fZ4XMdeBQ6r1gYqgdErQUjs/view?usp=drive_link,https://drive.google.com/file/d/1qmeeYhgsyFLNTw4oS2J31ddByhY4kwZd/view?usp=drive_link
811,องค์การบริหารส่วนตำบล,หนองบัวน้อย,หนองบัวน้อย,สีคิ้ว,นครราชสีมา,"1,152.66",2555,สจป.8 นครราชสีมา,องค์การบริหารส่วนตำบลหนองบัวน้อย,15.0082609,101.6937587,45,https://drive.google.com/file/d/1WHhlPN2y0Qp-e0faPXwoQSkZ9Ige4u8s/view?usp=drive_link,,
812,องค์การบริหารส่วนตำบล,หนองหญ้าขาว,หนองหญ้าขาว,สีคิ้ว,นครราชสีมา,"10,738.32",2555,สจป.8 นครราชสีมา,องค์การบริหารส่วนตำบลหนองหญ้าขาว,14.9676097,101.566802,0,https://drive.google.com/file/d/102WcF_vdLkaN9ZWxdl5OG7xuOXKPZ6i0/view?usp=drive_link,,
813,องค์การบริหารส่วนตำบล,โนนค่า,โนนค่า,สูงเนิน,นครราชสีมา,"35,489.94",2555,สจป.8 นครราชสีมา,องค์การบริหารส่วนตำบลโนนค่า,14.9392638,101.8667081,45,https://drive.google.com/file/d/1RIiXrnXCccnPJvalAi1iX6qHDs1jTSuv/view?usp=drive_link,,
814,องค์การบริหารส่วนตำบล,มะเกลือเก่า,มะเกลือเก่า,สูงเนิน,นครราชสีมา,"23,395.71",2550,สจป.8 นครราชสีมา,องค์การบริหารส่วนตำบลมะเกลือเก่า,14.87705963,101.8003902,50,,https://drive.google.com/file/d/1xOMYNnLWA4zAWvHX_oU5-MfP7xL1jo_H/view?usp=drive_link,https://drive.google.com/file/d/1CdGOZ4C_XdLFWjUXmfmKrtxSGDhmH44Q/view?usp=drive_link
815,องค์การบริหารส่วนตำบล,มะเกลือใหม่,มะเกลือใหม่,สูงเนิน,นครราชสีมา,"20,220.50",2555,สจป.8 นครราชสีมา,องค์การบริหารส่วนตำบลมะเกลือใหม่,14.8682994,101.7641222,50,https://drive.google.com/file/d/1LUcFpZr7lQHkSrBqZvRX736OCkqVRXEf/view?usp=drive_link,,
816,องค์การบริหารส่วนตำบล,สูงเนิน,สูงเนิน,สูงเนิน,นครราชสีมา,376.27,2549,สจป.8 นครราชสีมา,องค์การบริหารส่วนตำบลสูงเนิน,14.870411,101.8640281,45,,https://drive.google.com/file/d/1bWvZdcr_FrT5o7w8L-OJD8iE3lBcmwt0/view?usp=drive_link,https://drive.google.com/file/d/1Duf9fm1xKxWTyAhcbaa-2XQ7Za3SnIrs/view?usp=drive_link
817,องค์การบริหารส่วนตำบล,เสมา,เสมา,สูงเนิน,นครราชสีมา,"15,697.96",2550,สจป.8 นครราชสีมา,องค์การบริหารส่วนตำบลเสมา,14.9446553,101.7900644,45,,https://drive.google.com/file/d/182k3d5tyObrPo7lXfV1QJS033SZLYtiU/view?usp=drive_link,https://drive.google.com/file/d/19Wyw5-jtSysQHOO3cc1DQ6v3d9w6qCUT/view?usp=drive_link
818,องค์การบริหารส่วนตำบล,หนองตะไก้,หนองตะไก้,สูงเนิน,นครราชสีมา,"5,070.66",2549,สจป.8 นครราชสีมา,องค์การบริหารส่วนตำบลหนองตะไก้,14.809866,101.901453,50,,https://drive.google.com/file/d/1WtY_vW9y2nLVhzZknQi6XSOQKwzFsWN-/view?usp=drive_link,https://drive.google.com/file/d/1GdiWG7keN08pALFXLTQvrr8kPgMfK3xm/view?usp=drive_link
819,องค์การบริหารส่วนตำบล,ทับสวาย,ทับสวาย,ห้วยแถลง,นครราชสีมา,741.88,2549,สจป.8 นครราชสีมา,องค์การบริหารส่วนตำบลทับสวาย,15.0100604,102.6304364,45,,https://drive.google.com/file/d/1f84X22mwx0WeVpKabp8yF3sKSLP-d3rU/view?usp=drive_link,https://drive.google.com/file/d/1oaCdm4mmntczd3_xYu9rwZOHkXIN8CUP/view?usp=drive_link
820,องค์การบริหารส่วนตำบล,เมืองพลับพลา,เมืองพลับพลา,ห้วยแถลง,นครราชสีมา,529.11,2555,สจป.8 นครราชสีมา,องค์การบริหารส่วนตำบลเมืองพลับพลา,15.0662949,102.656569,50,https://drive.google.com/file/d/1B9d67xNg8bkzA_ynORgUGhD3wX-EeYOm/view?usp=drive_link,,
821,องค์การบริหารส่วนตำบล,หลุ่งประดู่,หลุ่งประดู่,ห้วยแถลง,นครราชสีมา,"5,236.31",2549,สจป.8 นครราชสีมา,องค์การบริหารส่วนตำบลหลุ่งประดู่,15.04052675,102.556322,45,,https://drive.google.com/file/d/1qfeq4I4w3VvWASnR_pGyGvoj16-bGAUx/view?usp=drive_link,https://drive.google.com/file/d/1CY9tyQbPBWfpWXL--uBmU339yh8HrcIo/view?usp=drive_link
822,องค์การบริหารส่วนตำบล,ห้วยแคน,ห้วยแคน,ห้วยแถลง,นครราชสีมา,277.6,2549,สจป.8 นครราชสีมา,องค์การบริหารส่วนตำบลห้วยแคน,14.9874687,102.7055584,0,,https://drive.google.com/file/d/1LnbGgxb-VHxofswtYjxT3XkgHEVsFaYq/view?usp=drive_link,https://drive.google.com/file/d/12PUyEtp_hUz6xL554qoni6YMdAD0Z2H0/view?usp=drive_link
823,องค์การบริหารส่วนตำบล,ห้วยแถลง,ห้วยแถลง,ห้วยแถลง,นครราชสีมา,745.47,2555,สจป.8 นครราชสีมา,องค์การบริหารส่วนตำบลห้วยแถลง,14.94923696,102.6585778,0,https://drive.google.com/file/d/1-7mXuoSg84SfVjjlzRngaTI6PhwfCVoW/view?usp=drive_link,,
824,องค์การบริหารส่วนตำบล,หินดาด,หินดาด,ห้วยแถลง,นครราชสีมา,"3,303.22",2549,สจป.8 นครราชสีมา,องค์การบริหารส่วนตำบลหินดาด,15.0021728,102.5516032,50,,https://drive.google.com/file/d/1o2b-kPWTUrq06qRSMa4a5MRLgh_1oVbh/view?usp=drive_link,https://drive.google.com/file/d/1aoMMWuagyMPmLUjQbQGouG4pxH8_iAEH/view?usp=drive_link
825,เทศบาลตำบล,ขนอม,ขนอม,ขนอม,นครศรีธรรมราช,235.56,2549,สจป.12 นครศรีธรรมราช,เทศบาลตำบลขนอม,9.208436704,99.86431181,0,,https://drive.google.com/file/d/1Go5wvCmlsbDPAdIo89OmNcZBS1c9Ub9R/view?usp=drive_link,https://drive.google.com/file/d/1a-IyDOotUcZe4PdoPboAkG_OFT1PSsZC/view?usp=drive_link
826,เทศบาลตำบล,อ่าวขนอม,ขนอม,ขนอม,นครศรีธรรมราช,"16,828.00",2549,สจป.12 นครศรีธรรมราช,เทศบาลตำบลอ่าวขนอม,9.179158,99.856826,0,,,
827,องค์การบริหารส่วนตำบล,ควนทอง,ควนทอง,ขนอม,นครศรีธรรมราช,"36,460.28",2555,สจป.12 นครศรีธรรมราช,องค์การบริหารส่วนตำบลควนทอง,9.2078535,99.8076752,5,https://drive.google.com/file/d/1X3CbgrAD3IJj_CYDIGH1ZFZXy_pQtZqr/view?usp=drive_link,,
828,เทศบาลตำบล,ท้องเนียน,ท้องเนียน,ขนอม,นครศรีธรรมราช,"8,800.71",2550,สจป.12 นครศรีธรรมราช,เทศบาลตำบลท้องเนียน,9.223755633,99.84357834,0,,https://drive.google.com/file/d/1bTJPoyqsy6sM3RwtgNp2e7xvx9p7wi6O/view?usp=drive_link,https://drive.google.com/file/d/1PynPPdQ-6Ny9jrZSByKIGWKpZBcWSoHb/view?usp=drive_link
829,องค์การบริหารส่วนตำบล,ทุ่งโพธิ์,ทุ่งโพธิ์,จุฬาภรณ์,นครศรีธรรมราช,"9,170.37",2548,สจป.12 นครศรีธรรมราช,องค์การบริหารส่วนตำบลทุ่งโพธิ์,8.123811536,99.86469269,5,,https://drive.google.com/file/d/1Zp8UqbriJeiOSyePVYr7uYzudtBaJMnz/view?usp=drive_link,https://drive.google.com/file/d/1ktl8ON9jzG92_IYHvJGaNip8SfPx-6zu/view?usp=drive_link
830,องค์การบริหารส่วนตำบล,นาหมอบุญ,นาหมอบุญ,จุฬาภรณ์,นครศรีธรรมราช,"7,528.06",2548,สจป.12 นครศรีธรรมราช,องค์การบริหารส่วนตำบลนาหมอบุญ,8.047214978,99.89544153,0,,,
831,องค์การบริหารส่วนตำบล,สามตำบล,สามตำบล,จุฬาภรณ์,นครศรีธรรมราช,"3,919.17",2550,สจป.12 นครศรีธรรมราช,องค์การบริหารส่วนตำบลสามตำบล,8.0741234,99.8876387,5,,https://drive.google.com/file/d/1AhBmOq7qR5beitstkKSJKySZ8IUdmXjr/view?usp=drive_link,https://drive.google.com/file/d/1FEk_-Mjp-E8zyXRV9CgvUM3v7FHN4_yP/view?usp=drive_link
832,องค์การบริหารส่วนตำบล,กะเปียด,กะเบียด,ฉวาง,นครศรีธรรมราช,"6,024.34",2556,สจป.12 นครศรีธรรมราช,องค์การบริหารส่วนตำบลกะเปียด,8.5101489,99.4593179,0,https://drive.google.com/file/d/18FrNSAaN9MHLH3CK_XpZIwhS6nX61Hku/view?usp=drive_link,,
833,เทศบาลตำบล,ปากน้ำฉวาง,ฉวาง,ฉวาง,นครศรีธรรมราช,419.55,2550,สจป.12 นครศรีธรรมราช,เทศบาลตำบลปากน้ำฉวาง,8.395567,99.499893,0,,https://drive.google.com/file/d/1eJA5yffrZE9vOgBL11KFQhFpr-7jCdji/view?usp=drive_link,https://drive.google.com/file/d/13uYS4-6F09smb3c8w7OAOrvihwoaZjdA/view?usp=drive_link
834,องค์การบริหารส่วนตำบล,นาแว,นาแว,ฉวาง,นครศรีธรรมราช,"1,674.98",2548,สจป.12 นครศรีธรรมราช,องค์การบริหารส่วนตำบลนาแว,8.466315047,99.53403854,0,,https://drive.google.com/file/d/18BWXeZ1yT52sqNgYRszB0LXyfklKFDEN/view?usp=drive_link,https://drive.google.com/file/d/1yhUV8fm4syQCLXrNjGuDcSTVIzk_LBY3/view?usp=drive_link
835,องค์การบริหารส่วนตำบล,ไม้เรียง,ไม้เรียง,ฉวาง,นครศรีธรรมราช,940.25,2556,สจป.12 นครศรีธรรมราช,องค์การบริหารส่วนตำบลไม้เรียง,8.457047,99.480573,0,https://drive.google.com/file/d/1vzaQ4o5Beiptf-i-YOgdrxR3BwFzIdHR/view?usp=drive_link,,
836,องค์การบริหารส่วนตำบล,ละอาย,ละอาย,ฉวาง,นครศรีธรรมราช,"6,731.14",2548,สจป.12 นครศรีธรรมราช,องค์การบริหารส่วนตำบลละอาย,8.4430023,99.5917575,0,,https://drive.google.com/file/d/1EDhkGRBJWRRZNPLjyDRQZsD9NWn13-8J/view?usp=drive_link,https://drive.google.com/file/d/1UrChSbB7kIP3xTQPD_aN_oM3pofleW-F/view?usp=drive_link
837,องค์การบริหารส่วนตำบล,ไสหร้า,ไสหร้า,ฉวาง,นครศรีธรรมราช,"3,599.83",2550,สจป.12 นครศรีธรรมราช,องค์การบริหารส่วนตำบลไสหร้า,8.449736749,99.53350961,0,,https://drive.google.com/file/d/1NdCaNm2Z48vTBxLIfjSsS7abkgcFl01M/view?usp=drive_link,https://drive.google.com/file/d/1EMKAalKP3pmjvBuftNzs-l7StWVZXWgm/view?usp=drive_link
838,องค์การบริหารส่วนตำบล,ห้วยปริก,ห้วยปริก,ฉวาง,นครศรีธรรมราช,"15,156.70",2548,สจป.12 นครศรีธรรมราช,องค์การบริหารส่วนตำบลห้วยปริก,8.570873824,99.4514776,5,,https://drive.google.com/file/d/1pusg-XNDLmdCoDaVWLQmRRyBJhkKBHC9/view?usp=drive_link,https://drive.google.com/file/d/12tXjQBaOt6nLox8opy48IhQ_xcaj4nrx/view?usp=drive_link
839,เทศบาลตำบล,ทางพูน,ทางพูน,เฉลิมพระเกียรติ,นครศรีธรรมราช,"1,486.23",2550,สจป.12 นครศรีธรรมราช,เทศบาลตำบลทางพูน,8.2379229,100.0082147,0,,https://drive.google.com/file/d/1TZoZmEziYDKKY_2jro-wki0s5NgY537U/view?usp=drive_link,https://drive.google.com/file/d/1Z7EsXYgRx_oYegl0XiXbpOMLW3_WMuJX/view?usp=drive_link
840,องค์การบริหารส่วนตำบล,สวนหลวง,สวนหลวง,เฉลิมพระเกียรติ,นครศรีธรรมราช,"5,749.59",2550,สจป.12 นครศรีธรรมราช,องค์การบริหารส่วนตำบลสวนหลวง,8.1356383,100.0725922,45,,https://drive.google.com/file/d/1sv4tptrHInd7rOkoJMBYV_PzWlexuP0i/view?usp=drive_link,https://drive.google.com/file/d/1lzfbZbER1RV9jMwNdoMtTv9wKq__eF62/view?usp=drive_link
841,องค์การบริหารส่วนตำบล,เขาพระทอง,เขาพระทอง,ชะอวด,นครศรีธรรมราช,"3,579.48",2565,สจป.12 นครศรีธรรมราช,องค์การบริหารส่วนตำบลเขาพระทอง,7.971687707,99.90743637,0,,,
842,องค์การบริหารส่วนตำบล,ควนหนองหงษ์,ควนหนองหงษ์,ชะอวด,นครศรีธรรมราช,"1,726.70",2550,สจป.12 นครศรีธรรมราช,องค์การบริหารส่วนตำบลควนหนองหงษ์,8.0099648,99.8791452,0,,https://drive.google.com/file/d/1WcFkEP28AOOeewZA-0qPY-mlFQssxft0/view?usp=drive_link,https://drive.google.com/file/d/1bf6fp_deAs704eRrPI5wsKeYZsqpLJLt/view?usp=drive_link
843,องค์การบริหารส่วนตำบล,เคร็ง,เคร็ง,ชะอวด,นครศรีธรรมราช,"4,289.25",2549,สจป.12 นครศรีธรรมราช,องค์การบริหารส่วนตำบลเคร็ง,7.9257414,100.0851342,45,,https://drive.google.com/file/d/1XmT6P8Tq7NxyJi__nUW8smg2xCgQECC0/view?usp=drive_link,https://drive.google.com/file/d/1mX0E13joqj-XYSS1l8-Tk8VgwdcjweUN/view?usp=drive_link
844,องค์การบริหารส่วนตำบล,ชะอวด,ชะอวด,ชะอวด,นครศรีธรรมราช,97.06,2550,สจป.12 นครศรีธรรมราช,องค์การบริหารส่วนตำบลชะอวด,8.027954678,100.0215912,0,,https://drive.google.com/file/d/1OQcPTdCQZast-EMtrAGl4my6DlHQ2oYl/view?usp=drive_link,https://drive.google.com/file/d/1SZ-g-Zw9Razq217UscQ07CmEaBq_Nb3I/view?usp=drive_link
845,องค์การบริหารส่วนตำบล,บ้านตูล,บ้านตูล,ชะอวด,นครศรีธรรมราช,385.45,2550,สจป.12 นครศรีธรรมราช,องค์การบริหารส่วนตำบลบ้านตูล,8.0501789,99.9793773,45,,https://drive.google.com/file/d/16tGmqrgE_PIJjBlS1dMnqnveepBOLERd/view?usp=drive_link,https://drive.google.com/file/d/1dC6SeOWntgbEf-X6JGpHMnuPnARoVDTL/view?usp=drive_link
846,องค์การบริหารส่วนตำบล,วังอ่าง,วังอ่าง,ชะอวด,นครศรีธรรมราช,"3,802.90",2550,สจป.12 นครศรีธรรมราช,องค์การบริหารส่วนตำบลวังอ่าง,7.945411,99.9091748,0,,https://drive.google.com/file/d/1kLEQKxmqztSQLReBkRB7_ukyezNodN56/view?usp=drive_link,https://drive.google.com/file/d/1gwckElKExU4BBsBCp9jd-s5ZgxORTMXL/view?usp=drive_link
847,องค์การบริหารส่วนตำบล,ช้างกลาง,ช้างกลาง,ช้างกลาง,นครศรีธรรมราช,"3,231.59",2548,สจป.12 นครศรีธรรมราช,องค์การบริหารส่วนตำบลช้างกลาง,8.344267209,99.62314636,0,,https://drive.google.com/file/d/1Aa1I4HrKi1WEpEXKPBSPwfXcBfI3F9Hu/view?usp=drive_link,https://drive.google.com/file/d/1TNpMy03BfU3HKQRv6TQUdeSLayp50Pja/view?usp=drive_link
848,เทศบาลตำบล,หลักช้าง,หลักช้าง,ช้างกลาง,นครศรีธรรมราช,"2,656.17",2548,สจป.12 นครศรีธรรมราช,เทศบาลตำบลหลักช้าง,8.343597,99.5569896,5,,https://drive.google.com/file/d/16jJTL6rLsXO2lKbjQeuk52BohkVdexOa/view?usp=drive_link,https://drive.google.com/file/d/1xRPiROMsLwV6qriiac_IclthDGix1sHe/view?usp=drive_link
849,เทศบาลตำบล,การะเกด,การะเกด,เชียรใหญ่,นครศรีธรรมราช,"3,945.05",2549,สจป.12 นครศรีธรรมราช,เทศบาลตำบลการะเกด,8.088658328,100.1398355,5,,https://drive.google.com/file/d/1aoSd-YAgGiJmc_diU53zf5CIRNAGsg_V/view?usp=drive_link,https://drive.google.com/file/d/1VSTx5gr9WpjRD5E7gb9mbmCD1TZcew76/view?usp=drive_link
850,องค์การบริหารส่วนตำบล,เขาพระบาท,เขาพระบาท,เชียรใหญ่,นครศรีธรรมราช,"1,124.72",2549,สจป.12 นครศรีธรรมราช,องค์การบริหารส่วนตำบลเขาพระบาท,8.08,100.19,0,,https://drive.google.com/file/d/1oJB5Mfqj8zo-vZiK3bb5I9ODYMy1609G/view?usp=drive_link,https://drive.google.com/file/d/1WYnWL5K5djrzYfFM_7taiTM3WYuxKgdj/view?usp=drive_link
851,องค์การบริหารส่วนตำบล,แม่เจ้าอยู่หัว,แม่เจ้าอยู่หัว,เชียรใหญ่,นครศรีธรรมราช,"1,640.88",2548,สจป.12 นครศรีธรรมราช,องค์การบริหารส่วนตำบลแม่เจ้าอยู่หัว,8.1001452,100.1027167,50,,https://drive.google.com/file/d/1YtNw9RdWCKard1lRxYGQYaIlM2qov_a_/view?usp=drive_link,https://drive.google.com/file/d/1-ZjlzJMxExVPoJ4WgyIIgaaIP0-efqb0/view?usp=drive_link
852,องค์การบริหารส่วนตำบล,คลองเส,คลองเส,ถ้ำพรรณรา,นครศรีธรรมราช,"12,215.76",2555,สจป.12 นครศรีธรรมราช,องค์การบริหารส่วนตำบลคลองเส,8.467533293,99.41667795,45,https://drive.google.com/file/d/1bkNzJG2INEVWAJ65ychTPj_128u_bii4/view?usp=drive_link,,https://drive.google.com/file/d/1ZSyKRS80fiLWTA7QdNux_jk5LO7mUSnx/view?usp=drive_link
853,องค์การบริหารส่วนตำบล,ดุสิต,ดุสิต,ถ้ำพรรณรา,นครศรีธรรมราช,"7,447.29",2550,สจป.12 นครศรีธรรมราช,องค์การบริหารส่วนตำบลดุสิต,8.481265,99.350663,50,,https://drive.google.com/file/d/1t7wxebRvRTHaKZfqux5WAmS9urJmGamw/view?usp=drive_link,https://drive.google.com/file/d/1YRggkZ8ds8J9PisgtvaeSR3gKGXL0-n7/view?usp=drive_link
854,เทศบาลตำบล,ถ้ำพรรณรา,ถ้ำพรรณรา,ถ้ำพรรณรา,นครศรีธรรมราช,"7,871.55",2550,สจป.12 นครศรีธรรมราช,เทศบาลตำบลถ้ำพรรณรา,8.4203484,99.3958322,5,,https://drive.google.com/file/d/1maFA0aagWY58BZ9dYEFlCLAcXKJl8UiD/view?usp=drive_link,
855,องค์การบริหารส่วนตำบล,ตลิ่งชัน,ตลิ่งชัน,ท่าศาลา,นครศรีธรรมราช,"2,562.89",2565,สจป.12 นครศรีธรรมราช,องค์การบริหารส่วนตำบลตลิ่งชัน,8.7702859,99.8854205,5,,,
856,เทศบาลตำบล,กะปาง,กะปาง,ทุ่งสง,นครศรีธรรมราช,"14,301.47",2550,สจป.12 นครศรีธรรมราช,เทศบาลตำบลกะปาง,8.0416647,99.6501518,5,,https://drive.google.com/file/d/1s1VlogRoDK_8hJd2y3UOrpRl85AyQUzd/view?usp=drive_link,https://drive.google.com/file/d/1OAFweC5QP0HvKnNsaWksbvm65L_TWABw/view?usp=drive_link
857,องค์การบริหารส่วนตำบล,เขาขาว,เขาขาว,ทุ่งสง,นครศรีธรรมราช,"9,415.42",2556,สจป.12 นครศรีธรรมราช,องค์การบริหารส่วนตำบลเขาขาว,8.2088797,99.5255386,0,https://drive.google.com/file/d/1z6NS48oOJnMkj6cexHuW80c5_AgJMZkN/view?usp=drive_link,,
858,องค์การบริหารส่วนตำบล,เขาโร,เขาโร,ทุ่งสง,นครศรีธรรมราช,602.92,2548,สจป.12 นครศรีธรรมราช,องค์การบริหารส่วนตำบลเขาโร,8.058887039,99.57647726,0,,https://drive.google.com/file/d/1PwvLEVZZWGlicCmK4ACwbquvLNUm6Lcr/view?usp=drive_link,https://drive.google.com/file/d/1RxeTGLyWOGw3_ZpsnMaCtjIKJZReLAEL/view?usp=drive_link
859,องค์การบริหารส่วนตำบล,ควนกรด,ควนกรด,ทุ่งสง,นครศรีธรรมราช,"1,692.11",2548,สจป.12 นครศรีธรรมราช,องค์การบริหารส่วนตำบลควนกรด,8.156056,99.603652,0,,https://drive.google.com/file/d/1-JtTxG_FgFIJ8rpqB2z15xiiPnm1YKgj/view?usp=drive_link,https://drive.google.com/file/d/1Z1jvLFRoijB07YQ-rlsIMIp-arZ4DPs5/view?usp=drive_link
860,เทศบาลตำบล,ถ้ำใหญ่,ถ้ำใหญ่,ทุ่งสง,นครศรีธรรมราช,"17,580.97",2556,สจป.12 นครศรีธรรมราช,เทศบาลตำบลถ้ำใหญ่,8.148221,99.734354,0,https://drive.google.com/file/d/1F4idfP1dgm41Bb-otvlQFb9xT-BvACR4/view?usp=drive_link,,
861,เทศบาลตำบล,ที่วัง,ที่วัง,ทุ่งสง,นครศรีธรรมราช,"10,091.00",2548,สจป.12 นครศรีธรรมราช,เทศบาลตำบลที่วัง,8.077212,99.6578928,50,,https://drive.google.com/file/d/1PEKqqajtrl1YfarQrKX5A3PjWWGLNgmo/view?usp=drive_link,https://drive.google.com/file/d/1YyTnFfHd25Nk_30LkD2CpS8LOkAFs2Mr/view?usp=drive_link
862,องค์การบริหารส่วนตำบล,นาไม้ไผ่,นาไม้ไผ่,ทุ่งสง,นครศรีธรรมราช,"4,377.98",2550,สจป.12 นครศรีธรรมราช,องค์การบริหารส่วนตำบลนาไม้ไผ่,8.120218909,99.59903196,0,,https://drive.google.com/file/d/16bwUhT6cR7hH3A9zwJzKYe1zsBAA7P_C/view?usp=drive_link,https://drive.google.com/file/d/175Zq9lw5i_AtHJzvJ5fnQyD6GadohSLY/view?usp=drive_link
863,องค์การบริหารส่วนตำบล,นาหลวงเสน,นาหลวงเสน,ทุ่งสง,นครศรีธรรมราช,"4,676.48",2556,สจป.12 นครศรีธรรมราช,องค์การบริหารส่วนตำบลนาหลวงเสน,8.313871,99.759521,5,https://drive.google.com/file/d/1_fu4df3BzBvRWF0pM4wBMI2Mr57uJS4w/view?usp=drive_link,,
864,องค์การบริหารส่วนตำบล,น้ำตก,น้ำตก,ทุ่งสง,นครศรีธรรมราช,"17,538.56",2550,สจป.12 นครศรีธรรมราช,องค์การบริหารส่วนตำบลน้ำตก,7.9790254,99.7589553,0,,https://drive.google.com/file/d/1bPfBqskaKQ3kv76V54mCbBlDGNyFN6lb/view?usp=drive_link,https://drive.google.com/file/d/1xPgtWMQMflz7yPM_Sy_dKtd2lc5uPHNN/view?usp=drive_link
865,องค์การบริหารส่วนตำบล,หนองหงส์,หนองหงส์,ทุ่งสง,นครศรีธรรมราช,"1,915.47",2550,สจป.12 นครศรีธรรมราช,องค์การบริหารส่วนตำบลหนองหงส์,8.1695186,99.6378902,0,,https://drive.google.com/file/d/1_E9Pnq1ZqJ30Rx6CrNx3RSdgxGD2kETn/view?usp=drive_link,https://drive.google.com/file/d/1GODCPX1e35hDtWkT3DOn9lAA64_UB7RM/view?usp=drive_link
866,องค์การบริหารส่วนตำบล,ท่ายาง,ท่ายาง,ทุ่งใหญ่,นครศรีธรรมราช,834.63,2556,สจป.12 นครศรีธรรมราช,องค์การบริหารส่วนตำบลท่ายาง,8.2844608,99.3472564,0,https://drive.google.com/file/d/17pER7LLbL5hvNPt7ZqULnVhVmbKXHxp9/view?usp=drive_link,,
867,องค์การบริหารส่วนตำบล,กรุงชิง,กรุงชิง,นบพิตำ,นครศรีธรรมราช,"57,881.85",2549,สจป.12 นครศรีธรรมราช,องค์การบริหารส่วนตำบลกรุงชิง,8.7949058,99.6331851,5,,https://drive.google.com/file/d/1kmVcaDicjPFvvARETnAe9K5d9a1IH3ft/view?usp=drive_link,
868,องค์การบริหารส่วนตำบล,นบพิตำ,นบพิตำ,นบพิตำ,นครศรีธรรมราช,"12,778.62",2549,สจป.12 นครศรีธรรมราช,องค์การบริหารส่วนตำบลนบพิตำ,8.7202759,99.7500489,0,,https://drive.google.com/file/d/1rWAgacrbQcwiWX8PliTao_yADugMCXd9/view?usp=drive_link,https://drive.google.com/file/d/1X79ICQ5Semx62H0gKAQkkWjgKbItV0wc/view?usp=drive_link
869,องค์การบริหารส่วนตำบล,นาบอน,นาบอน,นาบอน,นครศรีธรรมราช,746.86,2549,สจป.12 นครศรีธรรมราช,องค์การบริหารส่วนตำบลนาบอน,8.2520117,99.6008808,0,,https://drive.google.com/file/d/1oEKp3nc2c130GESzG1sIQ-7X47_iY2O3/view?usp=drive_link,https://drive.google.com/file/d/1YV5rc0rntd1yYPIBYLuZVoLRJRjLSKbE/view?usp=drive_link
870,องค์การบริหารส่วนตำบล,บางขัน,บางขัน,บางขัน,นครศรีธรรมราช,"26,578.15",2555,สจป.12 นครศรีธรรมราช,องค์การบริหารส่วนตำบลบางขัน,8.050370053,99.43743825,5,https://drive.google.com/file/d/1q0W98B9g8N2zGnveRBbL0HjhW0Ghp_Cl/view?usp=drive_link,,
871,องค์การบริหารส่วนตำบล,บ้านนิคม,บ้านนิคม,บางขัน,นครศรีธรรมราช,"5,866.38",2556,สจป.12 นครศรีธรรมราช,องค์การบริหารส่วนตำบลบ้านนิคม,7.9316531,99.5246102,5,https://drive.google.com/file/d/1Aa646hu8mRKpSpg_8_YI6BUY8_R6Y-i6/view?usp=drive_link,,
872,องค์การบริหารส่วนตำบล,บ้านลำนาว,บ้านลำนาว,บางขัน,นครศรีธรรมราช,"40,893.37",2548,สจป.12 นครศรีธรรมราช,องค์การบริหารส่วนตำบลบ้านลำนาว,8.0293264,99.475705,5,,https://drive.google.com/file/d/1Ijo2H_q8v-fTfB3XsAC0moUOuw7MItW8/view?usp=drive_link,https://drive.google.com/file/d/1q3dNRvFCJSKxUBnE5M1wkFxW5cXM7kA9/view?usp=drive_link
873,องค์การบริหารส่วนตำบล,วังหิน,วังหิน,บางขัน,นครศรีธรรมราช,"4,214.59",2555,สจป.12 นครศรีธรรมราช,องค์การบริหารส่วนตำบลวังหิน,8.0153007,99.5663388,0,https://drive.google.com/file/d/1hmS6-WKWmo5p6Hj2q5-RjUMhw_6gWddm/view?usp=drive_link,,
874,เทศบาลตำบล,กะทูน,กะทูน,พิปูน,นครศรีธรรมราช,"22,618.42",2550,สจป.12 นครศรีธรรมราช,เทศบาลตำบลกะทูน,8.585413207,99.53814983,5,,https://drive.google.com/file/d/11xeFM5oUSK73StpjQfgt4HPhem_mL13z/view?usp=drive_link,https://drive.google.com/file/d/1oVCuOoIxGOEZkQhA3v5puxfc8U1gzR7U/view?usp=drive_link
875,เทศบาลตำบล,เขาพระ,เขาพระ,พิปูน,นครศรีธรรมราช,"30,451.64",2548,สจป.12 นครศรีธรรมราช,เทศบาลตำบลเขาพระ,8.585179817,99.58889991,0,,https://drive.google.com/file/d/10NU2_znbm4RCk20KQhGLb8r8kokWt2NS/view?usp=drive_link,https://drive.google.com/file/d/1SojXwoQubkvOl5GY4rXPmLRjazNn9Fvm/view?usp=drive_link
876,เทศบาลตำบล,ควนกลาง,ควนกลาง,พิปูน,นครศรีธรรมราช,"8,628.38",2555,สจป.12 นครศรีธรรมราช,เทศบาลตำบลควนกลาง,8.5468687,99.5287796,45,https://drive.google.com/file/d/1-Os-FGnvRtGJ5Az2nFrE_aA5zctFfRJo/view?usp=drive_link,,
877,องค์การบริหารส่วนตำบล,ยางค้อม,ยางค้อม,พิปูน,นครศรีธรรมราช,"1,937.04",2550,สจป.12 นครศรีธรรมราช,องค์การบริหารส่วนตำบลยางค้อม,8.5391825,99.6091771,0,,https://drive.google.com/file/d/1MwOdxHFvq9Ng_3fTk5AC7uPMPriREI9g/view?usp=drive_link,https://drive.google.com/file/d/1qxzsy2alr9CJZCnDYTA9CETWYXhYgeA1/view?usp=drive_link
878,องค์การบริหารส่วนตำบล,บางจาก,บางจาก,เมืองนครศรีธรรมราช,นครศรีธรรมราช,77.5,2548,สจป.12 นครศรีธรรมราช,องค์การบริหารส่วนตำบลบางจาก,8.3690193,100.0486982,0,,https://drive.google.com/file/d/1HbuJIOxt3S1x5d0qYiwdb15NjDeMFEuL/view?usp=drive_link,https://drive.google.com/file/d/1VdNVRUE8_Jq-MIGOacY6OxiP3vnSqvt7/view?usp=drive_link
879,เทศบาลเมือง,ปากพูน,ปากพูน,เมืองนครศรีธรรมราช,นครศรีธรรมราช,122.35,2548,สจป.12 นครศรีธรรมราช,เทศบาลเมืองปากพูน,8.539107106,99.97023325,45,,https://drive.google.com/file/d/1njgT4gHAZGbirWluni_aUCQgBLzRVWG8/view?usp=drive_link,https://drive.google.com/file/d/1ONAuaseoMEfSesxRtTxHLP1UsuYNBEuL/view?usp=drive_link
880,องค์การบริหารส่วนตำบล,ควนพัง,ควนพัง,ร่อนพิบูลย์,นครศรีธรรมราช,881.91,2556,สจป.12 นครศรีธรรมราช,องค์การบริหารส่วนตำบลควนพัง,8.1475575,99.9547701,0,https://drive.google.com/file/d/1kt36cWflX3lr4b2XOSL2MzlUfj0KkSBX/view?usp=drive_link,,
881,องค์การบริหารส่วนตำบล,ร่อนพิบูลย์,ร่อนพิบูลย์,ร่อนพิบูลย์,นครศรีธรรมราช,"21,168.25",2548,สจป.12 นครศรีธรรมราช,องค์การบริหารส่วนตำบลร่อนพิบูลย์,8.1652027,99.868683,0,,https://drive.google.com/file/d/1UljD8ic-jThG9zKRARkyGW5AVXtLoaW5/view?usp=drive_link,https://drive.google.com/file/d/1FCeMsMQYg3m0EUQx4dPwYu9UOWm0bPm-/view?usp=drive_link
882,องค์การบริหารส่วนตำบล,หินตก,หินตก,ร่อนพิบูลย์,นครศรีธรรมราช,"6,783.35",2548,สจป.12 นครศรีธรรมราช,องค์การบริหารส่วนตำบลหินตก,8.264385,99.8687515,0,,https://drive.google.com/file/d/1C2YTc0vV2fgo-s9yQCYgohwgOJzg2M7P/view?usp=drive_link,https://drive.google.com/file/d/14PPeNYsJFZ8dPoVh8y0dSaqLNjuLDrCl/view?usp=drive_link
883,เทศบาลตำบล,ขุนทะเล,ขุนทะเล,ลานสกา,นครศรีธรรมราช,"3,824.65",2550,สจป.12 นครศรีธรรมราช,เทศบาลตำบลขุนทะเล,8.338948927,99.85127091,0,,https://drive.google.com/file/d/1WnET3LP7pFnoZRGXltjPO3IFB03IviPT/view?usp=drive_link,https://drive.google.com/file/d/1HFgrKG03EMgY2dH-eJWkeg9MFMcPI7v6/view?usp=drive_link
884,องค์การบริหารส่วนตำบล,เขาแก้ว,เขาแก้ว,ลานสกา,นครศรีธรรมราช,"5,602.73",2555,สจป.12 นครศรีธรรมราช,องค์การบริหารส่วนตำบลเขาแก้ว,8.3569254,99.7476908,0,https://drive.google.com/file/d/1NXcrzeAKCGdFsf-E7cKTSdoMkkcNskbn/view?usp=drive_link,,
885,องค์การบริหารส่วนตำบล,ลานสกา,ลานสกา,ลานสกา,นครศรีธรรมราช,"13,590.54",2550,สจป.12 นครศรีธรรมราช,องค์การบริหารส่วนตำบลลานสกา,8.3300438,99.783646,0,,https://drive.google.com/file/d/1bV32pgpWg8z-FhbQXTSCyF3rpshCMQcQ/view?usp=drive_link,https://drive.google.com/file/d/106PvEI_qOVzWzrSkB3AF_9pd1Zs0UNIb/view?usp=drive_link
886,องค์การบริหารส่วนตำบล,เขาน้อย,เขาน้อย,สิชล,นครศรีธรรมราช,"17,705.64",2550,สจป.12 นครศรีธรรมราช,องค์การบริหารส่วนตำบลเขาน้อย,8.9447579,99.792667,5,,https://drive.google.com/file/d/1VZDFieUhhySi9FyKSot2JA3tTZa24UoC/view?usp=sharing,https://drive.google.com/file/d/1xxSaYOi3bubOTbmhH2P39p9NQmiqcDMZ/view?usp=drive_link
887,องค์การบริหารส่วนตำบล,ทุ่งปรัง,ทุ่งปรัง,สิชล,นครศรีธรรมราช,753.82,2549,สจป.12 นครศรีธรรมราช,องค์การบริหารส่วนตำบลทุ่งปรัง,8.9677772,99.8959439,0,,https://drive.google.com/file/d/1aixSBPbKj5iXvmjCNE_6doHLO4arKCXo/view?usp=drive_link,https://drive.google.com/file/d/1-8Bc527v8aLX0_t9NI3oio4UFn0PTFy-/view?usp=drive_link
888,เทศบาลตำบล,ทุ่งใส,ทุ่งใส,สิชล,นครศรีธรรมราช,"19,182.51",2565,สจป.12 นครศรีธรรมราช,เทศบาลตำบลทุ่งใส,9.055163,99.839485,0,,,
889,องค์การบริหารส่วนตำบล,เทพราช,เทพราช,สิชล,นครศรีธรรมราช,"8,798.75",2550,สจป.12 นครศรีธรรมราช,องค์การบริหารส่วนตำบลเทพราช,8.8576659,99.8640914,0,,https://drive.google.com/file/d/1YVcK9JEHR6kj-e8zQ3JgWwblqHHoiHWq/view?usp=drive_link,https://drive.google.com/file/d/1shiEnWLjN8EqN4MSTXWzL9mj8XpDLr9r/view?usp=drive_link
890,องค์การบริหารส่วนตำบล,เปลี่ยน,เปลี่ยน,สิชล,นครศรีธรรมราช,"2,614.55",2549,สจป.12 นครศรีธรรมราช,องค์การบริหารส่วนตำบลเปลี่ยน,8.842549,99.8617095,45,,https://drive.google.com/file/d/1QmFcttyMugMwNcFo7WRMRr37PqD3A1Er/view?usp=drive_link,https://drive.google.com/file/d/15d0f2bYwEtuL411l-PsqkMKM5W7ZRSIl/view?usp=drive_link
891,องค์การบริหารส่วนตำบล,สิชล,สิชล,สิชล,นครศรีธรรมราช,"2,223.01",2555,สจป.12 นครศรีธรรมราช,องค์การบริหารส่วนตำบลสิชล,8.9985995,99.8758055,0,https://drive.google.com/file/d/1U5cTQJlXUzp9Hx1lttfUqCwu2Jq7wkfi/view?usp=drive_link,,
892,องค์การบริหารส่วนตำบล,สี่ขีด,สี่ขีด,สิชล,นครศรีธรรมราช,"18,459.55",2550,สจป.12 นครศรีธรรมราช,องค์การบริหารส่วนตำบลสี่ขีด,9.0055781,99.9232436,0,,https://drive.google.com/file/d/1dzf2kcAjdCdFdDqx8TweQx1PUlqwx1df/view?usp=drive_link,https://drive.google.com/file/d/15UjaFSCNdbCcJkpik6LzUYQCW5dDLSEs/view?usp=drive_link
893,องค์การบริหารส่วนตำบล,ทรายขาว,ทรายขาว,หัวไทร,นครศรีธรรมราช,"1,468.34",2550,สจป.12 นครศรีธรรมราช,องค์การบริหารส่วนตำบลทรายขาว,8.0539889,100.2155602,0,,https://drive.google.com/file/d/1ddrrSdcGM9km_BjGTHxKEahKF73pNieK/view?usp=drive_link,https://drive.google.com/file/d/1_Jw8ZN13duOZkq3yuQOCgvjFFVSPmlSW/view?usp=drive_link
894,องค์การบริหารส่วนตำบล,นากลาง,นากลาง,โกรกพระ,นครสวรรค์,409.79,2549,สจป.4 สาขานครสวรรค์,องค์การบริหารส่วนตำบลนากลาง,15.6370356,99.9975427,45,,https://drive.google.com/file/d/1gJ8Z0tU2oBYJCOj5q9eOHgyi6-SNgNXi/view?usp=sharing,https://drive.google.com/file/d/1H2gzPE08H1F0HrH8d2VfYCle6ySJadpW/view?usp=drive_link
895,องค์การบริหารส่วนตำบล,เนินศาลา,เนินศาลา,โกรกพระ,นครสวรรค์,299.2,2549,สจป.4 สาขานครสวรรค์,องค์การบริหารส่วนตำบลเนินศาลา,15.5243495,99.9711145,45,,https://drive.google.com/file/d/14M0V20TSTFvix7qxUNb2jGyvy3lanRW3/view?usp=drive_link,https://drive.google.com/file/d/1kDiN0Za70On7E_VPdhDil9hu4Egq-g_q/view?usp=drive_link
896,เทศบาลตำบล,บางประมุง,บางประมุง,โกรกพระ,นครสวรรค์,112.07,2548,สจป.4 สาขานครสวรรค์,เทศบาลตำบลบางประมุง,15.6443743,100.0325754,45,,https://drive.google.com/file/d/1HaDMvtIutK4HqnqPBGIh1YJmGiEmz3T0/view?usp=drive_link,https://drive.google.com/file/d/1l2llEtHXweQA-M5PcTi0scso8ncHl_bC/view?usp=drive_link
897,องค์การบริหารส่วนตำบล,ศาลาแดง,ศาลาแดง,โกรกพระ,นครสวรรค์,156.53,2549,สจป.4 สาขานครสวรรค์,องค์การบริหารส่วนตำบลศาลาแดง,15.5822511,99.9870194,45,,https://drive.google.com/file/d/1Xhlz-uDruv2haBTC-e3PrkYrI1CT0qzp/view?usp=drive_link,https://drive.google.com/file/d/15xv88gGA_AtqPHnG5z6Z1rHmRJ9PiVu4/view?usp=drive_link
898,องค์การบริหารส่วนตำบล,ชุมตาบง,ชุมตาบง,ชุมตาบง,นครสวรรค์,"9,097.25",2548,สจป.4 สาขานครสวรรค์,องค์การบริหารส่วนตำบลชุมตาบง,15.6301039,99.5503488,45,,https://drive.google.com/file/d/1lwvtpeCp4HQ0gJKTcdTcLCa9N5sIvv3Q/view?usp=drive_link,https://drive.google.com/file/d/1IZTdrftqMi8NL3BuKE8DbeN09nrEPStd/view?usp=drive_link
899,องค์การบริหารส่วนตำบล,ปางสวรรค์,ปางสวรรค์,ชุมตาบง,นครสวรรค์,"16,627.48",2548,สจป.4 สาขานครสวรรค์,องค์การบริหารส่วนตำบลปางสวรรค์,15.7043269,99.5504422,45,,https://drive.google.com/file/d/1Bdst3aOPWXOBM7pnJ1S7NMwBFCayMila/view?usp=drive_link,https://drive.google.com/file/d/1-ma3qhsHJoDSmrNDeegFaUv5MQP4nndr/view?usp=drive_link
900,เทศบาลตำบล,บ้านแดน,บ้านแดน,บรรพตพิสัย,นครสวรรค์,53.48,2549,สจป.4 สาขานครสวรรค์,เทศบาลตำบลบ้านแดน,15.941448,99.876356,0,,https://drive.google.com/file/d/1Rri89CX4gELw3T2zuZtXqe540dWMqzd3/view?usp=drive_link,https://drive.google.com/file/d/1wTsTvQ-7z4mTm7905QD-4giKUQoB9ihE/view?usp=drive_link
901,องค์การบริหารส่วนตำบล,เขากะลา,เขากะลา,พยุหะคีรี,นครสวรรค์,"1,368.89",2548,สจป.4 สาขานครสวรรค์,องค์การบริหารส่วนตำบลเขากะลา,15.5332695,100.3102337,50,,https://drive.google.com/file/d/1NqXpiw_Uvx-egEqw857l3Q7MqRjHdj4r/view?usp=drive_link,https://drive.google.com/file/d/1w_-ihMwCwJvsGh6WZop1i-PFwxvajrWs/view?usp=drive_link
902,องค์การบริหารส่วนตำบล,ตะคร้อ,ตะคร้อ,ไพศาลี,นครสวรรค์,"9,555.35",2549,สจป.4 สาขานครสวรรค์,องค์การบริหารส่วนตำบลตะคร้อ,15.4590076,100.7238076,50,,https://drive.google.com/file/d/1xsPuIUMB4p3QgwxY0MtubR4XFAQKncUu/view?usp=drive_link,
903,องค์การบริหารส่วนตำบล,ไพศาลี,ไพศาลี,ไพศาลี,นครสวรรค์,"8,322.64",2549,สจป.4 สาขานครสวรรค์,องค์การบริหารส่วนตำบลไพศาลี,15.604272,100.674548,50,,https://drive.google.com/file/d/1G7L8CriTACEL0SvrV3227oLqjYGlZE1O/view?usp=drive_link,
904,องค์การบริหารส่วนตำบล,วังข่อย,วังข่อย,ไพศาลี,นครสวรรค์,"36,684.78",2548,สจป.4 สาขานครสวรรค์,องค์การบริหารส่วนตำบลวังข่อย,15.6401311,100.7785908,50,,https://drive.google.com/file/d/1lZnIvLnrZzJpMz21UdA2mmrLJZJgoQNl/view?usp=drive_link,
905,องค์การบริหารส่วนตำบล,สำโรงชัย,สำโรงชัย,ไพศาลี,นครสวรรค์,"6,522.44",2549,สจป.4 สาขานครสวรรค์,องค์การบริหารส่วนตำบลสำโรงชัย,15.54132026,100.6507013,50,,https://drive.google.com/file/d/12qohPNJWUYId7OMLn_FnT0oPAlhBOoSg/view?usp=drive_link,
906,องค์การบริหารส่วนตำบล,หนองกรด,หนองกรด,เมืองนครสวรรค์,นครสวรรค์,419.93,2549,สจป.4 สาขานครสวรรค์,องค์การบริหารส่วนตำบลหนองกรด,15.9678537,100.1191766,45,,https://drive.google.com/file/d/1c1jLnMTcX34ZVdDrKRXtJlYVBhPLRcqb/view?usp=drive_link,https://drive.google.com/file/d/1ZDaQsN1WuoaBuW1dG_oUpBWIw0GoUy_T/view?usp=drive_link
907,องค์การบริหารส่วนตำบล,แม่เปิน,แม่เปิน,แม่เปิน,นครสวรรค์,"78,564.08",2549,สจป.4 สาขานครสวรรค์,องค์การบริหารส่วนตำบลแม่เปิน,15.6582436,99.4686892,45,,https://drive.google.com/file/d/1IcWBwKePxDdxoNEygyW48O-A6I67RC0g/view?usp=drive_link,
908,องค์การบริหารส่วนตำบล,เขาชนกัน,เขาชนกัน,แม่วงก์,นครสวรรค์,"7,018.35",2548,สจป.4 สาขานครสวรรค์,องค์การบริหารส่วนตำบลเขาชนกัน,15.89081737,99.52827126,45,,https://drive.google.com/file/d/1waPR39K8q3zbQGDqkvKcDYIXp8-yg7Ba/view?usp=drive_link,https://drive.google.com/file/d/1BQDnm6-JT1pD85jUvB2HAfzEZRCN9CAE/view?usp=drive_link
909,องค์การบริหารส่วนตำบล,แม่เล่ย์,แม่เล่ย์,แม่วงก์,นครสวรรค์,"43,596.92",2550,สจป.4 สาขานครสวรรค์,องค์การบริหารส่วนตำบลแม่เล่ย์,15.91055756,99.42173644,45,,https://drive.google.com/file/d/12VzVfutlyQQ0E9G41NX3A-EUPbKNRmhs/view?usp=drive_link,https://drive.google.com/file/d/1EuFy2-z2emsuYUaGjZDmL7z_eVUUQgpI/view?usp=drive_link
910,องค์การบริหารส่วนตำบล,แม่วงก์,แม่วงก์,แม่วงก์,นครสวรรค์,"6,142.25",2549,สจป.4 สาขานครสวรรค์,องค์การบริหารส่วนตำบลแม่วงก์,15.78066985,99.54569221,45,,https://drive.google.com/file/d/1DavRLKYXEfPu_82_4_BE6oYCY3b8w-wI/view?usp=drive_link,https://drive.google.com/file/d/1MJe7SpcTzEIGGHfXYpDI-hmdKBGyM4YP/view?usp=drive_link
911,องค์การบริหารส่วนตำบล,วังซ่าน,วังซ่าน,แม่วงก์,นครสวรรค์,"12,717.88",2549,สจป.4 สาขานครสวรรค์,องค์การบริหารส่วนตำบลวังซ่าน,15.8337726,99.6476976,50,,https://drive.google.com/file/d/1jMbmbFPqC9iB2V7cGJAx2cgA9SQZgF7-/view?usp=drive_link,
912,องค์การบริหารส่วนตำบล,วังม้า,วังม้า,ลาดยาว,นครสวรรค์,286.8,2548,สจป.4 สาขานครสวรรค์,องค์การบริหารส่วนตำบลวังม้า,15.6793059,99.8346045,50,,https://drive.google.com/file/d/15hPHoBSgYLYytQvRGgJNCnU5hcByTWka/view?usp=drive_link,https://drive.google.com/file/d/11oZz18KbDvzzAWD2VbwkqoIuD0CimkmD/view?usp=drive_link
913,องค์การบริหารส่วนตำบล,ทุ่งทอง,ทุ่งทอง,หนองบัว,นครสวรรค์,"11,170.30",2548,สจป.4 สาขานครสวรรค์,องค์การบริหารส่วนตำบลทุ่งทอง,15.9135263,100.6838685,50,,https://drive.google.com/file/d/1iV6nUVnu5edhHBwpCeHoDSijheRshvnm/view?usp=drive_link,https://drive.google.com/file/d/1vQQFE32twzUuCaI8WC-4MJs_15FG5A8M/view?usp=drive_link
914,องค์การบริหารส่วนตำบล,วังบ่อ,วังบ่อ,หนองบัว,นครสวรรค์,167.68,2548,สจป.4 สาขานครสวรรค์,องค์การบริหารส่วนตำบลวังบ่อ,15.8211628,100.7289547,45,,https://drive.google.com/file/d/1kFf4wx5k49fgDSk1apEQZsuqMKv-pjCc/view?usp=drive_link,
915,องค์การบริหารส่วนตำบล,หนองกลับ,หนองกลับ,หนองบัว,นครสวรรค์,"3,673.51",2548,สจป.4 สาขานครสวรรค์,องค์การบริหารส่วนตำบลหนองกลับ,15.87180918,100.6064579,50,,https://drive.google.com/file/d/1Oc9cRl0AVRPqW2X33if0wU6zT2M877bn/view?usp=drive_link,https://drive.google.com/file/d/1QSwcCuPlBoBgzjIbUWPv3acYZ9d9Ka3-/view?usp=drive_link
916,องค์การบริหารส่วนตำบล,หนองบัว,หนองบัว,หนองบัว,นครสวรรค์,"1,509.63",2548,สจป.4 สาขานครสวรรค์,องค์การบริหารส่วนตำบลหนองบัว,15.8439268,100.6500039,50,,https://drive.google.com/file/d/1b9hZhn5OsvuobWnMZZI4kBos_bJAhK8l/view?usp=drive_link,
917,องค์การบริหารส่วนตำบล,จะแนะ,จะแนะ,จะแนะ,นราธิวาส,"8,608.69",2555,สจป.13 สาขานราธิวาส,องค์การบริหารส่วนตำบลจะแนะ,6.0982952,101.6902169,0,https://drive.google.com/file/d/1w4qiOnWKhEbP0Lsr41hDS4x9il8gDYqv/view?usp=drive_link,,
918,องค์การบริหารส่วนตำบล,ผดุงมาตร,ผดุงมาตร,จะแนะ,นราธิวาส,"5,608.23",2565,สจป.13 สาขานราธิวาส,องค์การบริหารส่วนตำบลผดุงมาตร,6.146336416,101.7238069,0,,,
919,องค์การบริหารส่วนตำบล,บูกิต,บูกิต,เจาะไอร้อง,นราธิวาส,"4,143.33",2555,สจป.13 สาขานราธิวาส,องค์การบริหารส่วนตำบลบูกิต,6.1991918,101.8267291,0,https://drive.google.com/file/d/1-FUU9T2CUOXB1qc9deAckeb80DoljUUy/view?usp=drive_link,,
920,องค์การบริหารส่วนตำบล,โฆษิต,โฆษิต,ตากใบ,นราธิวาส,165.34,2565,สจป.13 สาขานราธิวาส,องค์การบริหารส่วนตำบลโฆษิต,6.1691664,102.0625059,0,,,
921,องค์การบริหารส่วนตำบล,นานาค,นานาค,ตากใบ,นราธิวาส,"4,195.45",2554,สจป.13 สาขานราธิวาส,องค์การบริหารส่วนตำบลนานาค,6.1481907,102.0799963,0,https://drive.google.com/file/d/1LDJGrSz8Ztgke0nFcGrrGWp_pkip3sMu/view?usp=drive_link,,
922,องค์การบริหารส่วนตำบล,บางขุนทอง,บางขุนทอง,ตากใบ,นราธิวาส,"3,440.86",2565,สจป.13 สาขานราธิวาส,องค์การบริหารส่วนตำบลบางขุนทอง,6.253039955,101.9801617,45,,,
923,องค์การบริหารส่วนตำบล,ไพรวัน,ไพรวัน,ตากใบ,นราธิวาส,"10,063.86",2566,สจป.13 สาขานราธิวาส,องค์การบริหารส่วนตำบลไพรวัน,6.3176159,101.967159,50,,,
924,องค์การบริหารส่วนตำบล,กาเยาะมาตี,กาเยาะมาตี,บาเจาะ,นราธิวาส,1.48,2554,สจป.13 สาขานราธิวาส,องค์การบริหารส่วนตำบลกาเยาะมาตี,6.5489821,101.6447624,0,https://drive.google.com/file/d/1AbY1pDLjBU3f87mIGpitWfb1SzhCxWFj/view?usp=drive_link,,
925,องค์การบริหารส่วนตำบล,บาเระเหนือ,บาเระเหนือ,บาเจาะ,นราธิวาส,0.41,2550,สจป.13 สาขานราธิวาส,องค์การบริหารส่วนตำบลบาเระเหนือ,6.570360304,101.6379054,0,,https://drive.google.com/file/d/1ekEiipUdMDLxR6pRlL6N48H9lGkAM2Y6/view?usp=drive_link,https://drive.google.com/file/d/1ZlRqjWmr88VPrtH8HZLQsEUFvSuulwmM/view?usp=drive_link
926,องค์การบริหารส่วนตำบล,กะลุวอ,กะลุวอ,เมืองนราธิวาส,นราธิวาส,"1,471.47",2554,สจป.13 สาขานราธิวาส,องค์การบริหารส่วนตำบลกะลุวอ,6.346009167,101.8797612,45,https://drive.google.com/file/d/1pT9oqxSEvZ0aVrs0QNzcqSy79LoYP_1h/view?usp=drive_link,,
927,เทศบาลตำบล,กะลุวอเหนือ,กะลุวอเหนือ,เมืองนราธิวาส,นราธิวาส,"2,370.01",2554,สจป.13 สาขานราธิวาส,เทศบาลตำบลกะลุวอเหนือ,6.4058657,101.8659592,45,https://drive.google.com/file/d/1vigX-Sd--gRMxZM4_CTMDOWe92Cic2ms/view?usp=drive_link,,
928,องค์การบริหารส่วนตำบล,ตะปอเยาะ,ตะปอเยาะ,ยี่งอ,นราธิวาส,56.11,2554,สจป.13 สาขานราธิวาส,องค์การบริหารส่วนตำบลตะปอเยาะ,6.4030051,101.7065123,0,https://drive.google.com/file/d/1hoXC687BOY01uQQ3GsIAjgwvkaEJWIdd/view?usp=drive_link,,
929,องค์การบริหารส่วนตำบล,ยี่งอ,ยี่งอ,ยี่งอ,นราธิวาส,184.6,2550,สจป.13 สาขานราธิวาส,องค์การบริหารส่วนตำบลยี่งอ,6.398596861,101.696341,0,,https://drive.google.com/file/d/1OR0Cvz_ro7z8U6HaE0Ea_7DPUeC-10om/view?usp=drive_link,https://drive.google.com/file/d/117r-tYXsIoX6Gydl82Qc6C8ytkasU0ye/view?usp=drive_link
930,องค์การบริหารส่วนตำบล,บองอ,บองอ,ระแงะ,นราธิวาส,"5,189.18",2550,สจป.13 สาขานราธิวาส,องค์การบริหารส่วนตำบลบองอ,6.251069,101.73594,0,,https://drive.google.com/file/d/1TE0CCqzvqrGeuf8aStZ-6_lvMFmPYPeu/view?usp=drive_link,https://drive.google.com/file/d/1_-JxN_J7hx4051vIAQwxrb8TJvmqVNig/view?usp=drive_link
931,องค์การบริหารส่วนตำบล,มะรือโบตก,มะรือโบตก,ระแงะ,นราธิวาส,"1,653.69",2554,สจป.13 สาขานราธิวาส,องค์การบริหารส่วนตำบลมะรือโบตก,6.3344487,101.6414736,0,https://drive.google.com/file/d/1kXGJpR0OG9eIqWC6C6lACfV2JclTpgGS/view?usp=drive_link,,
932,องค์การบริหารส่วนตำบล,แม่ดง,แม่ดง,แว้ง,นราธิวาส,"2,701.32",2565,สจป.13 สาขานราธิวาส,องค์การบริหารส่วนตำบลแม่ดง,5.91628,101.875823,0,,,
933,องค์การบริหารส่วนตำบล,โละจูด,โละจูด,แว้ง,นราธิวาส,"7,881.51",2565,สจป.13 สาขานราธิวาส,องค์การบริหารส่วนตำบลโละจูด,5.8436854,101.8811749,0,,,
934,องค์การบริหารส่วนตำบล,แว้ง,แว้ง,แว้ง,นราธิวาส,"3,873.02",2565,สจป.13 สาขานราธิวาส,องค์การบริหารส่วนตำบลแว้ง,5.940468,101.849957,0,,,
935,องค์การบริหารส่วนตำบล,เอราวัณ,เอราวัณ,แว้ง,นราธิวาส,"2,877.33",2565,สจป.13 สาขานราธิวาส,องค์การบริหารส่วนตำบลเอราวัณ,5.981190306,101.8587482,0,,,
936,องค์การบริหารส่วนตำบล,เกียร์,เกียร์,สุคิริน,นราธิวาส,293.78,2550,สจป.13 สาขานราธิวาส,องค์การบริหารส่วนตำบลเกียร์,5.9512552,101.7628757,0,,https://drive.google.com/file/d/1mkbKqsTSOPoInOURhEn_DcevrK-Y5snM/view?usp=drive_link,https://drive.google.com/file/d/1LrfvvufiQYwqE7HIHVquZ9eA1kmHBSrl/view?usp=drive_link
937,เทศบาลตำบล,ปาเสมัส,ปาเสมัส,สุไหงโก-ลก,นราธิวาส,743.14,2555,สจป.13 สาขานราธิวาส,เทศบาลตำบลปาเสมัส,6.052422466,102.0064326,45,https://drive.google.com/file/d/1_u3z8R69GrvqsOA1FVBgKugaZo0dlGML/view?usp=drive_link,,
938,องค์การบริหารส่วนตำบล,ปูโยะ,ปูโยะ,สุไหงโก-ลก,นราธิวาส,294.57,2554,สจป.13 สาขานราธิวาส,องค์การบริหารส่วนตำบลปูโยะ,6.1008492,102.0121302,0,https://drive.google.com/file/d/1Te0nncfWyFCMjabVbaZmj__VR4o9yZ33/view?usp=drive_link,,
939,องค์การบริหารส่วนตำบล,มูโนะ,มูโนะ,สุไหงโก-ลก,นราธิวาส,"1,882.67",2555,สจป.13 สาขานราธิวาส,องค์การบริหารส่วนตำบลมูโนะ,6.0734715,102.0347172,45,https://drive.google.com/file/d/11f4MJi90Pzck3C2UFV0wYCsCZuDu5nM9/view?usp=drive_link,,
940,องค์การบริหารส่วนตำบล,โต๊ะเด็ง,โต๊ะเด็ง,สุไหงปาดี,นราธิวาส,"3,094.93",2555,สจป.13 สาขานราธิวาส,องค์การบริหารส่วนตำบลโต๊ะเด็ง,6.11897444,101.8634105,45,https://drive.google.com/file/d/1F-Ujo0gUz-yxPas1GQjxWzmmbszi1r7V/view?usp=drive_link,,
941,องค์การบริหารส่วนตำบล,ริโก๋,ริโก๋,สุไหงปาดี,นราธิวาส,"1,555.04",2566,สจป.13 สาขานราธิวาส,องค์การบริหารส่วนตำบลริโก๋,6.0512805,101.8622348,0,,,
942,องค์การบริหารส่วนตำบล,สากอ,สากอ,สุไหงปาดี,นราธิวาส,"4,379.79",2566,สจป.13 สาขานราธิวาส,องค์การบริหารส่วนตำบลสากอ,6.00759334,101.8571096,0,,,
943,องค์การบริหารส่วนตำบล,ขุนน่าน,ขุนน่าน,เฉลิมพระเกียรติ,น่าน,"102,899.44",2554,สจป.3 สาขาแพร่,องค์การบริหารส่วนตำบลขุนน่าน,19.4844884,101.1545077,60,https://drive.google.com/file/d/1tiZpY_mMdXvrJw6q3dqRDTwXXBzHuBMj/view?usp=drive_link,,
944,องค์การบริหารส่วนตำบล,ห้วยโก๋น,ห้วยโก๋น,เฉลิมพระเกียรติ,น่าน,"61,513.27",2554,สจป.3 สาขาแพร่,องค์การบริหารส่วนตำบลห้วยโก๋น,19.59633762,101.0840169,60,https://drive.google.com/file/d/1Pg30LZwsPvTK0Mkh_yXXQT-up55ty_iT/view?usp=drive_link,,
945,องค์การบริหารส่วนตำบล,เชียงกลางพญาแก้ว,เชียงกลาง,เชียงกลาง,น่าน,"30,311.53",2555,สจป.3 สาขาแพร่,องค์การบริหารส่วนตำบลเชียงกลางพญาแก้ว,19.27177186,100.9021711,50,https://drive.google.com/file/d/1Za_b8UHsv962dQZxiDpu_nZVBCeK2OlT/view?usp=drive_link,,
946,องค์การบริหารส่วนตำบล,เปือ,เปือ,เชียงกลาง,น่าน,"30,084.66",2550,สจป.3 สาขาแพร่,องค์การบริหารส่วนตำบลเปือ,19.321835,100.890284,55,,https://drive.google.com/file/d/1CSa5XYvzXQsndNkq83JpswHMCPcZmSYB/view?usp=drive_link,https://drive.google.com/file/d/1k4BIrxn8KvwYyG46jB8kwtx0fdM2ahpO/view?usp=drive_link
947,องค์การบริหารส่วนตำบล,พระธาตุ,พระธาตุ,เชียงกลาง,น่าน,"16,136.90",2548,สจป.3 สาขาแพร่,องค์การบริหารส่วนตำบลพระธาตุ,19.3364842,100.8956224,50,,https://drive.google.com/file/d/1Ac3Xzb6XHFbmAcEVSJXcJA5m0XlUS9HH/view?usp=drive_link,https://drive.google.com/file/d/1PHOQiWLmRB_XDz5a8dmbBfGPHuS6MFdB/view?usp=drive_link
948,เทศบาลตำบล,พระพุทธบาทเชียงคาน,พระพุทธบาท,เชียงกลาง,น่าน,"19,174.72",2548,สจป.3 สาขาแพร่,เทศบาลตำบลพระพุทธบาทเชียงคาน,19.27359482,100.8388174,50,,https://drive.google.com/file/d/1CQWvxVu1cvS-DhxpT0FFWGMcX_1fqsuX/view?usp=drive_link,https://drive.google.com/file/d/1ASgKsAEGu7P8uaYzHMhS5F4svyxlG8uz/view?usp=drive_link
949,องค์การบริหารส่วนตำบล,จอมพระ,จอมพระ,ท่าวังผา,น่าน,"3,917.69",2554,สจป.3 สาขาแพร่,องค์การบริหารส่วนตำบลจอมพระ,19.0827876,100.8507029,50,https://drive.google.com/file/d/1IDN6RmM7rhy_K54LtoIvOo9NuuH5qpKx/view?usp=drive_link,,
950,องค์การบริหารส่วนตำบล,ตาลชุม,ตาลชุม,ท่าวังผา,น่าน,"20,718.20",2554,สจป.3 สาขาแพร่,องค์การบริหารส่วนตำบลตาลชุม,19.0370345,100.7985793,50,https://drive.google.com/file/d/1SElaltfsDHQhmSzY-3X-2Pd9yQBzz7Rz/view?usp=drive_link,,
951,องค์การบริหารส่วนตำบล,ป่าคา,ป่าคา,ท่าวังผา,น่าน,"76,274.43",2565,สจป.3 สาขาแพร่,องค์การบริหารส่วนตำบลป่าคา,19.071044,100.806707,55,https://drive.google.com/file/d/1BQTpjX3IhO7VrxNNrp7-rIwpzpKd45vg/view?usp=drive_link,,
952,องค์การบริหารส่วนตำบล,ผาตอ,ผาตอ,ท่าวังผา,น่าน,"13,575.25",2554,สจป.3 สาขาแพร่,องค์การบริหารส่วนตำบลผาตอ,19.1701013,100.7770703,50,https://drive.google.com/file/d/1jaNC2mGgAXPgylj6J0ns7oQSeR59OB8o/view?usp=drive_link,,
953,องค์การบริหารส่วนตำบล,ผาทอง,ผาทอง,ท่าวังผา,น่าน,"94,949.22",2554,สจป.3 สาขาแพร่,องค์การบริหารส่วนตำบลผาทอง,19.18159851,100.766106,55,,,
954,องค์การบริหารส่วนตำบล,ยม,ยม,ท่าวังผา,น่าน,"5,608.28",2550,สจป.3 สาขาแพร่,องค์การบริหารส่วนตำบลยม,19.08965826,100.8966815,50,,https://drive.google.com/file/d/1jukQAKV5l620O5sqkz5dkUXwXN_9DCAL/view?usp=drive_link,https://drive.google.com/file/d/1XkS1yAUDhdSE_M8arDO5dyBhD8U-hWVS/view?usp=drive_link
955,องค์การบริหารส่วนตำบล,ศรีภูมิ,ศรีภูมิ,ท่าวังผา,น่าน,"41,385.19",2554,สจป.3 สาขาแพร่,องค์การบริหารส่วนตำบลศรีภูมิ,19.0584846,100.7910615,50,https://drive.google.com/file/d/1YegfqEPaOAURmYN8YMzgeT49vw_bsrJK/view?usp=drive_link,,
956,องค์การบริหารส่วนตำบล,แสนทอง,แสนทอง,ท่าวังผา,น่าน,"32,070.90",2554,สจป.3 สาขาแพร่,องค์การบริหารส่วนตำบลแสนทอง,19.14431,100.7439,50,https://drive.google.com/file/d/1pusvdoTudlzYU30TOZBdKMKp_vEbtfq-/view?usp=drive_link,,
957,เทศบาลตำบล,งอบ,งอบ,ทุ่งช้าง,น่าน,"81,907.00",2568,สจป.3 สาขาแพร่,เทศบาลตำบลงอบ,19.48291156,100.8970262,80,https://drive.google.com/file/d/1jxuyQNP3mzPzYChyg-i8x6Xq7qc7ocqo/view?usp=drive_link,,
958,องค์การบริหารส่วนตำบล,นาน้อย,นาน้อย,นาน้อย,น่าน,"20,684.00",2567,สจป.3 สาขาแพร่,องค์การบริหารส่วนตำบลนาน้อย,18.3282722,100.7088666,50,https://drive.google.com/file/d/1k2K5QuTLyFgBtVg1NJFRdTuhXhr2ZCXL/view?usp=drive_link,,
959,องค์การบริหารส่วนตำบล,น้ำตก,น้ำตก,นาน้อย,น่าน,"47,924.00",2567,สจป.3 สาขาแพร่,องค์การบริหารส่วนตำบลน้ำตก,18.3718664,100.6737585,50,https://drive.google.com/file/d/1qxepq1sL0fr0n742HMp6SLtVJjMj6gtA/view?usp=drive_link,,
960,องค์การบริหารส่วนตำบล,บัวใหญ่,บัวใหญ่,นาน้อย,น่าน,"26,587.00",2567,สจป.3 สาขาแพร่,องค์การบริหารส่วนตำบลบัวใหญ่,18.3342144,100.6160273,55,https://drive.google.com/file/d/1F2xbg23mu6o9BX8vHuzrNuaEskt4LZMR/view?usp=drive_link,,
961,เทศบาลตำบล,ศรีษะเกษ,ศรีษะเกษ,นาน้อย,น่าน,"71,623.00",2567,สจป.3 สาขาแพร่,เทศบาลตำบลศรีษะเกษ,18.39492702,100.8441925,60,https://drive.google.com/file/d/17MdFCcI4OkzCGQjfcyGh2SrZ8ezoADC0/view?usp=drive_link,,
962,องค์การบริหารส่วนตำบล,สถาน,สถาน,นาน้อย,น่าน,"39,264.00",2567,สจป.3 สาขาแพร่,องค์การบริหารส่วนตำบลสถาน,18.24940458,100.7509842,55,https://drive.google.com/file/d/18ZMSa4_TugTWnAEzIF7F8ElRvg5lU95N/view?usp=drive_link,,
963,องค์การบริหารส่วนตำบล,สันทะ,สันทะ,นาน้อย,น่าน,"73,758.00",2567,สจป.3 สาขาแพร่,องค์การบริหารส่วนตำบลสันทะ,18.3032474,100.5954796,60,https://drive.google.com/file/d/1ihAer-weARmH78Dfk-4zQaNDu5LsueVL/view?usp=drive_link,,
964,องค์การบริหารส่วนตำบล,นาทะนุง,นาทะนุง,นาหมื่น,น่าน,"66,380.00",2567,สจป.3 สาขาแพร่,องค์การบริหารส่วนตำบลนาทะนุง,18.18709,100.6652516,55,https://drive.google.com/file/d/13OYXXaDV61Yge4r117SYIvIAwFp0uFqK/view?usp=drive_link,,
965,เทศบาลตำบล,บ่อแก้ว,บ่อแก้ว,นาหมื่น,น่าน,"48,279.00",2567,สจป.3 สาขาแพร่,เทศบาลตำบลบ่อแก้ว,18.162253,100.7210585,55,https://drive.google.com/file/d/1qXJhqEJft6oun-27NbXFxI2Ex3ASfYMs/view?usp=drive_link,,
966,องค์การบริหารส่วนตำบล,ปิงหลวง,ปิงหลวง,นาหมื่น,น่าน,"83,455.55",2554,สจป.3 สาขาแพร่,องค์การบริหารส่วนตำบลปิงหลวง,18.17346,100.50271,60,https://drive.google.com/file/d/1DNVMrvhUEKDjw3j5N6hz8THe9lueUOVR/view?usp=drive_link,,
967,องค์การบริหารส่วนตำบล,เมืองลี,เมืองลี,นาหมื่น,น่าน,"30,526.58",2554,สจป.3 สาขาแพร่,องค์การบริหารส่วนตำบลเมืองลี,18.200523,100.5066665,50,https://drive.google.com/file/d/1h7jjGgLKN6UJfRi5wMwBU7dV-ppjVbHm/view?usp=drive_link,,
968,องค์การบริหารส่วนตำบล,ดงพญา,ดงพญา,บ่อเกลือ,น่าน,"25,705.00",2568,สจป.3 สาขาแพร่,องค์การบริหารส่วนตำบลดงพญา,19.208558,101.185104,50,https://drive.google.com/file/d/12qZBIygV6LaQOZuM-aBwoVBFoZ7C8led/view?usp=drive_link,,
969,เทศบาลตำบล,บ่อเกลือใต้,บ่อเกลือใต้,บ่อเกลือ,น่าน,"23,882.00",2568,สจป.3 สาขาแพร่,เทศบาลตำบลบ่อเกลือใต้,19.0801012,101.1536639,50,https://drive.google.com/file/d/1q_xIQ0lGE7g-FFAjPp3I-xGeOyYqIsuw/view?usp=drive_link,,
970,องค์การบริหารส่วนตำบล,บ่อเกลือเหนือ,บ่อเกลือเหนือ,บ่อเกลือ,น่าน,"34,568.00",2568,สจป.3 สาขาแพร่,องค์การบริหารส่วนตำบลบ่อเกลือเหนือ,19.3059061,101.1746111,50,https://drive.google.com/file/d/1h4j71EO0ZxcFn-JiP7PJIZZKF1KKbAXX/view?usp=drive_link,,
971,องค์การบริหารส่วนตำบล,บ้านพี้,บ้านพี้,บ้านหลวง,น่าน,"71,004.58",2565,สจป.3 สาขาแพร่,องค์การบริหารส่วนตำบลบ้านพี้,18.871813,100.4421278,55,,,
972,องค์การบริหารส่วนตำบล,บ้านฟ้า,บ้านฟ้า,บ้านหลวง,น่าน,"74,518.63",2565,สจป.3 สาขาแพร่,องค์การบริหารส่วนตำบลบ้านฟ้า,18.815097,100.4566503,55,,,
973,องค์การบริหารส่วนตำบล,ป่าคาหลวง,ป่าคาหลวง,บ้านหลวง,น่าน,"16,349.94",2554,สจป.3 สาขาแพร่,องค์การบริหารส่วนตำบลป่าคาหลวง,18.89004569,100.396843,50,,,
974,องค์การบริหารส่วนตำบล,สวด,สวด,บ้านหลวง,น่าน,"30,188.76",2565,สจป.3 สาขาแพร่,องค์การบริหารส่วนตำบลสวด,18.8377067,100.4482305,50,,,
975,องค์การบริหารส่วนตำบล,เจดีย์ชัย,เจดีย์ชัย,ปัว,น่าน,"100,017.02",2550,สจป.3 สาขาแพร่,องค์การบริหารส่วนตำบลเจดีย์ชัย,19.1701333,100.8293138,50,,https://drive.google.com/file/d/1it6OUqHurdv2vEXlKf6tPxiPZRf__NJB/view?usp=drive_link,https://drive.google.com/file/d/1HxKnX3xV9_REQW1jnZQxfzfu2byBXzHy/view?usp=drive_link
976,องค์การบริหารส่วนตำบล,วรนคร,วรนคร,ปัว,น่าน,"1,269.39",2550,สจป.3 สาขาแพร่,องค์การบริหารส่วนตำบลวรนคร,19.17625013,100.950508,50,,https://drive.google.com/file/d/1EB9KeVqQ0svnB4EqjPW3zYhWkRnj_XTJ/view?usp=drive_link,https://drive.google.com/file/d/1-V1VobSuRBhcuBynS1joCY1c9ACApRiX/view?usp=drive_link
977,องค์การบริหารส่วนตำบล,ศิลาเพชร,ศิลาเพชร,ปัว,น่าน,"2,772.00",2554,สจป.3 สาขาแพร่,องค์การบริหารส่วนตำบลศิลาเพชร,19.11532932,100.9466502,5,https://drive.google.com/file/d/1XdNtwVEorVvdVIoym4Wh6vPDIdJ1yjd5/view?usp=drive_link,,
978,เทศบาลตำบล,ศิลาแลง,ศิลาแลง,ปัว,น่าน,"2,463.70",2565,สจป.3 สาขาแพร่,เทศบาลตำบลศิลาแลง,19.14906522,100.9466073,50,https://drive.google.com/file/d/1-UrEFZ_Iyh3dLdCCAzjmNj10c4QPGIfO/view?usp=drive_link,,
979,องค์การบริหารส่วนตำบล,สกาด,สกาด,ปัว,น่าน,"50,031.75",2550,สจป.3 สาขาแพร่,องค์การบริหารส่วนตำบลสกาด,19.26526979,101.0084081,50,,https://drive.google.com/file/d/1dkqKHQDNbjvNIDb0dAv82cTSjf9t9xeY/view?usp=drive_link,https://drive.google.com/file/d/1raaUIYJy9TdceMBHxzPpPYFjg7HXOw8Y/view?usp=drive_link
980,องค์การบริหารส่วนตำบล,สถาน,สถาน,ปัว,น่าน,"9,387.17",2550,สจป.3 สาขาแพร่,องค์การบริหารส่วนตำบลสถาน,18.24940458,100.7509842,50,,https://drive.google.com/file/d/1ShMGwDUCTewljaYNgp84F1nHEkrTMBxN/view?usp=drive_link,https://drive.google.com/file/d/1qFeRbc9i-cQx5CEdW9k-NilpNBcKF9qF/view?usp=drive_link
981,องค์การบริหารส่วนตำบล,อวน,อวน,ปัว,น่าน,"25,385.42",2554,สจป.3 สาขาแพร่,องค์การบริหารส่วนตำบลอวน,19.01467375,100.9344596,50,https://drive.google.com/file/d/1QCN8i-O-nPkjnYVDq0fJSWxMeVUvDi24/view?usp=drive_link,,
982,องค์การบริหารส่วนตำบล,นาปัง,นาปัง,ภูเพียง,น่าน,0,2559,สจป.3 สาขาแพร่,องค์การบริหารส่วนตำบลนาปัง,18.7011002,100.8074556,0,https://drive.google.com/file/d/1N4nWAudc281y5Oo5dRG_NVSTjhKiDP38/view?usp=drive_link,,
983,องค์การบริหารส่วนตำบล,น้ำเกี๋ยน,น้ำเกี๋ยน,ภูเพียง,น่าน,"23,077.79",2554,สจป.3 สาขาแพร่,องค์การบริหารส่วนตำบลน้ำเกี๋ยน,18.73238592,100.8249074,50,https://drive.google.com/file/d/1CUTEt0yYKDtxt8muZHu0GDgfYKgKogab/view?usp=drive_link,,
984,องค์การบริหารส่วนตำบล,ฝายแก้ว,ฝายแก้ว,ภูเพียง,น่าน,"95,391.37",2554,สจป.3 สาขาแพร่,องค์การบริหารส่วนตำบลฝายแก้ว,18.7672097,100.7826954,60,https://drive.google.com/file/d/1_a2ylR-ZPeQuszBFwiC7kNFXShebdsOn/view?usp=drive_link,,
985,เทศบาลเมือง,ไชยสถาน,ไชยสถาน,เมืองน่าน,น่าน,989.53,2554,สจป.3 สาขาแพร่,เทศบาลเมืองไชยสถาน,18.773187,100.720564,45,https://drive.google.com/file/d/1fiXLi1DP78XuhHUcSv2znIBgfev-wJRQ/view?usp=drive_link,,
986,เทศบาลตำบล,ดู่ใต้,ดู่ใต้,เมืองน่าน,น่าน,"3,542.02",2554,สจป.3 สาขาแพร่,เทศบาลตำบลดู่ใต้,18.72631786,100.7428818,50,https://drive.google.com/file/d/10ppu0qr-E-nKNSUSwSycLVdBSkXFQ7Nz/view?usp=drive_link,,
987,องค์การบริหารส่วนตำบล,นาซาว,นาซาว,เมืองน่าน,น่าน,"6,640.43",2554,สจป.3 สาขาแพร่,องค์การบริหารส่วนตำบลนาซาว,18.7080041,100.6764578,50,https://drive.google.com/file/d/1bqKEwIMYiPQNqmbctMSpjSr3XgbGyymS/view?usp=drive_link,,
988,องค์การบริหารส่วนตำบล,บ่อ,บ่อ,เมืองน่าน,น่าน,"135,797.73",2554,สจป.3 สาขาแพร่,องค์การบริหารส่วนตำบลบ่อ,18.91659959,100.7664298,55,https://drive.google.com/file/d/1EZQmKVts0_H7PouB1O25k6pOqOgqjrU2/view?usp=drive_link,,
989,องค์การบริหารส่วนตำบล,บ่อสวก,บ่อสวก,เมืองน่าน,น่าน,"18,846.99",2550,สจป.3 สาขาแพร่,องค์การบริหารส่วนตำบลบ่อสวก,18.7380476,100.684231,55,https://drive.google.com/file/d/1NQ58iLs_DsBY039pQHujUHwyIENUvl1D/view?usp=drive_link,,
990,องค์การบริหารส่วนตำบล,ผาสิงห์,ผาสิงห์,เมืองน่าน,น่าน,"16,241.22",2554,สจป.3 สาขาแพร่,องค์การบริหารส่วนตำบลผาสิงห์,18.8555672,100.7371971,50,https://drive.google.com/file/d/18xzRD2IVixJb1gUofM3WoxOdiJ6CutXu/view?usp=drive_link,,
991,องค์การบริหารส่วนตำบล,เรือง,เรือง,เมืองน่าน,น่าน,"50,010.14",2550,สจป.3 สาขาแพร่,องค์การบริหารส่วนตำบลเรือง,18.80101811,100.6512451,50,,https://drive.google.com/file/d/1DYWBMC_sGyh4qKTFrkX9awvURQxpGXKH/view?usp=drive_link,https://drive.google.com/file/d/1ZwXooS0XZrk2esq1evFs3J5HfNWOj8Ni/view?usp=drive_link
992,องค์การบริหารส่วนตำบล,สะเนียน,สะเนียน,เมืองน่าน,น่าน,"256,718.63",2550,สจป.3 สาขาแพร่,องค์การบริหารส่วนตำบลสะเนียน,18.81070617,100.7085684,60,,https://drive.google.com/file/d/13N9pN4E6K7-wgaXgfCwaMGFSROzt2LMK/view?usp=drive_link,
993,องค์การบริหารส่วนตำบล,ถืมตอง,ถืมตอง,เมืองน่าน,น่าน,143,2569,สจป.3 สาขาแพร่,องค์การบริหารส่วนตำบลถืมตอง,18.79809305,100.7141697,45,https://drive.google.com/file/d/1UYx0um87g5XeuWU7fuSSj-Y1CifnmCZn/view?usp=drive_link,,
994,องค์การบริหารส่วนตำบล,น้ำพาง,น้ำพาง,แม่จริม,น่าน,"43,561.12",2554,สจป.3 สาขาแพร่,องค์การบริหารส่วนตำบลน้ำพาง,18.66316,101.1294937,55,https://drive.google.com/file/d/1ixH__hdEsVUSoKkzOrv5LnyEjtE8l5Cg/view?usp=drive_link,,
995,องค์การบริหารส่วนตำบล,แม่จริม,แม่จริม,แม่จริม,น่าน,"26,222.77",2550,สจป.3 สาขาแพร่,องค์การบริหารส่วนตำบลแม่จริม,18.7926169,101.0189625,50,,https://drive.google.com/file/d/1U4b5aIh94av4MjB-CgGxT3IIKphyD76u/view?usp=drive_link,
996,องค์การบริหารส่วนตำบล,หนองแดง,หนองแดง,แม่จริม,น่าน,"19,746.61",2554,สจป.3 สาขาแพร่,องค์การบริหารส่วนตำบลหนองแดง,18.7448987,101.0117684,55,https://drive.google.com/file/d/1BjXjvB7Jz07Soi0lOtNPFk1Nxh4zFHWG/view?usp=drive_link,,
997,เทศบาลตำบล,หนองแดง,หนองแดง,แม่จริม,น่าน,281.75,2559,สจป.3 สาขาแพร่,เทศบาลตำบลหนองแดง,18.72215375,101.0081291,50,https://drive.google.com/file/d/1JTc5UeqNJr3CxFqPpkvzDST5x3KG1IgF/view?usp=drive_link,,
998,องค์การบริหารส่วนตำบล,หมอเมือง,หมอเมือง,แม่จริม,น่าน,"19,424.22",2550,สจป.3 สาขาแพร่,องค์การบริหารส่วนตำบลหมอเมือง,18.67826689,100.9923968,50,,https://drive.google.com/file/d/1Ur1_rVddQG_um7EoZgIYTDdrtLawPb1N/view?usp=drive_link,https://drive.google.com/file/d/1CLOANgCty8PpNEHLgmy1ASuHBnVq3BVB/view?usp=drive_link
999,เทศบาลตำบล,กลางเวียง,"กลางเวียง,ปงสนุก",เวียงสา,น่าน,"44,628.17",2567,สจป.3 สาขาแพร่,เทศบาลตำบลกลางเวียง,18.56595049,100.7357077,0,https://drive.google.com/file/d/1WLErizRLwUFtu9SeyAHJPDwR-jtlS83P/view?usp=drive_link,,
1000,เทศบาลตำบล,ขึ่ง,ขึ่ง,เวียงสา,น่าน,"33,766.00",2568,สจป.3 สาขาแพร่,เทศบาลตำบลขึ่ง,18.54341865,100.8235931,55,https://drive.google.com/file/d/15C5G7VD85GkHddd92ksoABjavr6nHYoR/view?usp=drive_link,,
1001,องค์การบริหารส่วนตำบล,จอมจันทร์,จอมจันทร์,เวียงสา,น่าน,"7,212.27",2550,สจป.3 สาขาแพร่,องค์การบริหารส่วนตำบลจอมจันทร์,18.6261933,100.8352618,55,,https://drive.google.com/file/d/1r4He6aawo74cqnxdhlwcYso8GzPHcCQm/view?usp=drive_link,https://drive.google.com/file/d/189weiE05UbpuZOdO0sstLT2_MY-uxRsz/view?usp=drive_link
1002,องค์การบริหารส่วนตำบล,ทุ่งศรีทอง,ทุ่งศรีทอง,เวียงสา,น่าน,"13,118.88",2550,สจป.3 สาขาแพร่,องค์การบริหารส่วนตำบลทุ่งศรีทอง,18.78671731,100.6395721,55,,https://drive.google.com/file/d/1zxnFx6hb_kntLDRfW9I5WOIfOEXtMh7V/view?usp=drive_link,https://drive.google.com/file/d/1aIkKA5ucGyQi03Cikx-FDa_OS4qi9qQB/view?usp=drive_link
1003,องค์การบริหารส่วนตำบล,นาเหลือง,นาเหลือง,เวียงสา,น่าน,"3,746.68",2548,สจป.3 สาขาแพร่,องค์การบริหารส่วนตำบลนาเหลือง,18.6733716,100.7865024,50,,https://drive.google.com/file/d/1hHPDtEAUbFdmSg0s4S_-rNvEZiCUIlf_/view?usp=drive_link,https://drive.google.com/file/d/1XzPH9lTCvXYfyEnjLfsqTjZMzDSTSJ3t/view?usp=drive_link
1004,องค์การบริหารส่วนตำบล,น้ำปั้ว,น้ำปั้ว,เวียงสา,น่าน,0,2554,สจป.3 สาขาแพร่,องค์การบริหารส่วนตำบลน้ำปั้ว,18.63559117,100.740818,5,https://drive.google.com/file/d/1sLtrHEC147zN4IYklgC9zGtw9j3LM-c9/view?usp=drive_link,,
1005,องค์การบริหารส่วนตำบล,น้ำมวบ,"น้ำมวบ,ส้านนาหนองใหม่",เวียงสา,น่าน,"60,985.84",2554,สจป.3 สาขาแพร่,องค์การบริหารส่วนตำบลน้ำมวบ,18.483995,100.931305,60,https://drive.google.com/file/d/11BKIKsIpBzalvl4w52jz_ABHSNSMirRW/view?usp=drive_link,,
1006,องค์การบริหารส่วนตำบล,แม่ขะนิง,แม่ขะนิง,เวียงสา,น่าน,"56,168.51",2548,สจป.3 สาขาแพร่,องค์การบริหารส่วนตำบลแม่ขะนิง,18.70525649,100.5481004,60,,https://drive.google.com/file/d/1LTCD0R-bKl5SMCsiV2bjL8JcYC9gY01I/view?usp=drive_link,https://drive.google.com/file/d/1oepUmgaf_ahYhagDnkZodWREatKFmrz_/view?usp=drive_link
1007,องค์การบริหารส่วนตำบล,แม่สา,แม่สา,เวียงสา,น่าน,"9,926.00",2567,สจป.3 สาขาแพร่,องค์การบริหารส่วนตำบลแม่สา,18.576473,100.696063,50,https://drive.google.com/file/d/1xbqzcnsTRYqcTPNzXoshbVvHCCoREZ6C/view?usp=drive_link,,
1008,องค์การบริหารส่วนตำบล,แม่สาคร,แม่สาคร,เวียงสา,น่าน,"13,410.12",2550,สจป.3 สาขาแพร่,องค์การบริหารส่วนตำบลแม่สาคร,18.4757405,100.6288585,55,,https://drive.google.com/file/d/1ZRKKmCNhgQFUnrkJY-x2B0NY0Kgshe2V/view?usp=drive_link,https://drive.google.com/file/d/1Sg83k679GAU6KiwoEttEtfVwjKbFGXR4/view?usp=drive_link
1009,องค์การบริหารส่วนตำบล,ยาบหัวนา,ยาบหัวนา,เวียงสา,น่าน,"179,430.52",2548,สจป.3 สาขาแพร่,องค์การบริหารส่วนตำบลยาบหัวนา,18.58381637,100.5104667,60,,https://drive.google.com/file/d/1pMS3_QoYoACfZ5D7ZKSt1ku2hLUK6Oa7/view?usp=drive_link,
1010,องค์การบริหารส่วนตำบล,ส้าน,ส้าน,เวียงสา,น่าน,"12,880.66",2554,สจป.3 สาขาแพร่,องค์การบริหารส่วนตำบลส้าน,18.5122823,100.7499516,55,https://drive.google.com/file/d/1YodJWVFsqsVuvT-mvp5hTYhGyAiXVooV/view?usp=drive_link,,
1011,องค์การบริหารส่วนตำบล,ไหล่น่าน,ไหล่น่าน,เวียงสา,น่าน,"38,161.00",2568,สจป.3 สาขาแพร่,องค์การบริหารส่วนตำบลไหล่น่าน,18.18709,100.6652516,55,https://drive.google.com/file/d/1gRmpLZvAh5zYs1XTi5piprQt4KT5Ihkt/view?usp=drive_link,,
1012,องค์การบริหารส่วนตำบล,อ่ายนาไลย,อ่ายนาไลย,เวียงสา,น่าน,"49,827.45",2554,สจป.3 สาขาแพร่,องค์การบริหารส่วนตำบลอ่ายนาไลย,18.55351644,100.7144769,60,https://drive.google.com/file/d/1-rZ96PBhWFltjbLq4sxWQVpEiu6TkKap/view?usp=drive_link,,
1013,องค์การบริหารส่วนตำบล,ชนแดน,ชนแดน,สองแคว,น่าน,"60,748.78",2550,สจป.3 สาขาแพร่,องค์การบริหารส่วนตำบลชนแดน,19.442419,100.678771,60,,https://drive.google.com/file/d/10KKUqAXAaaXZU9v0IAIiyTg3IGhh_D4K/view?usp=drive_link,https://drive.google.com/file/d/1fN1N-ldN0zlqaOKBp64O6DrxQZuP_U0e/view?usp=drive_link
1014,องค์การบริหารส่วนตำบล,นาไร่หลวง,นาไร่หลวง,สองแคว,น่าน,"60,803.69",2554,สจป.3 สาขาแพร่,องค์การบริหารส่วนตำบลนาไร่หลวง,19.33058258,100.7082367,60,https://drive.google.com/file/d/1ZH4nzy1VCC7JahhkISb17f1HQohdy8Qz/view?usp=drive_link,,
1015,เทศบาลตำบล,ยอด,ยอด,สองแคว,น่าน,"23,766.83",2550,สจป.3 สาขาแพร่,เทศบาลตำบลยอด,19.38147807,100.6029466,50,,https://drive.google.com/file/d/1ji0Xsag4eSZxUW04MT9Fy9jV4TTTJ4GD/view?usp=drive_link,https://drive.google.com/file/d/1RB_iFXS88nB_xBqZ_sIHxpYsnbmuDNiU/view?usp=drive_link
1016,เทศบาลตำบล,สันติสุข,ดู่พงษ์,สันติสุข,น่าน,"7,381.63",2554,สจป.3 สาขาแพร่,เทศบาลตำบลสันติสุข,18.9121251,100.9410895,55,https://drive.google.com/file/d/1gux1MnzdaUxy9UFX5tDVcN72Mi0deIYO/view?usp=drive_link,,
1017,องค์การบริหารส่วนตำบล,ป่าแลวหลวง,ป่าแลวหลวง,สันติสุข,น่าน,"23,917.68",2554,สจป.3 สาขาแพร่,องค์การบริหารส่วนตำบลป่าแลวหลวง,18.9458016,100.923545,55,https://drive.google.com/file/d/1-Opgb5n7cdZAHG0_RBUQd3hyxTDXM25E/view?usp=drive_link,,
1018,องค์การบริหารส่วนตำบล,พงษ์,พงษ์,สันติสุข,น่าน,"19,037.95",2565,สจป.3 สาขาแพร่,องค์การบริหารส่วนตำบลพงษ์,18.92609815,101.0347366,50,,,
1019,องค์การบริหารส่วนตำบล,เซกา,เซกา,เซกา,บึงกาฬ,310.21,2550,สจป.6 อุดรธานี,องค์การบริหารส่วนตำบลเซกา,17.99284,103.949341,45,,https://drive.google.com/file/d/1z_gp3pyi5u1gfFLW3o5RcskZ_VcPq1FN/view?usp=drive_link,
1020,องค์การบริหารส่วนตำบล,ท่าสะอาด,ท่าสะอาด,เซกา,บึงกาฬ,"5,073.40",2548,สจป.6 อุดรธานี,องค์การบริหารส่วนตำบลท่าสะอาด,17.9859571,103.748977,50,,https://drive.google.com/file/d/1OVmqeJul7JBtNRL2_yz6AKlQWfpNZW8E/view?usp=drive_link,
1021,องค์การบริหารส่วนตำบล,น้ำจั้น,น้ำจั้น,เซกา,บึงกาฬ,"2,275.42",2554,สจป.6 อุดรธานี,องค์การบริหารส่วนตำบลน้ำจั้น,18.0299066,103.8471707,45,https://drive.google.com/file/d/115XnEQMD0lIMOGZkRuu_St3ePubrln0-/view?usp=drive_link,,
1022,องค์การบริหารส่วนตำบล,บ้านต้อง,บ้านต้อง,เซกา,บึงกาฬ,"11,609.02",2550,สจป.6 อุดรธานี,องค์การบริหารส่วนตำบลบ้านต้อง,18.11982365,103.9324905,50,,https://drive.google.com/file/d/1KnPMQe-Nu7ojdx0G9N-A5imUM7uXE4UT/view?usp=drive_link,
1023,เทศบาลตำบล,ป่งไฮ,ป่งไฮ,เซกา,บึงกาฬ,"1,270.64",2554,สจป.6 อุดรธานี,เทศบาลตำบลป่งไฮ,18.0203747,103.8180057,50,https://drive.google.com/file/d/1A7g2Jkr9Dr9APoVjkINl8payhh8x5aiK/view?usp=drive_link,,
1024,องค์การบริหารส่วนตำบล,โสกก่าม,โสกก่าม,เซกา,บึงกาฬ,"1,248.80",2548,สจป.6 อุดรธานี,องค์การบริหารส่วนตำบลโสกก่าม,18.0584763,104.0174326,45,,https://drive.google.com/file/d/104L8l5XwKHImmLm-rvDj7yZi-3T-aKaG/view?usp=drive_link,
1025,องค์การบริหารส่วนตำบล,คำแก้ว,คำแก้ว,โซ่พิสัย,บึงกาฬ,"1,112.55",2554,สจป.6 อุดรธานี,องค์การบริหารส่วนตำบลคำแก้ว,18.0845048,103.5001937,0,https://drive.google.com/file/d/1bdp5BT8aKTenB8NYhkm5tArZ1qn9bhaR/view?usp=drive_link,,
1026,องค์การบริหารส่วนตำบล,โซ่,โซ่,โซ่พิสัย,บึงกาฬ,"1,565.88",2554,สจป.6 อุดรธานี,องค์การบริหารส่วนตำบลโซ่,18.01941261,103.4193989,45,https://drive.google.com/file/d/1VW-KCRgp6h7UtZFTRhK07KElh3XmuI9n/view?usp=drive_link,,
1027,องค์การบริหารส่วนตำบล,ถ้ำเจริญ,ถ้ำเจริญ,โซ่พิสัย,บึงกาฬ,496.35,2548,สจป.6 อุดรธานี,องค์การบริหารส่วนตำบลถ้ำเจริญ,18.18738,103.4272,45,,https://drive.google.com/file/d/1hTB5smC95kRYltoyEsTvbF692S0awY-O/view?usp=drive_link,
1028,องค์การบริหารส่วนตำบล,บัวตูม,บัวตูม,โซ่พิสัย,บึงกาฬ,"1,573.62",2550,สจป.6 อุดรธานี,องค์การบริหารส่วนตำบลบัวตูม,18.10906342,103.3399773,50,,https://drive.google.com/file/d/167w4zIUh7UPEXQSDKeAo_4fgV_MeW7u_/view?usp=drive_link,
1029,องค์การบริหารส่วนตำบล,ศรีชมภู,ศรีชมภู,โซ่พิสัย,บึงกาฬ,"7,399.61",2548,สจป.6 อุดรธานี,องค์การบริหารส่วนตำบลศรีชมภู,18.229677,103.47125,45,,https://drive.google.com/file/d/11TfIRhvlJz0cQA-tAk-j2UCU1ffhCcEA/view?usp=drive_link,
1030,องค์การบริหารส่วนตำบล,เหล่าทอง,เหล่าทอง,โซ่พิสัย,บึงกาฬ,"2,739.50",2550,สจป.6 อุดรธานี,องค์การบริหารส่วนตำบลเหล่าทอง,18.11539,103.42651,45,,https://drive.google.com/file/d/1fdhpP1_Q8z3eUin4IxAgSFB3WI964f8a/view?usp=drive_link,
1031,องค์การบริหารส่วนตำบล,ดงบัง,ดงบัง,บึงโขงหลง,บึงกาฬ,"2,080.11",2554,สจป.6 อุดรธานี,องค์การบริหารส่วนตำบลดงบัง,18.045215,104.1307806,50,https://drive.google.com/file/d/1xN6TnfCNqP6-0q45gxfX55Zvf3wPM9wq/view?usp=drive_link,,
1032,องค์การบริหารส่วนตำบล,ท่าดอกคำ,ท่าดอกคำ,บึงโขงหลง,บึงกาฬ,"14,101.19",2550,สจป.6 อุดรธานี,องค์การบริหารส่วนตำบลท่าดอกคำ,18.13932669,104.0631866,50,,https://drive.google.com/file/d/1A_QxySOQt97QWnlofkLGrEs5kETdvbjw/view?usp=drive_link,
1033,เทศบาลตำบล,บึงงาม,บึงโขงหลง,บึงโขงหลง,บึงกาฬ,"1,119.71",2550,สจป.6 อุดรธานี,เทศบาลตำบลบึงงาม,17.962274,104.042531,50,,https://drive.google.com/file/d/167lwRsGb4Fl6YqxGDFMbpkId2CpMt6L3/view?usp=drive_link,
1034,องค์การบริหารส่วนตำบล,โพธิ์หมากแข้ง,โพธิ์หมากแข้ง,บึงโขงหลง,บึงกาฬ,"5,504.98",2554,สจป.6 อุดรธานี,องค์การบริหารส่วนตำบลโพธิ์หมากแข้ง,17.9735949,104.0681149,50,https://drive.google.com/file/d/12LAOGHPwQJQeR_pt46S7GvB36dSATdhL/view?usp=drive_link,,
1035,องค์การบริหารส่วนตำบล,โคกกว้าง,โคกกว้าง,บุ่งคล้า,บึงกาฬ,"3,431.62",2550,สจป.6 อุดรธานี,องค์การบริหารส่วนตำบลโคกกว้าง,18.1999176,104.0535553,45,,https://drive.google.com/file/d/1Q0lQMy8dfxuXcWa9LCQNE_7ttrSHC-Wt/view?usp=drive_link,
1036,เทศบาลตำบล,บุ่งคล้า,บุ่งคล้า,บุ่งคล้า,บึงกาฬ,"1,443.99",2550,สจป.6 อุดรธานี,เทศบาลตำบลบุ่งคล้า,18.29519417,103.9949995,45,,https://drive.google.com/file/d/1noNVcGpn54-5C3_xVi99Ql5kTIIQ8k9X/view?usp=drive_link,
1037,องค์การบริหารส่วนตำบล,หนองเดิ่น,หนองเดิ่น,บุ่งคล้า,บึงกาฬ,"4,557.08",2554,สจป.6 อุดรธานี,องค์การบริหารส่วนตำบลหนองเดิ่น,18.3181926,103.9668322,45,https://drive.google.com/file/d/1DZsPoTqDj12YzC7IYkJap5oldjqkWuol/view?usp=drive_link,,
1038,องค์การบริหารส่วนตำบล,โนนศิลา,โนนศิลา,ปากคาด,บึงกาฬ,"5,907.32",2548,สจป.6 อุดรธานี,องค์การบริหารส่วนตำบลโนนศิลา,18.3013588,103.3107285,50,,https://drive.google.com/file/d/15VlNx6MSPA9WaTNxvj4g2-pq2hPzu91G/view?usp=drive_link,
1039,องค์การบริหารส่วนตำบล,ปากคาด,ปากคาด,ปากคาด,บึงกาฬ,"17,500.60",2548,สจป.6 อุดรธานี,องค์การบริหารส่วนตำบลปากคาด,18.3282841,103.3209421,50,,https://drive.google.com/file/d/1juczECuXFK79w9H0VZeLOsDxMSCAFbBe/view?usp=drive_link,
1040,เทศบาลตำบล,ดอนหญ้านาง,ดอนหญ้านาง,พรเจริญ,บึงกาฬ,745.33,2554,สจป.6 อุดรธานี,เทศบาลตำบลดอนหญ้านาง,18.05298915,103.6123449,45,https://drive.google.com/file/d/1jxkGOXKKaKoVxFuaNJFrIqfs-adNDYvB/view?usp=drive_link,,
1041,องค์การบริหารส่วนตำบล,ป่าแฝก,ป่าแฝก,พรเจริญ,บึงกาฬ,"3,048.40",2554,สจป.6 อุดรธานี,องค์การบริหารส่วนตำบลป่าแฝก,18.0627147,103.7357952,50,https://drive.google.com/file/d/1PUn4dNu6toJUKOLXmv9sNmu8EhVYSDtl/view?usp=drive_link,,
1042,เทศบาลตำบล,พรเจริญ,พรเจริญ,พรเจริญ,บึงกาฬ,"4,690.54",2550,สจป.6 อุดรธานี,เทศบาลตำบลพรเจริญ,18.02494739,103.7059847,45,,https://drive.google.com/file/d/1BM28Zmbl_e4g02pD4TmEnxXIaR19N84A/view?usp=drive_link,
1043,เทศบาลตำบล,ศรีชมภู,ศรีชมภู,พรเจริญ,บึงกาฬ,"2,811.12",2550,สจป.6 อุดรธานี,เทศบาลตำบลศรีชมภู,18.008573,103.690079,50,,https://drive.google.com/file/d/1LE6x_88nMGgbAYe0Thi-D3gV7rCzB9Fi/view?usp=drive_link,
1044,เทศบาลตำบล,ศรีสำราญ,ศรีสำราญ,พรเจริญ,บึงกาฬ,"2,732.52",2554,สจป.6 อุดรธานี,เทศบาลตำบลศรีสำราญ,18.10208826,103.6315656,45,https://drive.google.com/file/d/16wHnu5B7BeA3GaGCyYi2MpbwHgfdK3s2/view?usp=drive_link,,
1045,เทศบาลตำบล,หนองหัวช้าง,หนองหัวช้าง,พรเจริญ,บึงกาฬ,309.05,2554,สจป.6 อุดรธานี,เทศบาลตำบลหนองหัวช้าง,18.1562914,103.5076904,50,https://drive.google.com/file/d/1h7yIdHirSAJ7oJPa6lPjsIa8GcquZf3O/view?usp=drive_link,,
1046,องค์การบริหารส่วนตำบล,คำนาดี,คำนาดี,เมืองบึงกาฬ,บึงกาฬ,"2,062.12",2550,สจป.6 อุดรธานี,องค์การบริหารส่วนตำบลคำนาดี,18.2060739,103.6331508,50,,https://drive.google.com/file/d/19tNaGWILwTnflxrWg3X7doHr_tMu09YZ/view?usp=drive_link,
1047,เทศบาลตำบล,โคกก่อง,โคกก่อง,เมืองบึงกาฬ,บึงกาฬ,"5,621.67",2550,สจป.6 อุดรธานี,เทศบาลตำบลโคกก่อง,18.31248491,103.7999439,45,,https://drive.google.com/file/d/1_ovSCdq68-F1CPPMO2DiYKXKL361hGlu/view?usp=drive_link,
1048,องค์การบริหารส่วนตำบล,ชัยพร,ชัยพร,เมืองบึงกาฬ,บึงกาฬ,"9,521.87",2554,สจป.6 อุดรธานี,องค์การบริหารส่วนตำบลชัยพร,18.2706182,103.8397026,50,https://drive.google.com/file/d/1AOR0yLSg8Odk1tpqegAEjeLrTkRnRa7r/view?usp=drive_link,,
1049,เทศบาลตำบล,นาสวรรค์,นาสวรรค์,เมืองบึงกาฬ,บึงกาฬ,"5,531.63",2550,สจป.6 อุดรธานี,เทศบาลตำบลนาสวรรค์,18.253035,103.608301,50,,https://drive.google.com/file/d/1uZ5BF4ID4BuCfBwC4KsKjYvNjJLODk31/view?usp=drive_link,
1050,เทศบาลตำบล,โนนสมบูรณ์,โนนสมบูรณ์,เมืองบึงกาฬ,บึงกาฬ,798.86,2554,สจป.6 อุดรธานี,เทศบาลตำบลโนนสมบูรณ์,18.3068124,103.6458034,0,https://drive.google.com/file/d/1NAJPZ2whKkIvxl0NbvV5s3-4EQxcIGiD/view?usp=drive_link,,
1051,เทศบาลตำบล,โนนสว่าง,โนนสว่าง,เมืองบึงกาฬ,บึงกาฬ,"5,858.77",2554,สจป.6 อุดรธานี,เทศบาลตำบลโนนสว่าง,18.36385292,103.4813404,45,,,
1052,เทศบาลเมือง,บึงกาฬ,บึงกาฬ,เมืองบึงกาฬ,บึงกาฬ,"3,822.57",2550,สจป.6 อุดรธานี,เทศบาลเมืองบึงกาฬ,18.36701964,103.6552387,50,,https://drive.google.com/file/d/1ozygYwK5z-d-ynl23Z_zKd430TELJKfb/view?usp=drive_link,
1053,องค์การบริหารส่วนตำบล,โป่งเปือย,โป่งเปือย,เมืองบึงกาฬ,บึงกาฬ,"3,731.42",2554,สจป.6 อุดรธานี,องค์การบริหารส่วนตำบลโป่งเปือย,18.3261014,103.529139,45,https://drive.google.com/file/d/1uQO9Q_JJYyw2iI5MCGfSGRTATX3E-O3G/view?usp=drive_link,,
1054,เทศบาลตำบล,หนองเลิง,หนองเลิง,เมืองบึงกาฬ,บึงกาฬ,"5,774.21",2554,สจป.6 อุดรธานี,เทศบาลตำบลหนองเลิง,18.3478514,103.3980611,50,https://drive.google.com/file/d/14MQkWoPz_IYT-W4Jg2kblKjqhBevUxxq/view?usp=drive_link,,
1055,เทศบาลตำบล,หอคำ,หอคำ,เมืองบึงกาฬ,บึงกาฬ,"12,323.19",2550,สจป.6 อุดรธานี,เทศบาลตำบลหอคำ,18.434016,103.4348631,50,,https://drive.google.com/file/d/13Mt8vFpJBIPF3OpJzj0cFilopdOXglWw/view?usp=drive_link,
1056,องค์การบริหารส่วนตำบล,ชุมภูพร,ชุมภูพร,ศรีวิไล,บึงกาฬ,"5,842.30",2548,สจป.6 อุดรธานี,องค์การบริหารส่วนตำบลชุมภูพร,18.13681854,103.7425339,50,,https://drive.google.com/file/d/1o_YEaYK58T2_SfEV6YYWMChnhO5Ydmk3/view?usp=drive_link,
1057,องค์การบริหารส่วนตำบล,นาสะแบง,นาสะแบง,ศรีวิไล,บึงกาฬ,"3,726.81",2550,สจป.6 อุดรธานี,องค์การบริหารส่วนตำบลนาสะแบง,18.1469474,103.8023496,45,,https://drive.google.com/file/d/17iEdaMT6KushxNzKwTalp0iIOxxjDLmx/view?usp=drive_link,
1058,องค์การบริหารส่วนตำบล,นาสิงห์,นาสิงห์,ศรีวิไล,บึงกาฬ,"7,327.99",2550,สจป.6 อุดรธานี,องค์การบริหารส่วนตำบลนาสิงห์,18.1701076,103.799956,50,,https://drive.google.com/file/d/1lfjqPM97Y_7KzEsqAKBZCgtHoqnmDbUs/view?usp=drive_link,
1059,เทศบาลตำบล,นาแสง,นาแสง,ศรีวิไล,บึงกาฬ,"1,954.99",2554,สจป.6 อุดรธานี,เทศบาลตำบลนาแสง,18.1041207,103.8244567,45,https://drive.google.com/file/d/1IX1NQ7E8AIH4foIe_ItdAsUCjg6V8Qkr/view?usp=drive_link,,
1060,องค์การบริหารส่วนตำบล,ชุมแสง,ชุมแสง,กระสัง,บุรีรัมย์,"3,782.67",2555,สจป.8 นครราชสีมา,องค์การบริหารส่วนตำบลชุมแสง,14.9837111,103.3845321,45,https://drive.google.com/file/d/1lHsNgB2EwHPJXSl4h7Nr2ixhHQXVbOza/view?usp=drive_link,,
1061,องค์การบริหารส่วนตำบล,ลำดวน,ลำดวน,กระสัง,บุรีรัมย์,"11,291.74",2555,สจป.8 นครราชสีมา,องค์การบริหารส่วนตำบลลำดวน,15.0688552,103.3850879,50,https://drive.google.com/file/d/1_J2tGoVAayehCQaq7CImfWRm0dax2Ymw/view?usp=drive_link,,
1062,องค์การบริหารส่วนตำบล,สูงเนิน,สูงเนิน,กระสัง,บุรีรัมย์,"2,751.01",2555,สจป.8 นครราชสีมา,องค์การบริหารส่วนตำบลสูงเนิน,14.8007148,103.2339208,50,https://drive.google.com/file/d/1v1zZe6ktVlPYoW1hVSAcoxJlRlMkGP_o/view?usp=drive_link,,
1063,เทศบาลตำบล,หนองเต็ง,หนองเต็ง,กระสัง,บุรีรัมย์,"2,198.15",2555,สจป.8 นครราชสีมา,เทศบาลตำบลหนองเต็ง,14.91585161,103.3663756,45,https://drive.google.com/file/d/1GxgXIz1mKlJ8yfvXinn6N7OHhd6m68IZ/view?usp=drive_link,,
1064,องค์การบริหารส่วนตำบล,คูเมือง,คูเมือง,คูเมือง,บุรีรัมย์,69.48,2549,สจป.8 นครราชสีมา,องค์การบริหารส่วนตำบลคูเมือง,15.2341955,102.9743791,0,,https://drive.google.com/file/d/1dNg5TF0AQS-HmprryiUbAn0CFAk2HL-U/view?usp=drive_link,https://drive.google.com/file/d/1dATRLT7uw1pfa3tucwEndbn8i0Uy-OlL/view?usp=drive_link
1065,องค์การบริหารส่วนตำบล,บ้านแพ,บ้านแพ,คูเมือง,บุรีรัมย์,128.35,2549,สจป.8 นครราชสีมา,องค์การบริหารส่วนตำบลบ้านแพ,15.3838207,103.0109798,0,,https://drive.google.com/file/d/1cl6kJjfeKO0PtcMuwFsApyZh5jkx3tv3/view?usp=drive_link,https://drive.google.com/file/d/1qA97863fR7LR_lUSNs3RmXBtJZuxEo3o/view?usp=drive_link
1066,องค์การบริหารส่วนตำบล,หนองขมาร,หนองขมาร,คูเมือง,บุรีรัมย์,"10,294.33",2549,สจป.8 นครราชสีมา,องค์การบริหารส่วนตำบลหนองขมาร,15.34573664,103.0143893,50,,https://drive.google.com/file/d/1CBy1C4lmeKCspmZ4xLq0t1a4m8NxjoA_/view?usp=drive_link,https://drive.google.com/file/d/1vrKmW6qm_VmrAo6f3R07JpzeEkjhuc0j/view?usp=drive_link
1067,องค์การบริหารส่วนตำบล,แคนดง,แคนดง,แคนดง,บุรีรัมย์,"18,080.98",2555,สจป.8 นครราชสีมา,องค์การบริหารส่วนตำบลแคนดง,15.3075885,103.1234542,50,https://drive.google.com/file/d/1KBeFsE6lWw2rhhR11EqJQp9r2m8nR4Hp/view?usp=drive_link,,
1068,องค์การบริหารส่วนตำบล,ดงพลอง,ดงพลอง,แคนดง,บุรีรัมย์,"6,473.32",2555,สจป.8 นครราชสีมา,องค์การบริหารส่วนตำบลดงพลอง,15.3180767,103.1601701,50,https://drive.google.com/file/d/1WtJlMdPw6GFpQMDpDqkRIb3HFMsPI5hr/view?usp=drive_link,,
1069,องค์การบริหารส่วนตำบล,สระบัว,สระบัว,แคนดง,บุรีรัมย์,"15,646.08",2555,สจป.8 นครราชสีมา,องค์การบริหารส่วนตำบลสระบัว,15.33438384,103.0870637,50,https://drive.google.com/file/d/1bVtPYqNHMabVtg5zu8I2CeAzGz45q4HJ/view?usp=drive_link,,
1070,องค์การบริหารส่วนตำบล,เจริญสุข,เจริญสุข,เฉลิมพระเกียรติ,บุรีรัมย์,"4,565.63",2555,สจป.8 นครราชสีมา,องค์การบริหารส่วนตำบลเจริญสุข,14.60253192,102.8560424,45,https://drive.google.com/file/d/1Tw7h26msWcxCUTo5ssWBsrUzdIZ7lrJV/view?usp=drive_link,,
1071,เทศบาลตำบล,ถาวร,ถาวร,เฉลิมพระเกียรติ,บุรีรัมย์,"6,444.05",2555,สจป.8 นครราชสีมา,เทศบาลตำบลถาวร,14.50584916,102.8532073,45,https://drive.google.com/file/d/1uH2RnHaVbEL8TfF16Tc5dk5IpsSNcUCt/view?usp=drive_link,,
1072,องค์การบริหารส่วนตำบล,ก้านเหลือง,ก้านเหลือง,นางรอง,บุรีรัมย์,"2,242.82",2550,สจป.8 นครราชสีมา,องค์การบริหารส่วนตำบลก้านเหลือง,14.7167638,102.7334232,45,,https://drive.google.com/file/d/1hFFKEgnIm4UF3kOa2oa4U8sHmLBUz402/view?usp=drive_link,https://drive.google.com/file/d/1WqgRpPXHON_UVLXTC5foaV3AgHeJ_tTo/view?usp=drive_link
1073,องค์การบริหารส่วนตำบล,ทรัพย์พระยา,ทรัพย์พระยา,นางรอง,บุรีรัมย์,"2,798.83",2550,สจป.8 นครราชสีมา,องค์การบริหารส่วนตำบลทรัพย์พระยา,14.52908586,102.7441406,50,,https://drive.google.com/file/d/1QqSfqLva_hWcYrcoXN69AxhhF6piWT-2/view?usp=drive_link,https://drive.google.com/file/d/1tQD3O4zaW-atIq0IZqpgjiiI3JH9xZT4/view?usp=drive_link
1074,องค์การบริหารส่วนตำบล,นางรอง,นางรอง,นางรอง,บุรีรัมย์,"4,633.87",2549,สจป.8 นครราชสีมา,องค์การบริหารส่วนตำบลนางรอง,14.6745066,102.7976617,50,,https://drive.google.com/file/d/1dsd7KXrQ0KVoKU_-nHQKX7ks2a2uku8c/view?usp=drive_link,https://drive.google.com/file/d/1xxssfjPEEljqO70VTjDELXQhi5a3GRUs/view?usp=drive_link
1075,องค์การบริหารส่วนตำบล,บ้านสิงห์,บ้านสิงห์,นางรอง,บุรีรัมย์,"5,476.31",2549,สจป.8 นครราชสีมา,องค์การบริหารส่วนตำบลบ้านสิงห์,14.7294511,102.8055907,45,,https://drive.google.com/file/d/1b8T5E7KLwp9dljcyPCdUY-e8PYRxJrRo/view?usp=drive_link,https://drive.google.com/file/d/11LHgCuNxLJ4UKat32aGiu4ZcQ9OmJ9V1/view?usp=drive_link
1076,องค์การบริหารส่วนตำบล,ลำไทรโยง,ลำไทรโยง,นางรอง,บุรีรัมย์,"3,248.17",2549,สจป.8 นครราชสีมา,องค์การบริหารส่วนตำบลลำไทรโยง,14.6618872,102.7162476,45,,https://drive.google.com/file/d/1_Z9cx847aDuam7fYBbsee_HQgbZu-did/view?usp=drive_link,https://drive.google.com/file/d/1rD1QdRZB1Ksd9FWpKV3OEsPVVEEglDd7/view?usp=drive_link
1077,องค์การบริหารส่วนตำบล,สะเดา,สะเดา,นางรอง,บุรีรัมย์,"7,550.16",2555,สจป.8 นครราชสีมา,องค์การบริหารส่วนตำบลสะเดา,14.5586445,102.7563205,50,https://drive.google.com/file/d/1p1pSyUCvUrfI9HGbioyIIK9lgAefgbcc/view?usp=drive_link,,
1078,องค์การบริหารส่วนตำบล,หนองไทร,หนองไทร,นางรอง,บุรีรัมย์,"6,140.52",2550,สจป.8 นครราชสีมา,องค์การบริหารส่วนตำบลหนองไทร,14.5193964,102.7554913,50,,https://drive.google.com/file/d/1drT8fZve2UIldC3QzSMCfW_C9BQc7zvO/view?usp=drive_link,https://drive.google.com/file/d/1JoP2cETPqqNRBmKErYD7MXYBcHyNqqFB/view?usp=drive_link
1079,องค์การบริหารส่วนตำบล,หัวถนน,หัวถนน,นางรอง,บุรีรัมย์,"1,422.71",2549,สจป.8 นครราชสีมา,องค์การบริหารส่วนตำบลหัวถนน,14.6433192,102.6743793,50,,https://drive.google.com/file/d/1m8ggKarjbAKALbY0EF6TdS-sLhss4Eaf/view?usp=drive_link,https://drive.google.com/file/d/1kH552U2TAKNWfTIHT6FkPnsrJXGvQexR/view?usp=drive_link
1080,องค์การบริหารส่วนตำบล,โนนดินแดง,โนนดินแดง,โนนดินแดง,บุรีรัมย์,"9,580.19",2555,สจป.8 นครราชสีมา,องค์การบริหารส่วนตำบลโนนดินแดง,14.3167344,102.7437656,50,https://drive.google.com/file/d/1zZfY0R-YSYBZ2wcwajL1-XGEorWEIVQo/view?usp=drive_link,,
1081,องค์การบริหารส่วนตำบล,ลำนางรอง,ลำนางรอง,โนนดินแดง,บุรีรัมย์,"28,011.18",2555,สจป.8 นครราชสีมา,องค์การบริหารส่วนตำบลลำนางรอง,14.189247,102.684514,50,https://drive.google.com/file/d/15WzLKutapdUqyNvccw0lW3iBlq-U7CcT/view?usp=drive_link,,
1082,เทศบาลตำบล,โกรกแก้ว,โกรกแก้ว,โนนสุวรรณ,บุรีรัมย์,547.9,2549,สจป.8 นครราชสีมา,เทศบาลตำบลโกรกแก้ว,14.6069057,102.6165567,45,,https://drive.google.com/file/d/1J5iHraLsbR9eNcOlvlhJmV-ml7My5iM8/view?usp=drive_link,https://drive.google.com/file/d/1QqVUUFIKerX-uxEcPtT9sYsX5iU3v6yi/view?usp=drive_link
1083,เทศบาลตำบล,ดงอีจาน,ดงอีจาน,โนนสุวรรณ,บุรีรัมย์,"5,883.73",2555,สจป.8 นครราชสีมา,เทศบาลตำบลดงอีจาน,14.5664414,102.5267199,50,https://drive.google.com/file/d/1q7dgmbxfkw4McJHT5Tqkas6pmYWIMMZ8/view?usp=drive_link,,
1084,เทศบาลตำบล,ทุ่งจังหัน,ทุ่งจังหัน,โนนสุวรรณ,บุรีรัมย์,2.75,2555,สจป.8 นครราชสีมา,เทศบาลตำบลทุ่งจังหัน,14.61639597,102.5530043,45,https://drive.google.com/file/d/1V278Q2-LFueMOaFNROBj6aQFv1KWj5y3/view?usp=drive_link,,
1085,เทศบาลตำบล,โนนสุวรรณ,โนนสุวรรณ,โนนสุวรรณ,บุรีรัมย์,98.8,2549,สจป.8 นครราชสีมา,เทศบาลตำบลโนนสุวรรณ,14.5774211,102.5993541,45,,https://drive.google.com/file/d/18FHMTHbEBsyVY_rAikVDG7M1Qx7_R1AB/view?usp=drive_link,https://drive.google.com/file/d/1OFp7Za9ocerWEvCYU6LC2hsH-_UE1KhX/view?usp=drive_link
1086,เทศบาลตำบล,จันทบเพชร,จันทบเพชร,บ้านกรวด,บุรีรัมย์,"3,522.95",2549,สจป.8 นครราชสีมา,เทศบาลตำบลจันทบเพชร,14.40534,103.1675745,45,,https://drive.google.com/file/d/1YFZ5fjk7fdn2sg9JMOyqVgnl61K0HDUt/view?usp=drive_link,https://drive.google.com/file/d/1x42Yladx099dAneqhCY64YECkpfKJLhl/view?usp=drive_link
1087,เทศบาลตำบล,บึงเจริญ,บึงเจริญ,บ้านกรวด,บุรีรัมย์,"3,916.75",2555,สจป.8 นครราชสีมา,เทศบาลตำบลบึงเจริญ,14.3816466,103.054865,50,https://drive.google.com/file/d/1iVAIrcivMrsQyXpV8gPBgZv70j1hAVXp/view?usp=drive_link,,
1088,เทศบาลตำบล,ปราสาท,ปราสาท,บ้านกรวด,บุรีรัมย์,"4,178.19",2555,สจป.8 นครราชสีมา,เทศบาลตำบลปราสาท,15.0977364,103.2009653,50,https://drive.google.com/file/d/1FHW4e3YDeTVquOAeC7_B1LwdoR5wyiVp/view?usp=drive_link,,
1089,เทศบาลตำบล,หนองไม้งาม,หนองไม้งาม,บ้านกรวด,บุรีรัมย์,"6,390.63",2555,สจป.8 นครราชสีมา,เทศบาลตำบลหนองไม้งาม,14.392949,103.001375,50,https://drive.google.com/file/d/10MQUgoafMudSMz6QNBWwS-FaDBacsxJa/view?usp=drive_link,,
1090,องค์การบริหารส่วนตำบล,แดงใหญ่,แดงใหญ่,บ้านใหม่ไชยพจน์,บุรีรัมย์,569.34,2555,สจป.8 นครราชสีมา,องค์การบริหารส่วนตำบลแดงใหญ่,15.5918963,102.8883477,45,https://drive.google.com/file/d/1g1u6ajuimTAmGTRcobo0UBJhgjhtEi4F/view?usp=drive_link,,
1091,องค์การบริหารส่วนตำบล,ทองหลาง,ทองหลาง,บ้านใหม่ไชยพจน์,บุรีรัมย์,563.21,2549,สจป.8 นครราชสีมา,องค์การบริหารส่วนตำบลทองหลาง,15.6249081,102.8271772,45,,https://drive.google.com/file/d/1Q9n4SmPv5Pggy3IITd5-YvakARrt-8-r/view?usp=drive_link,https://drive.google.com/file/d/1aEVdw7tO16wy7hvL4tBjlICWIfK395sG/view?usp=drive_link
1092,เทศบาลตำบล,เขาคอก,เขาคอก,ประโคนชัย,บุรีรัมย์,"10,749.25",2555,สจป.8 นครราชสีมา,เทศบาลตำบลเขาคอก,14.47435927,103.0655048,50,https://drive.google.com/file/d/1fYfDDPBnTqFGVZSJJB8qwZhPuNdcZkSB/view?usp=drive_link,,
1093,องค์การบริหารส่วนตำบล,จรเข้มาก,จรเข้มาก,ประโคนชัย,บุรีรัมย์,"4,204.73",2555,สจป.8 นครราชสีมา,องค์การบริหารส่วนตำบลจรเข้มาก,14.53336474,102.9837155,45,https://drive.google.com/file/d/1Lbfm_xA0GdlxuwPJz5mpZ5ssIbAfv03W/view?usp=drive_link,,
1094,เทศบาลเมือง,ประโคนชัย,ประโคนชัย,ประโคนชัย,บุรีรัมย์,342.02,2555,สจป.8 นครราชสีมา,เทศบาลเมืองประโคนชัย,14.6091504,103.0817755,0,https://drive.google.com/file/d/1aVKpj78a6tHBmS2eq5RaKxAuU98QCswb/view?usp=drive_link,,
1095,องค์การบริหารส่วนตำบล,ปังกู,ปังกู,ประโคนชัย,บุรีรัมย์,"9,028.43",2555,สจป.8 นครราชสีมา,องค์การบริหารส่วนตำบลปังกู,14.53696849,103.0751091,45,https://drive.google.com/file/d/1Iv0pmbXRprdUmVOyvt4ftWXO9URL0W0h/view?usp=drive_link,,
1096,องค์การบริหารส่วนตำบล,หนองบอน,หนองบอน,ประโคนชัย,บุรีรัมย์,"1,451.26",2555,สจป.8 นครราชสีมา,องค์การบริหารส่วนตำบลหนองบอน,14.5430023,103.1452382,45,https://drive.google.com/file/d/1os1m7XFRXNsWm0-PWM11MMvP0lHG5rrQ/view?usp=drive_link,,
1097,องค์การบริหารส่วนตำบล,โคกมะม่วง,โคกมะม่วง,ปะคำ,บุรีรัมย์,"1,085.06",2555,สจป.8 นครราชสีมา,องค์การบริหารส่วนตำบลโคกมะม่วง,14.43524892,102.6220094,45,https://drive.google.com/file/d/1GUnZqsMjAz9Uzwp4xtQgju34-hFXZ8rv/view?usp=drive_link,,
1098,เทศบาลตำบล,ปะคำ,ปะคำ,ปะคำ,บุรีรัมย์,"8,799.84",2555,สจป.8 นครราชสีมา,เทศบาลตำบลปะคำ,14.4380404,102.7235932,50,https://drive.google.com/file/d/1aZYmZSgmDaRqB0YfOj6rIcHOFcKp88_y/view?usp=drive_link,,
1099,เทศบาลเมือง,บ้านบัว,บ้านบัว,เมืองบุรีรัมย์,บุรีรัมย์,162.45,2549,สจป.8 นครราชสีมา,เทศบาลเมืองบ้านบัว,14.94872389,103.0419946,45,,https://drive.google.com/file/d/1JzGVcefh-LX6HrfR3HD9jXJLhxXCVTP_/view?usp=drive_link,https://drive.google.com/file/d/1IHAUXhGvyNadg424Bu-c3HBjneaMijM8/view?usp=drive_link
1100,องค์การบริหารส่วนตำบล,สองห้อง,สองห้อง,เมืองบุรีรัมย์,บุรีรัมย์,760.65,2550,สจป.8 นครราชสีมา,องค์การบริหารส่วนตำบลสองห้อง,14.8008417,102.9463945,50,,https://drive.google.com/file/d/1SwnwPvkznM7ICLNuYx8YM0PHkovARiHV/view?usp=drive_link,https://drive.google.com/file/d/1CAUXl7fuMWLM1BysKo7D1x5GSKNWuIAx/view?usp=drive_link
1101,องค์การบริหารส่วนตำบล,สะแกโพรง,สะแกโพรง,เมืองบุรีรัมย์,บุรีรัมย์,"1,573.11",2549,สจป.8 นครราชสีมา,องค์การบริหารส่วนตำบลสะแกโพรง,14.8641525,102.9830355,45,,https://drive.google.com/file/d/1DOlN5RMo-SRj0zoTDGd1v5j-nyjaS3xF/view?usp=drive_link,https://drive.google.com/file/d/1_DC2iV4lhR9XypWp-dY50_UR25uhnnNG/view?usp=drive_link
1102,องค์การบริหารส่วนตำบล,เสม็ด,เสม็ด,เมืองบุรีรัมย์,บุรีรัมย์,864.25,2549,สจป.8 นครราชสีมา,องค์การบริหารส่วนตำบลเสม็ด,14.8485305,103.0661985,0,,https://drive.google.com/file/d/1c90_3nB3O8J9md4eX2sUrt3LBOjZQqf2/view?usp=drive_link,https://drive.google.com/file/d/1tWwq2pcwrJ8jEjCOmvXpIZH6Ck2IWJUH/view?usp=drive_link
1103,องค์การบริหารส่วนตำบล,โคกว่าน,โคกว่าน,ละหานทราย,บุรีรัมย์,"6,509.73",2549,สจป.8 นครราชสีมา,องค์การบริหารส่วนตำบลโคกว่าน,14.46237864,102.833426,50,,https://drive.google.com/file/d/1GZbq8H3e0jdvIgqgfUZeu9BWiNz20nJF/view?usp=drive_link,https://drive.google.com/file/d/14Yon7xkDSbZqu9kKQsQjPx1Kf7p7GLaY/view?usp=drive_link
1104,เทศบาลตำบล,สำโรงใหม่,สำโรงใหม่,ละหานทราย,บุรีรัมย์,"8,231.37",2555,สจป.8 นครราชสีมา,เทศบาลตำบลสำโรงใหม่,14.3807037,102.8348996,50,https://drive.google.com/file/d/1qqAaRlK6QKkShT8-Hv1fvafHxqNKdBmL/view?usp=drive_link,,
1105,เทศบาลตำบล,หนองแวง,หนองแวง,ละหานทราย,บุรีรัมย์,"8,481.58",2555,สจป.8 นครราชสีมา,เทศบาลตำบลหนองแวง,14.2854085,102.9183487,45,https://drive.google.com/file/d/1Rp06fkPh9W3xe0SyBsxaqMi0e0x6jb0f/view?usp=drive_link,,
1106,องค์การบริหารส่วนตำบล,โคกกลาง,โคกกลาง,ลำปลายมาศ,บุรีรัมย์,"2,485.23",2555,สจป.8 นครราชสีมา,องค์การบริหารส่วนตำบลโคกกลาง,14.9611397,102.8402392,45,https://drive.google.com/file/d/1kdurHW4qEsvH2Bst8m5vcK1UMIkXTa3Q/view?usp=drive_link,,
1107,องค์การบริหารส่วนตำบล,บ้านยาง,บ้านยาง,ลำปลายมาศ,บุรีรัมย์,0,2555,สจป.8 นครราชสีมา,องค์การบริหารส่วนตำบลบ้านยาง,15.0268841,103.1496015,0,https://drive.google.com/file/d/1sCPQ1UwqSECX6ufppYv517Ges6NsihPw/view?usp=drive_link,,
1108,องค์การบริหารส่วนตำบล,ผไทรินทร์,ผไทรินทร์,ลำปลายมาศ,บุรีรัมย์,809.39,2550,สจป.8 นครราชสีมา,องค์การบริหารส่วนตำบลผไทรินทร์,14.9486115,102.7760615,45,,https://drive.google.com/file/d/1ZMc-NHX6DHrx342CyJZTq5vMxWwpoQGh/view?usp=drive_link,https://drive.google.com/file/d/1gN-UWGrIH_0NVaxjqDCRYcOT92fJn-gH/view?usp=drive_link
1109,องค์การบริหารส่วนตำบล,หนองโดน,หนองโดน,ลำปลายมาศ,บุรีรัมย์,68.01,2549,สจป.8 นครราชสีมา,องค์การบริหารส่วนตำบลหนองโดน,14.8671517,102.8337077,45,,https://drive.google.com/file/d/1gFytQaWpsN7a_3PHeCE1_8RVtRx94Q4x/view?usp=drive_link,https://drive.google.com/file/d/1jsyy1WOPfyU7gtG70VaRr9kxnmPpTTKs/view?usp=drive_link
1110,องค์การบริหารส่วนตำบล,นิคม,นิคม,สตึก,บุรีรัมย์,"1,069.57",2555,สจป.8 นครราชสีมา,องค์การบริหารส่วนตำบลนิคม,15.2754581,103.2722257,45,https://drive.google.com/file/d/1CUhRrlHRmKT-49NjehZ0fFOle5iO8MI6/view?usp=drive_link,,
1111,องค์การบริหารส่วนตำบล,เมืองแก,เมืองแก,สตึก,บุรีรัมย์,"1,055.43",2549,สจป.8 นครราชสีมา,องค์การบริหารส่วนตำบลเมืองแก,15.1710779,103.3145707,0,,https://drive.google.com/file/d/11C7n6hUXarwFlC948GEOfbMGgGbbXKOz/view?usp=drive_link,https://drive.google.com/file/d/1gShfuKvVdmZuix7QCiGtMsCgd8QWHnbT/view?usp=drive_link
1112,องค์การบริหารส่วนตำบล,ร่อนทอง,ร่อนทอง,สตึก,บุรีรัมย์,"8,267.82",2550,สจป.8 นครราชสีมา,องค์การบริหารส่วนตำบลร่อนทอง,15.2058173,103.215165,50,,https://drive.google.com/file/d/13hY-_XT3XR0ByVsluooxoI_8wsMIUpgr/view?usp=drive_link,https://drive.google.com/file/d/1CEzw_MyBGAVt6lwpnMtVCb7qkHtvoA5z/view?usp=drive_link
1113,เทศบาลตำบล,สตึก,สตึก,สตึก,บุรีรัมย์,964.71,2555,สจป.8 นครราชสีมา,เทศบาลตำบลสตึก,15.3008028,103.3013875,45,https://drive.google.com/file/d/1zUu6M8NPz_lKXjyzg_K4F-5PbK55YeeO/view?usp=drive_link,,
1114,องค์การบริหารส่วนตำบล,โคกสว่าง,โคกสว่าง,หนองกี่,บุรีรัมย์,"1,632.74",2555,สจป.8 นครราชสีมา,องค์การบริหารส่วนตำบลโคกสว่าง,14.7879904,102.5068001,45,https://drive.google.com/file/d/1sHJegnU9uLew4xAFIdTNze4xzOcEtAqP/view?usp=drive_link,,
1115,องค์การบริหารส่วนตำบล,โคกสูง,โคกสูง,หนองกี่,บุรีรัมย์,"7,596.53",2555,สจป.8 นครราชสีมา,องค์การบริหารส่วนตำบลโคกสูง,14.8173499,102.5657614,0,https://drive.google.com/file/d/1vMwvjSVfDQFx3TcMznS4teEM5pKKAHu_/view?usp=drive_link,,
1116,เทศบาลตำบล,ดอนอะราง,ดอนอะราง,หนองกี่,บุรีรัมย์,"8,107.43",2555,สจป.8 นครราชสีมา,เทศบาลตำบลดอนอะราง,14.58781975,102.4947166,50,https://drive.google.com/file/d/1ThBivmNX7PSTuFR1oeA3KtqeIRryMI61/view?usp=drive_link,,
1117,องค์การบริหารส่วนตำบล,บุกระสัง,บุกระสัง,หนองกี่,บุรีรัมย์,"8,880.96",2555,สจป.8 นครราชสีมา,องค์การบริหารส่วนตำบลบุกระสัง,14.7179176,102.5184213,45,https://drive.google.com/file/d/1-xcC_utXEYAwjJW95Ik9RhlUY3Hoe7sK/view?usp=drive_link,,
1118,เทศบาลตำบล,หนองกี่,หนองกี่,หนองกี่,บุรีรัมย์,"1,503.82",2550,สจป.8 นครราชสีมา,เทศบาลตำบลหนองกี่,14.68686909,102.532568,45,,https://drive.google.com/file/d/1Rw8LWws2-llaXNxJA1D_ysVhCgYlXKfG/view?usp=drive_link,https://drive.google.com/file/d/1o7sj64gTrbFfcP4Teklq3YNXHGOwGmay/view?usp=drive_link
1119,องค์การบริหารส่วนตำบล,ไทยสามัคคี,ไทยสามัคคี,หนองหงส์,บุรีรัมย์,301.25,2555,สจป.8 นครราชสีมา,องค์การบริหารส่วนตำบลไทยสามัคคี,14.8863247,102.7080113,0,https://drive.google.com/file/d/1ggDM4bK2uLNDRTdb1xsi_D-OdwzFYlsR/view?usp=drive_link,,
1120,องค์การบริหารส่วนตำบล,เมืองฝ้าย,เมืองฝ้าย,หนองหงส์,บุรีรัมย์,"1,868.81",2549,สจป.8 นครราชสีมา,องค์การบริหารส่วนตำบลเมืองฝ้าย,14.85431274,102.7397096,45,,https://drive.google.com/file/d/1Fp68qloU5r9zfNDpOYWqjVWXR5J51roh/view?usp=drive_link,https://drive.google.com/file/d/1Gyg5AD84cFYzjDXC3hwpwtwMHk_v0853/view?usp=drive_link
1121,องค์การบริหารส่วนตำบล,กุยบุรี,กุยบุรี,กุยบุรี,ประจวบคีรีขันธ์,"3,319.83",2554,สจป.10 สาขาเพชรบุรี,องค์การบริหารส่วนตำบลกุยบุรี,12.0499082,99.8682804,20,,,
1122,องค์การบริหารส่วนตำบล,สามกระทาย,สามกระทาย,กุยบุรี,ประจวบคีรีขันธ์,"6,291.80",2548,สจป.10 สาขาเพชรบุรี,องค์การบริหารส่วนตำบลสามกระทาย,12.1558437,99.8449269,20,,https://drive.google.com/file/d/1Yojv0h95IUotXTCRTVUZmBLCHP9adO86/view?usp=drive_link,https://drive.google.com/file/d/1iBjSfzrtVprwS1LTMcj8Nn61zYvK6Psp/view?usp=drive_link
1123,องค์การบริหารส่วนตำบล,นาหูกวาง,นาหูกวาง,ทับสะแก,ประจวบคีรีขันธ์,"29,583.55",2554,สจป.10 สาขาเพชรบุรี,องค์การบริหารส่วนตำบลนาหูกวาง,11.4767701,99.5932787,25,https://drive.google.com/file/d/1tqIK6gLtcxIWLFpEvv7RObIRs4Cjv8oV/view?usp=drive_link,,
1124,องค์การบริหารส่วนตำบล,ชัยเกษม,ชัยเกษม,บางสะพาน,ประจวบคีรีขันธ์,"62,553.44",2554,สจป.10 สาขาเพชรบุรี,องค์การบริหารส่วนตำบลชัยเกษม,11.4011014,99.5162141,25,https://drive.google.com/file/d/1YRw4VlMs6Ujns9FPzrrsGCQCDQ-G_TmC/view?usp=drive_link,,
1125,องค์การบริหารส่วนตำบล,ทองมงคล,ทองมงคล,บางสะพาน,ประจวบคีรีขันธ์,"42,627.24",2549,สจป.10 สาขาเพชรบุรี,องค์การบริหารส่วนตำบลทองมงคล,11.24845,99.32052612,25,,https://drive.google.com/file/d/14tJNsCThDNZc5mTl-D6kB1RCMyNp4j5S/view?usp=drive_link,https://drive.google.com/file/d/1JqBJ579Rf8N__PE8LSuVtt8sLosJSgLb/view?usp=drive_link
1126,องค์การบริหารส่วนตำบล,ธงชัย,ธงชัย,บางสะพาน,ประจวบคีรีขันธ์,"9,702.36",2554,สจป.10 สาขาเพชรบุรี,องค์การบริหารส่วนตำบลธงชัย,11.3711027,99.535984,25,https://drive.google.com/file/d/1GNWJA7Lnw_1zebJ4gOYtVTS8DloShKU-/view?usp=drive_link,,
1127,องค์การบริหารส่วนตำบล,พงศ์ประศาสน์,พงศ์ประศาสน์,บางสะพาน,ประจวบคีรีขันธ์,"21,087.76",2555,สจป.10 สาขาเพชรบุรี,องค์การบริหารส่วนตำบลพงศ์ประศาสน์,11.194978,99.5045709,25,https://drive.google.com/file/d/1kDir01KfSXpT-1vCQhUM31wsZcuQDnn2/view?usp=drive_link,,
1128,องค์การบริหารส่วนตำบล,ร่อนทอง,ร่อนทอง,บางสะพาน,ประจวบคีรีขันธ์,"9,548.73",2548,สจป.10 สาขาเพชรบุรี,องค์การบริหารส่วนตำบลร่อนทอง,11.3003183,99.458418,25,https://drive.google.com/file/d/17if89tULy8KdfbHFT_jhSzcLL0OMpGUt/view?usp=drive_link,,
1129,องค์การบริหารส่วนตำบล,ช้างแรก,ช้างแรก,บางสะพานน้อย,ประจวบคีรีขันธ์,"45,281.12",2555,สจป.10 สาขาเพชรบุรี,องค์การบริหารส่วนตำบลช้างแรก,11.13124474,99.31159973,25,https://drive.google.com/file/d/1U-NUi-wuD-0DrjfyzSEYi9VF6TxfVHUC/view?usp=drive_link,,
1130,องค์การบริหารส่วนตำบล,ไชยราช,ไชยราช,บางสะพานน้อย,ประจวบคีรีขันธ์,"21,282.07",2554,สจป.10 สาขาเพชรบุรี,องค์การบริหารส่วนตำบลไชยราช,10.9823972,99.33731273,20,https://drive.google.com/file/d/1-yIHS1BHTFUIN6m0yWSrs6AytjVCk0tt/view?usp=drive_link,,
1131,องค์การบริหารส่วนตำบล,บางสะพาน,บางสะพาน,บางสะพานน้อย,ประจวบคีรีขันธ์,"12,068.19",2548,สจป.10 สาขาเพชรบุรี,องค์การบริหารส่วนตำบลบางสะพาน,11.09102894,99.45838359,20,,https://drive.google.com/file/d/14BxeTsCcegCxiFoPz2fdIfVg5rrFDQA8/view?usp=drive_link,https://drive.google.com/file/d/1GWE6wr759VLv6jqE-2XZWNsuShMNghbK/view?usp=drive_link
1132,องค์การบริหารส่วนตำบล,ปากแพรก,ปากแพรก,บางสะพานน้อย,ประจวบคีรีขันธ์,"3,295.11",2554,สจป.10 สาขาเพชรบุรี,องค์การบริหารส่วนตำบลปากแพรก,11.0742847,99.4305324,20,https://drive.google.com/file/d/1kiblByosaDxmtCoBq7RwZ1IfI4nnD53H/view?usp=drive_link,,
1133,องค์การบริหารส่วนตำบล,เขาจ้าว,เขาจ้าว,ปราณบุรี,ประจวบคีรีขันธ์,"22,115.36",2554,สจป.10 สาขาเพชรบุรี,องค์การบริหารส่วนตำบลเขาจ้าว,12.3692544,99.6792905,20,https://drive.google.com/file/d/1BQvZzmOBbKrETGVoUq8tsoCu4S4DaHm9/view?usp=drive_link,,
1134,องค์การบริหารส่วนตำบล,ปราณบุรี,ปราณบุรี,ปราณบุรี,ประจวบคีรีขันธ์,43.23,2554,สจป.10 สาขาเพชรบุรี,องค์การบริหารส่วนตำบลปราณบุรี,12.3617861,99.9347011,20,https://drive.google.com/file/d/1qXXBcqJE2pjhiviagaiblAAX8C2mHzB0/view?usp=drive_link,,
1135,องค์การบริหารส่วนตำบล,หนองตาแต้ม,หนองตาแต้ม,ปราณบุรี,ประจวบคีรีขันธ์,"8,541.51",2549,สจป.10 สาขาเพชรบุรี,องค์การบริหารส่วนตำบลหนองตาแต้ม,12.3799103,99.81096268,20,,https://drive.google.com/file/d/1Uo7SsGDM74hYDNgcwktEDRAJMFdu6U8W/view?usp=drive_link,https://drive.google.com/file/d/1XMIvcmUz80yOttytTATzRP2VIOikS0do/view?usp=drive_link
1136,เทศบาลตำบล,หว้ากอ,คลองวาฬ,เมืองประจวบคีรีขันธ์,ประจวบคีรีขันธ์,"7,615.19",2548,สจป.10 สาขาเพชรบุรี,เทศบาลตำบลหว้ากอ,11.7497304,99.7567973,20,,https://drive.google.com/file/d/1QLIh-8i3PLkPxcGCBu8XlA4uFeFV77f3/view?usp=drive_link,https://drive.google.com/file/d/1VuVMEHsArkRaLveO6aO3bWtwusXPTX96/view?usp=drive_link
1137,องค์การบริหารส่วนตำบล,ห้วยทราย,ห้วยทราย,เมืองประจวบคีรีขันธ์,ประจวบคีรีขันธ์,"21,259.09",2548,สจป.10 สาขาเพชรบุรี,องค์การบริหารส่วนตำบลห้วยทราย,11.7073253,99.7085438,20,,https://drive.google.com/file/d/1kZt-9LlYwQ-59OcGpqi-AZcSuVQDRqnR/view?usp=drive_link,https://drive.google.com/file/d/1mu-0ixcsfmBirZiN2XC-wxoDIgLVNuEG/view?usp=drive_link
1138,องค์การบริหารส่วนตำบล,อ่าวน้อย,อ่าวน้อย,เมืองประจวบคีรีขันธ์,ประจวบคีรีขันธ์,"69,506.57",2548,สจป.10 สาขาเพชรบุรี,องค์การบริหารส่วนตำบลอ่าวน้อย,11.9053632,99.796798,25,,https://drive.google.com/file/d/14Dl6xndPYMp5PAkJJ5i3s4bWFfmDUZU-/view?usp=drive_link,
1139,องค์การบริหารส่วนตำบล,ไร่เก่า,ไร่เก่า,สามร้อยยอด,ประจวบคีรีขันธ์,669.36,2555,สจป.10 สาขาเพชรบุรี,องค์การบริหารส่วนตำบลไร่เก่า,12.234363,99.8528784,20,https://drive.google.com/file/d/1XrlZUTa1rykThaRnsm96lSJJHvgC44Fe/view?usp=drive_link,,
1140,องค์การบริหารส่วนตำบล,ไร่ใหม่,ไร่ใหม่,สามร้อยยอด,ประจวบคีรีขันธ์,"1,804.88",2548,สจป.10 สาขาเพชรบุรี,องค์การบริหารส่วนตำบลไร่ใหม่,12.20953256,99.81890604,20,,https://drive.google.com/file/d/1oD9yPDSC05-U088jjkFGa5mHwD0EqXFU/view?usp=drive_link,https://drive.google.com/file/d/1O2lHImN38EXAyj_QGp3_ElPtPT0-Tb9W/view?usp=drive_link
1141,เทศบาลตำบล,ศาลาลัย,ศาลาลัย,สามร้อยยอด,ประจวบคีรีขันธ์,"1,964.59",2548,สจป.10 สาขาเพชรบุรี,เทศบาลตำบลศาลาลัย,12.2534546,99.870942,20,,https://drive.google.com/file/d/1TGotS8qjQ3cgFC9kbDdL1YIbJmi7_fqW/view?usp=drive_link,https://drive.google.com/file/d/1hJ0C7_JAPXxe0F_tT5RXGpgHEPbdjW3D/view?usp=drive_link
1142,องค์การบริหารส่วนตำบล,ศิลาลอย,ศิลาลอย,สามร้อยยอด,ประจวบคีรีขันธ์,"19,592.22",2548,สจป.10 สาขาเพชรบุรี,องค์การบริหารส่วนตำบลศิลาลอย,12.2864164,99.8761156,20,,https://drive.google.com/file/d/17Ig-acJJjrZJ5SQIQoGIaP82OiC0mFlM/view?usp=drive_link,https://drive.google.com/file/d/134IxTIaa1Kl4WHHR-Ux1KCr0DDFIgAYW/view?usp=drive_link
1143,องค์การบริหารส่วนตำบล,ย่านรี,ย่านรี,กบินทร์บุรี,ปราจีนบุรี,"1,793.26",2548,สจป.9 สาขาปราจีนบุรี,องค์การบริหารส่วนตำบลย่านรี,13.9447054,101.736742,20,,,https://drive.google.com/file/d/1ht6k0Dk3OXI2kXjEO1wkZ-62r45XFi8E/view?usp=drive_link
1144,องค์การบริหารส่วนตำบล,วังตะเคียน,วังตะเคียน,กบินทร์บุรี,ปราจีนบุรี,"6,480.35",2554,สจป.9 สาขาปราจีนบุรี,องค์การบริหารส่วนตำบลวังตะเคียน,13.8468522,101.866061,25,,,
1145,องค์การบริหารส่วนตำบล,วังท่าช้าง,วังท่าช้าง,กบินทร์บุรี,ปราจีนบุรี,"3,755.27",2554,สจป.9 สาขาปราจีนบุรี,องค์การบริหารส่วนตำบลวังท่าช้าง,13.75941737,101.8876289,25,,,
1146,องค์การบริหารส่วนตำบล,แก่งดินสอ,แก่งดินสอ,นาดี,ปราจีนบุรี,"22,395.28",2550,สจป.9 สาขาปราจีนบุรี,องค์การบริหารส่วนตำบลแก่งดินสอ,14.06598448,101.9280624,25,,,
1147,องค์การบริหารส่วนตำบล,ทุ่งโพธิ์,ทุ่งโพธิ์,นาดี,ปราจีนบุรี,"5,933.41",2554,สจป.9 สาขาปราจีนบุรี,องค์การบริหารส่วนตำบลทุ่งโพธิ์,14.1282645,101.8641276,25,,,
1148,องค์การบริหารส่วนตำบล,นาดี,นาดี,นาดี,ปราจีนบุรี,"2,840.39",2550,สจป.9 สาขาปราจีนบุรี,องค์การบริหารส่วนตำบลนาดี,14.1346147,101.7906216,25,,,https://drive.google.com/file/d/1kA-TNRPNsI88VSSqAoANMHIotlVaHmAT/view?usp=drive_link
1149,องค์การบริหารส่วนตำบล,ดงขี้เหล็ก,ดงขี้เหล็ก,เมืองปราจีนบุรี,ปราจีนบุรี,"1,310.75",2550,สจป.9 สาขาปราจีนบุรี,องค์การบริหารส่วนตำบลดงขี้เหล็ก,14.128654,101.4307557,20,,,https://drive.google.com/file/d/15C2Mx4_Dw0sYCvPxel-lL1ZS0I0a2coa/view?usp=drive_link
1150,องค์การบริหารส่วนตำบล,เนินหอม,เนินหอม,เมืองปราจีนบุรี,ปราจีนบุรี,"8,669.75",2550,สจป.9 สาขาปราจีนบุรี,องค์การบริหารส่วนตำบลเนินหอม,14.1652954,101.3649237,25,,,https://drive.google.com/file/d/1qP_X5_xOx8BvdQdR15nXDh5uhGGhUU7N/view?usp=drive_link
1151,องค์การบริหารส่วนตำบล,บ้านพระ,บ้านพระ,เมืองปราจีนบุรี,ปราจีนบุรี,"2,032.23",2548,สจป.9 สาขาปราจีนบุรี,องค์การบริหารส่วนตำบลบ้านพระ,14.1124327,101.3691288,25,,,https://drive.google.com/file/d/1ZIuZ-eU1jQNgb6-LnsZmw3efOpof0Xms/view?usp=drive_link
1152,องค์การบริหารส่วนตำบล,ทรายขาว,ทรายขาว,โคกโพธิ์,ปัตตานี,"2,797.46",2555,สจป.13 สงขลา,องค์การบริหารส่วนตำบลทรายขาว,6.6731002,101.1066841,0,https://drive.google.com/file/d/1iDhzXuzIBLeJE-Yp3wFloTYz2RNr9tIg/view?usp=drive_link,,
1153,เทศบาลตำบล,นาประดู่เหนือ,นาประดู่,โคกโพธิ์,ปัตตานี,"2,009.63",2555,สจป.13 สงขลา,เทศบาลตำบลนาประดู่เหนือ,6.6808668,101.144866,0,https://drive.google.com/file/d/1kP6VjyGStOlLC9w9ZwjAnq61iFnEmmS2/view?usp=drive_link,,
1154,องค์การบริหารส่วนตำบล,ปากล่อ,ปากล่อ,โคกโพธิ์,ปัตตานี,"1,374.97",2555,สจป.13 สงขลา,องค์การบริหารส่วนตำบลปากล่อ,6.6209691,101.1898919,0,https://drive.google.com/file/d/13sTdlfq35XhY32Y9R1DqvuugNX9cwqZN/view?usp=drive_link,,
1155,องค์การบริหารส่วนตำบล,ตะโละแมะนา,ตะโละแมะนา,ทุ่งยางแดง,ปัตตานี,481.59,2550,สจป.13 สงขลา,องค์การบริหารส่วนตำบลตะโละแมะนา,6.5892053,101.3939234,0,,https://drive.google.com/file/d/1z8i_-eVfLoI8x0ZPd4ewjtu64KnkMqNS/view?usp=drive_link,https://drive.google.com/file/d/1nSwaqWzj08bl_WRFs8UyQR_MznDgYIgN/view?usp=drive_link
1156,องค์การบริหารส่วนตำบล,พิเทน,พิเทน,ทุ่งยางแดง,ปัตตานี,"11,292.54",2555,สจป.13 สงขลา,องค์การบริหารส่วนตำบลพิเทน,6.656359489,101.4520374,0,https://drive.google.com/file/d/1j987k64FTa02ffz1s2ZYTfYA-9MqivP6/view?usp=drive_link,,
1157,องค์การบริหารส่วนตำบล,ถนน,ถนน,มายอ,ปัตตานี,7.47,2555,สจป.13 สงขลา,องค์การบริหารส่วนตำบลถนน,6.7467676,101.4203755,0,https://drive.google.com/file/d/1TZXLh82w_L--6k_4nvGVt0_OE3_ic3rk/view?usp=drive_link,,
1158,เทศบาลตำบล,มายอ,มายอ,มายอ,ปัตตานี,28.24,2555,สจป.13 สงขลา,เทศบาลตำบลมายอ,6.718557617,101.4147252,0,https://drive.google.com/file/d/1JOgAxREfLDF-J3W5qmWI8MngYwNznYIn/view?usp=drive_link,,
1159,เทศบาลตำบล,ลางา,ลางา,มายอ,ปัตตานี,"1,727.89",2555,สจป.13 สงขลา,เทศบาลตำบลลางา,6.7508717,101.4609673,0,https://drive.google.com/file/d/1YBeJTxbrNPZ0FtSnGweh6bxz6cAC88jC/view?usp=drive_link,,
1160,องค์การบริหารส่วนตำบล,ลุโบะยิไร,ลุโบะยิไร,มายอ,ปัตตานี,"7,100.96",2555,สจป.13 สงขลา,องค์การบริหารส่วนตำบลลุโบะยิไร,6.6601678,101.4124914,0,https://drive.google.com/file/d/1enxhmmCFcxEmNTSPwkebIhyjgXMSTg31/view?usp=drive_link,,
1161,องค์การบริหารส่วนตำบล,สะกำ,สะกำ,มายอ,ปัตตานี,"2,520.15",2555,สจป.13 สงขลา,องค์การบริหารส่วนตำบลสะกำ,6.7457981,101.4444345,0,https://drive.google.com/file/d/1Rv9nbMOUFx8v2tk64Rzv12ZJyR067IAI/view?usp=drive_link,,
1162,องค์การบริหารส่วนตำบล,ดอนทราย,ดอนทราย,ไม้แก่น,ปัตตานี,"1,491.10",2555,สจป.13 สงขลา,องค์การบริหารส่วนตำบลดอนทราย,6.7457981,101.13,0,https://drive.google.com/file/d/1RkM7v-0eehjQoo7zotNP3FRKQYCFuWyz/view?usp=drive_link,,
1163,องค์การบริหารส่วนตำบล,ไทรทอง,ไทรทอง,ไม้แก่น,ปัตตานี,852.72,2555,สจป.13 สงขลา,องค์การบริหารส่วนตำบลไทรทอง,6.6110776,101.6950352,5,https://drive.google.com/file/d/1VAmzscm_6b7phW2j_bkMjjXFl-FT94bK/view?usp=drive_link,,
1164,องค์การบริหารส่วนตำบล,กอลำ,กอลำ,ยะรัง,ปัตตานี,266.08,2555,สจป.13 สงขลา,องค์การบริหารส่วนตำบลกอลำ,6.6802704,101.3211226,0,https://drive.google.com/file/d/1acTlRnTAeWzk-PbWEuVpAVuy-J4vrYRJ/view?usp=drive_link,,
1165,องค์การบริหารส่วนตำบล,เขาตูม,เขาตูม,ยะรัง,ปัตตานี,"7,850.98",2550,สจป.13 สงขลา,องค์การบริหารส่วนตำบลเขาตูม,6.6190931,101.3060157,0,,https://drive.google.com/file/d/1yeFYwP8SWmWb5QsqtfBVRPgkqdHQdU7n/view?usp=drive_link,https://drive.google.com/file/d/1L_jEwIWH_HPS5atHq3-4OxLrLbeqrS6l/view?usp=drive_link
1166,เทศบาลตำบล,เตราะบอน,เตราะบอน,สายบุรี,ปัตตานี,"2,444.64",2550,สจป.13 สงขลา,เทศบาลตำบลเตราะบอน,6.6945969,101.5466577,0,,https://drive.google.com/file/d/1A4ObWd8XFAepCNEWp4aK-iUZ4CIeMHMu/view?usp=drive_link,https://drive.google.com/file/d/12dOzdd5l3Rpy9T2njt8Zab58QR_kH6kb/view?usp=drive_link
1167,องค์การบริหารส่วนตำบล,ท่ากำชำ,ท่ากำชำ,หนองจิก,ปัตตานี,"4,155.56",2555,สจป.13 สงขลา,องค์การบริหารส่วนตำบลท่ากำชำ,6.814025,101.059163,50,https://drive.google.com/file/d/13ApvPaGho0F4_olxLkfEr7bGka7zXBwt/view?usp=drive_link,,
1168,องค์การบริหารส่วนตำบล,บางเขา,บางเขา,หนองจิก,ปัตตานี,"1,983.72",2555,สจป.13 สงขลา,องค์การบริหารส่วนตำบลบางเขา,6.836140177,101.1690396,45,https://drive.google.com/file/d/1iU3MyDO5zAAIht22UFRN9irlEFFGaV8k/view?usp=drive_link,,
1169,เทศบาลตำบล,ทุ่งรวงทอง,ทุ่งรวงทอง,จุน,พะเยา,"2,142.63",2555,สจป.2 เชียงราย,เทศบาลตำบลทุ่งรวงทอง,19.449291,100.173826,50,https://drive.google.com/file/d/1TQm1hzT-x92F6SY4RuANlx4lXb2GCXkb/view?usp=drive_link,,
1170,องค์การบริหารส่วนตำบล,พระธาตุขิงแกง,พระธาตุขิงแกง,จุน,พะเยา,"13,116.92",2549,สจป.2 เชียงราย,องค์การบริหารส่วนตำบลพระธาตุขิงแกง,19.2875702,100.2005482,50,,https://drive.google.com/file/d/1GSYlBtq3XNi--MvRJyT6vPvbNLxtYYgf/view?usp=drive_link,https://drive.google.com/file/d/12uEiqdylJp-eZXdUQM7lOkvD7lbkbqRR/view?usp=drive_link
1171,เทศบาลตำบล,เวียงลอ,ลอ,จุน,พะเยา,"2,280.13",2554,สจป.2 เชียงราย,เทศบาลตำบลเวียงลอ,19.4389383,100.1139439,50,https://drive.google.com/file/d/13H2U0NeCbicXZ3GpZZ6rrWFDA-u2c2TE/view?usp=drive_link,,
1172,เทศบาลตำบล,หงส์หิน,หงส์หิน,จุน,พะเยา,"10,105.69",2554,สจป.2 เชียงราย,เทศบาลตำบลหงส์หิน,19.52976554,100.1019287,50,https://drive.google.com/file/d/1aDwqo13wgqiU6uMUl2Pozwmokfv2tTbI/view?usp=drive_link,,
1173,องค์การบริหารส่วนตำบล,ห้วยยางขาม,ห้วยยางขาม,จุน,พะเยา,"1,922.67",2554,สจป.2 เชียงราย,องค์การบริหารส่วนตำบลห้วยยางขาม,19.3564672,100.1461557,50,https://drive.google.com/file/d/1VoP6ed6fLOxVafqQTb8EZgeBuTvZbdj4/view?usp=drive_link,,
1174,องค์การบริหารส่วนตำบล,ทุ่งผาสุข,ทุ่งผาสุข,เชียงคำ,พะเยา,"3,300.81",2548,สจป.2 เชียงราย,องค์การบริหารส่วนตำบลทุ่งผาสุข,19.46910086,100.313201,50,,https://drive.google.com/file/d/1tmgiHu1Qx7Wm5QDgsDVuFnIa5_1XAr1a/view?usp=drive_link,https://drive.google.com/file/d/1GUr9K7Lqg_Fi7ZbuMNveBcAJKaNiHKNy/view?usp=drive_link
1175,องค์การบริหารส่วนตำบล,น้ำแวน,น้ำแวน,เชียงคำ,พะเยา,"5,842.53",2548,สจป.2 เชียงราย,องค์การบริหารส่วนตำบลน้ำแวน,19.48423782,100.2460029,50,,https://drive.google.com/file/d/1LIkko4feMWiNfi0dX_hZ0RIiZfdBxmHX/view?usp=drive_link,https://drive.google.com/file/d/1seLU3RShxi9pR34Nx62OZHeMEs6PBM_o/view?usp=drive_link
1176,เทศบาลตำบล,ฝายกวาง,ฝายกวาง,เชียงคำ,พะเยา,"26,085.05",2554,สจป.2 เชียงราย,เทศบาลตำบลฝายกวาง,19.4658697,100.33195,55,https://drive.google.com/file/d/1hCNgJ54dbnOuxGHjPRDtw3wzj6UKejFc/view?usp=drive_link,,
1177,องค์การบริหารส่วนตำบล,แม่ลาว,แม่ลาว,เชียงคำ,พะเยา,"32,124.25",2548,สจป.2 เชียงราย,องค์การบริหารส่วนตำบลแม่ลาว,19.41770662,100.4421616,55,,https://drive.google.com/file/d/1_mP1qSJ-jCl5B0d4QFFZ0y0kpWP8KQMG/view?usp=drive_link,https://drive.google.com/file/d/1kZ4c9qFJujSD0211XB4O4NTT7aKFNu7a/view?usp=drive_link
1178,องค์การบริหารส่วนตำบล,ร่มเย็น,ร่มเย็น,เชียงคำ,พะเยา,"23,258.50",2548,สจป.2 เชียงราย,องค์การบริหารส่วนตำบลร่มเย็น,19.53086493,100.3677635,50,,https://drive.google.com/file/d/1W1ik0xN5SVzCYTcKcJ-F2jQa3vt1203l/view?usp=drive_link,
1179,องค์การบริหารส่วนตำบล,อ่างทอง,อ่างทอง,เชียงคำ,พะเยา,"12,653.72",2554,สจป.2 เชียงราย,องค์การบริหารส่วนตำบลอ่างทอง,19.5224795,100.1938621,50,https://drive.google.com/file/d/1Fc_xtob_Vch5TIUB36T8jqzqRukQppAY/view?usp=drive_link,,
1180,เทศบาลตำบล,เชียงม่วน,เชียงม่วน,เชียงม่วน,พะเยา,"29,480.04",2555,สจป.2 เชียงราย,เทศบาลตำบลเชียงม่วน,18.8936132,100.2878232,55,https://drive.google.com/file/d/1E1iJba-Mk_o4II9TqPmPAwsg94t_DKPS/view?usp=drive_link,,
1181,องค์การบริหารส่วนตำบล,บ้านมาง,บ้านมาง,เชียงม่วน,พะเยา,"12,683.07",2555,สจป.2 เชียงราย,องค์การบริหารส่วนตำบลบ้านมาง,18.8960065,100.2835661,50,https://drive.google.com/file/d/1Zc4JZNN3oBVW4oQaG2q18KUwpuHSPw5N/view?usp=drive_link,,
1182,องค์การบริหารส่วนตำบล,สระ,สระ,เชียงม่วน,พะเยา,"47,607.10",2555,สจป.2 เชียงราย,องค์การบริหารส่วนตำบลสระ,18.9265105,100.2234861,55,https://drive.google.com/file/d/1mTEcROgNck0kF2n88ze0VJNFC41h5kmo/view?usp=drive_link,,
1183,องค์การบริหารส่วนตำบล,ดงสุวรรณ,ดงสุวรรณ,ดอกคำใต้,พะเยา,"4,065.71",2548,สจป.2 เชียงราย,องค์การบริหารส่วนตำบลดงสุวรรณ,19.241426,100.0508924,50,,https://drive.google.com/file/d/19hdMplU-xhfpx-fKuS0kHBrKFyTuw17P/view?usp=drive_link,https://drive.google.com/file/d/1TUv8CXRBOdLs-oMSSC7pOF_9-qP2gBpz/view?usp=drive_link
1184,องค์การบริหารส่วนตำบล,บ้านปิน,บ้านปิน,ดอกคำใต้,พะเยา,"15,928.06",2555,สจป.2 เชียงราย,องค์การบริหารส่วนตำบลบ้านปิน,19.0312207,100.0430147,50,https://drive.google.com/file/d/1jm5kmQDWYwrFtR3zbSoggntV53OQEPpG/view?usp=drive_link,,
1185,องค์การบริหารส่วนตำบล,ป่าซาง,ป่าซาง,ดอกคำใต้,พะเยา,"2,922.66",2554,สจป.2 เชียงราย,องค์การบริหารส่วนตำบลป่าซาง,19.33154435,100.0345516,50,https://drive.google.com/file/d/1B_pZVkPUqWk_itVyfi16Z0vwr8sMcicc/view?usp=drive_link,,
1186,องค์การบริหารส่วนตำบล,สันโค้ง,สันโค้ง,ดอกคำใต้,พะเยา,"3,528.68",2548,สจป.2 เชียงราย,องค์การบริหารส่วนตำบลสันโค้ง,19.201806,100.042211,50,,https://drive.google.com/file/d/1I2PH5XAFL1O0ri7rwLp-i79qiiMkpZmB/view?usp=drive_link,https://drive.google.com/file/d/1lBS-dfPg2fzpXI_tTG2mZKhcZlZ6lRCq/view?usp=drive_link
1187,เทศบาลตำบล,ห้วยลาน,ห้วยลาน,ดอกคำใต้,พะเยา,"7,533.42",2548,สจป.2 เชียงราย,เทศบาลตำบลห้วยลาน,19.3596687,100.0478232,50,,https://drive.google.com/file/d/1Q61YJTuNttIiLe3HPMtDSSlMvsJkfgw5/view?usp=drive_link,https://drive.google.com/file/d/1jjTOVBXnjtxSWh4TSKcfuR-uA6nzTfIE/view?usp=drive_link
1188,องค์การบริหารส่วนตำบล,ขุนควร,ขุนควร,ปง,พะเยา,"60,432.07",2550,สจป.2 เชียงราย,องค์การบริหารส่วนตำบลขุนควร,19.1489116,100.3825891,60,,https://drive.google.com/file/d/1lOHmBTPXSqOat_1kdpwdKe5rM3LI9T1X/view?usp=drive_link,https://drive.google.com/file/d/1qQ_RXSRCIp8-CREP0HZ5o_hdFf-U2m17/view?usp=drive_link
1189,องค์การบริหารส่วนตำบล,นาปรัง,นาปรัง,ปง,พะเยา,"25,817.46",2555,สจป.2 เชียงราย,องค์การบริหารส่วนตำบลนาปรัง,19.18450925,100.2802742,50,https://drive.google.com/file/d/1D0v5ghsnB_qcJiv-Lsq_Emc4-x1ydL8T/view?usp=drive_link,,
1190,เทศบาลตำบล,แม่ยม,ปง,ปง,พะเยา,"32,151.98",2554,สจป.2 เชียงราย,เทศบาลตำบลแม่ยม,19.14319324,100.2910993,55,https://drive.google.com/file/d/1wuinox7MSVdyfIBIWfBIHa-9Mttq709P/view?usp=drive_link,,
1191,องค์การบริหารส่วนตำบล,ผาช้างน้อย,ผาช้างน้อย,ปง,พะเยา,"61,380.97",2554,สจป.2 เชียงราย,องค์การบริหารส่วนตำบลผาช้างน้อย,19.3688582,100.4120435,60,https://drive.google.com/file/d/1A7ebip1GcqFRaeVG0SqfUfGDsUeWxGMC/view?usp=drive_link,,
1192,องค์การบริหารส่วนตำบล,ดงเจน,ดงเจน,ภูกามยาว,พะเยา,"4,901.46",2554,สจป.2 เชียงราย,องค์การบริหารส่วนตำบลดงเจน,19.2663779,99.9700781,50,https://drive.google.com/file/d/1HfT8EnxFHV9QHdIwlSwVDGgZjwjOfo9-/view?usp=drive_link,,
1193,องค์การบริหารส่วนตำบล,ห้วยแก้ว,ห้วยแก้ว,ภูกามยาว,พะเยา,"15,776.73",2554,สจป.2 เชียงราย,องค์การบริหารส่วนตำบลห้วยแก้ว,19.3100135,100.0028901,50,https://drive.google.com/file/d/1wbj4qYP1YABuhmbgufAxtVmexybpqseO/view?usp=drive_link,,
1194,องค์การบริหารส่วนตำบล,เชียงแรง,เชียงแรง,ภูซาง,พะเยา,"4,408.56",2554,สจป.2 เชียงราย,องค์การบริหารส่วนตำบลเชียงแรง,19.6000391,100.294166,50,https://drive.google.com/file/d/1n4l98Nr8M019MhOm3q1YhYEJ-VycDZCg/view?usp=drive_link,,
1195,องค์การบริหารส่วนตำบล,ทุ่งกล้วย,ทุ่งกล้วย,ภูซาง,พะเยา,"1,178.79",2548,สจป.2 เชียงราย,องค์การบริหารส่วนตำบลทุ่งกล้วย,19.59284548,100.382359,50,,https://drive.google.com/file/d/1YaP04cNmcIiAx-4pJf1_VjTpK8LUMKEw/view?usp=drive_link,https://drive.google.com/file/d/1xDWjgQCxmUPORizPyxqLqUriUkcoHbxn/view?usp=drive_link
1196,องค์การบริหารส่วนตำบล,ป่าสัก,ป่าสัก,ภูซาง,พะเยา,0,2550,สจป.2 เชียงราย,องค์การบริหารส่วนตำบลป่าสัก,19.6142998,100.3401186,0,,https://drive.google.com/file/d/1SIKH1rkBkujBCJOGbRuc4uVtbzaNsv4Y/view?usp=drive_link,https://drive.google.com/file/d/1BidsOlqKBuKDtJ6qGSEtmvKG3O-npPD8/view?usp=drive_link
1197,องค์การบริหารส่วนตำบล,ภูซาง,ภูซาง,ภูซาง,พะเยา,"10,908.09",2554,สจป.2 เชียงราย,องค์การบริหารส่วนตำบลภูซาง,19.64172851,100.3542454,50,https://drive.google.com/file/d/1TkqWjLDmGfZAdX-59ec7Q3y0AlgwNxf9/view?usp=drive_link,,
1198,เทศบาลตำบล,ท่าวังทอง,ท่าวังทอง,เมืองพะเยา,พะเยา,"3,447.61",2548,สจป.2 เชียงราย,เทศบาลตำบลท่าวังทอง,19.19330447,99.93252039,50,,https://drive.google.com/file/d/1IGNwYM4bglBGjrMlLrZ8VFjL8SmV9gvO/view?usp=drive_link,https://drive.google.com/file/d/1MsqGm-iGs-CHbmDar6Q8V0cC62YP9imD/view?usp=drive_link
1199,เทศบาลตำบล,บ้านต๋อม,บ้านต๋อม,เมืองพะเยา,พะเยา,"4,868.74",2550,สจป.2 เชียงราย,เทศบาลตำบลบ้านต๋อม,19.1960992,99.8377692,50,,https://drive.google.com/file/d/1jrjUp0BhFYSUCPBSBeOi-kPGe66hz1nd/view?usp=drive_link,https://drive.google.com/file/d/1dr8wCZvr27gq7qUbGLRsbRgiermEGN87/view?usp=drive_link
1200,เทศบาลตำบล,บ้านต๊ำ,บ้านต๊ำ,เมืองพะเยา,พะเยา,"10,597.88",2548,สจป.2 เชียงราย,เทศบาลตำบลบ้านต๊ำ,19.2169949,99.815449,50,,https://drive.google.com/file/d/1dmtLoANhOlfWNllpsMhEzlTBFpIi5Kql/view?usp=drive_link,
1201,เทศบาลตำบล,บ้านใหม่,บ้านใหม่,เมืองพะเยา,พะเยา,"5,055.94",2554,สจป.2 เชียงราย,เทศบาลตำบลบ้านใหม่,19.2766872,99.8171568,50,https://drive.google.com/file/d/1eXthTVhoxQ3lcI0A62DyVw5G8LXaOoHV/view?usp=drive_link,,
1202,เทศบาลตำบล,แม่กา,แม่กา,เมืองพะเยา,พะเยา,"45,928.56",2548,สจป.2 เชียงราย,เทศบาลตำบลแม่กา,19.077731,99.92712,60,,https://drive.google.com/file/d/1nefFr1Eohh-VAkyLNAwrSYY4qBDGC5e3/view?usp=drive_link,https://drive.google.com/file/d/1nwTT135v-0W6hkh7cRObnhrb9sdDWjLo/view?usp=drive_link
1203,องค์การบริหารส่วนตำบล,แม่นาเรือ,แม่นาเรือ,เมืองพะเยา,พะเยา,"9,399.97",2550,สจป.2 เชียงราย,องค์การบริหารส่วนตำบลแม่นาเรือ,19.10948762,99.85565901,50,,https://drive.google.com/file/d/1y0bzEnx5XDU4B8prgk44YWUxBGtHaxB5/view?usp=drive_link,https://drive.google.com/file/d/1IA7WsV85CnXXEdUsp9fauoryT_oAbOo3/view?usp=drive_link
1204,เทศบาลตำบล,แม่ปืม,แม่ปืม,เมืองพะเยา,พะเยา,"14,070.60",2549,สจป.2 เชียงราย,เทศบาลตำบลแม่ปืม,19.2936767,99.8529343,50,,https://drive.google.com/file/d/1w05M-Uqqo_WCMNkS3b60OfHuTqNjr5VW/view?usp=drive_link,https://drive.google.com/file/d/1EH3kCx-OyXYLWBMQ1uo_tD-Y1agnDxDO/view?usp=drive_link
1205,เทศบาลตำบล,สันป่าม่วง,สันป่าม่วง,เมืองพะเยา,พะเยา,"3,333.67",2548,สจป.2 เชียงราย,เทศบาลตำบลสันป่าม่วง,19.17729118,99.83460514,50,,https://drive.google.com/file/d/1GqErrmaTaWynLoWaYksZbD-hr-zppsof/view?usp=drive_link,https://drive.google.com/file/d/1u1fIm31Xk9HAe-A3z6HRlNkon5J2fI0_/view?usp=drive_link
1206,เทศบาลตำบล,เจริญราษฎร์,เจริญราษฎร์,แม่ใจ,พะเยา,974.29,2554,สจป.2 เชียงราย,เทศบาลตำบลเจริญราษฎร์,19.3903472,99.7781541,50,https://drive.google.com/file/d/1EXggKiM_49py0Mw3amYD6JviQe-VmQC7/view?usp=drive_link,,
1207,เทศบาลตำบล,บ้านเหล่า,บ้านเหล่า,แม่ใจ,พะเยา,"17,249.32",2548,สจป.2 เชียงราย,เทศบาลตำบลบ้านเหล่า,19.3630634,99.8392538,50,,https://drive.google.com/file/d/1XHCpw6kk2J7amHTHcLIYB4UkG-e9-mvI/view?usp=drive_link,https://drive.google.com/file/d/1joufBTumQH6vT39J7gdaaHpuiRw8c5-V/view?usp=drive_link
1208,เทศบาลตำบล,ป่าแฝก,ป่าแฝก,แม่ใจ,พะเยา,"3,006.65",2548,สจป.2 เชียงราย,เทศบาลตำบลป่าแฝก,19.4217193,99.7670987,50,,https://drive.google.com/file/d/1DOAiFVxtu0MEa9av8oqZg0yOoyHl-u5-/view?usp=drive_link,https://drive.google.com/file/d/13FDfVvMKk8IcHh1acM-jMzRKRIbYoRii/view?usp=drive_link
1209,องค์การบริหารส่วนตำบล,แม่สุก,แม่สุก,แม่ใจ,พะเยา,"1,722.26",2554,สจป.2 เชียงราย,องค์การบริหารส่วนตำบลแม่สุก,19.3215772,99.7952653,50,https://drive.google.com/file/d/1_D9Tkgjs-zOrPj2V3TSNVbpY8ccLMAgr/view?usp=drive_link,,
1210,เทศบาลตำบล,ศรีถ้อย,ศรีถ้อย,แม่ใจ,พะเยา,543.4,2548,สจป.2 เชียงราย,เทศบาลตำบลศรีถ้อย,19.3701542,99.7936393,45,,https://drive.google.com/file/d/1fGhzoLNATvV9ezyPt-tSZQTl4HOYip4Q/view?usp=drive_link,https://drive.google.com/file/d/11KL_xg0NoiEVDO7nOPvTIDeGR3qYEWa-/view?usp=drive_link
1211,องค์การบริหารส่วนตำบล,ท่านา,ท่านา,กะปง,พังงา,"8,502.09",2555,สจป.12 สาขากระบี่,องค์การบริหารส่วนตำบลท่านา,8.697768235,98.40943605,0,https://drive.google.com/file/d/1pAUILo6-YhOobSL4RomhjIpVTkzqRGfI/view?usp=drive_link,,
1212,องค์การบริหารส่วนตำบล,รมณีย์,รมณีย์,กะปง,พังงา,"42,318.00",2555,สจป.12 สาขากระบี่,องค์การบริหารส่วนตำบลรมณีย์,8.8376985,98.4618993,5,https://drive.google.com/file/d/1blAK-DwkBDf1QeM_OA9IK_VZU9I05Fcx/view?usp=drive_link,,
1213,องค์การบริหารส่วนตำบล,เหมาะ,เหมาะ,กะปง,พังงา,"45,442.07",2555,สจป.12 สาขากระบี่,องค์การบริหารส่วนตำบลเหมาะ,8.729310171,98.38617057,5,https://drive.google.com/file/d/1lVmrINhacCDh0tc2Q5GvyKOlePPjCxO4/view?usp=drive_link,,
1214,องค์การบริหารส่วนตำบล,เหล,เหล,กะปง,พังงา,"19,306.42",2555,สจป.12 สาขากระบี่,องค์การบริหารส่วนตำบลเหล,8.7801459,98.4311895,0,https://drive.google.com/file/d/1q94YdbX8XYZ4eoXrsu8lQEzlg2WaZeti/view?usp=drive_link,,
1215,องค์การบริหารส่วนตำบล,เกาะยาวน้อย,เกาะยาวน้อย,เกาะยาว,พังงา,"8,317.67",2555,สจป.12 สาขากระบี่,องค์การบริหารส่วนตำบลเกาะยาวน้อย,8.130567,98.601758,0,https://drive.google.com/file/d/1dCaosm0JtWI4R12J1rsDmZmB2I2NTYv8/view?usp=drive_link,,
1216,เทศบาลตำบล,เกาะยาวใหญ่,เกาะยาวใหญ่,เกาะยาว,พังงา,"8,820.75",2555,สจป.12 สาขากระบี่,เทศบาลตำบลเกาะยาวใหญ่,8.0693762,98.5854855,0,https://drive.google.com/file/d/11l5NhH7JgjMh2nur4atNvGKhtvmgSMLA/view?usp=drive_link,,
1217,เทศบาลตำบล,พรุใน,พรุใน,เกาะยาว,พังงา,"10,497.72",2555,สจป.12 สาขากระบี่,เทศบาลตำบลพรุใน,7.9554744,98.5897947,0,https://drive.google.com/file/d/1FiHDGiChwnQpoGVLq7DrmOci4_G6yNSy/view?usp=drive_link,,
1218,องค์การบริหารส่วนตำบล,เกาะพระทอง,เกาะพระทอง,คุระบุรี,พังงา,"30,871.17",2555,สจป.12 สาขากระบี่,องค์การบริหารส่วนตำบลเกาะพระทอง,9.149497924,98.29577878,5,https://drive.google.com/file/d/1R8Stpwd7pyIgThkLd-ch7agK2HzMxRZW/view?usp=drive_link,,
1219,องค์การบริหารส่วนตำบล,คุระ,คุระ,คุระบุรี,พังงา,"19,519.56",2555,สจป.12 สาขากระบี่,องค์การบริหารส่วนตำบลคุระ,9.196922,98.412659,5,https://drive.google.com/file/d/11UM4ErE46D0nDIvvaswWj3GtCD7kmCPu/view?usp=drive_link,,
1220,องค์การบริหารส่วนตำบล,บางวัน,บางวัน,คุระบุรี,พังงา,"58,672.25",2550,สจป.12 สาขากระบี่,องค์การบริหารส่วนตำบลบางวัน,9.085697255,98.44289929,5,,https://drive.google.com/file/d/1BbGTniwS6PqVtU8bbyM17XHKaDcUi5Xw/view?usp=drive_link,
1221,องค์การบริหารส่วนตำบล,แม่นางขาว,แม่นางขาว,คุระบุรี,พังงา,"29,043.50",2555,สจป.12 สาขากระบี่,องค์การบริหารส่วนตำบลแม่นางขาว,9.1764767,98.4146353,0,https://drive.google.com/file/d/1XW9RriBcOAb-5_kqcgog1CEX1zUwCQXz/view?usp=drive_link,,
1222,องค์การบริหารส่วนตำบล,กะไหล,กะไหล,ตะกั่วทุ่ง,พังงา,"4,909.80",2554,สจป.12 สาขากระบี่,องค์การบริหารส่วนตำบลกะไหล,8.3227601,98.41508746,0,https://drive.google.com/file/d/1sh8Dc8QZRh5vTfaUxBhltMZodRoYolh5/view?usp=drive_link,,
1223,องค์การบริหารส่วนตำบล,คลองเคียน,คลองเคียน,ตะกั่วทุ่ง,พังงา,"10,225.42",2554,สจป.12 สาขากระบี่,องค์การบริหารส่วนตำบลคลองเคียน,8.183707,98.43951,5,https://drive.google.com/file/d/1DDuUbyglJ67BqHqEcm4ElHPY8rih26lb/view?usp=drive_link,,
1224,องค์การบริหารส่วนตำบล,ท่าอยู่,ท่าอยู่,ตะกั่วทุ่ง,พังงา,"4,463.84",2555,สจป.12 สาขากระบี่,องค์การบริหารส่วนตำบลท่าอยู่,8.281935,98.369734,5,https://drive.google.com/file/d/1pQpjTjAE_WAHm4s7tVbWShZJP7zJF_9h/view?usp=drive_link,,
1225,องค์การบริหารส่วนตำบล,หล่อยูง,หล่อยูง,ตะกั่วทุ่ง,พังงา,"5,094.00",2554,สจป.12 สาขากระบี่,องค์การบริหารส่วนตำบลหล่อยูง,8.2721868,98.3450812,0,https://drive.google.com/file/d/1jv0uTnS8TUj7qEHMXQ1XRsPwUPBrKU0h/view?usp=drive_link,,
1226,องค์การบริหารส่วนตำบล,เกาะคอเขา,เกาะคอเขา,ตะกั่วป่า,พังงา,"4,837.16",2555,สจป.12 สาขากระบี่,องค์การบริหารส่วนตำบลเกาะคอเขา,8.888636,98.268479,0,https://drive.google.com/file/d/1Me6kxnsKVXwtihbS4PUj0DrbFWI2Q-8A/view?usp=drive_link,,
1227,เทศบาลตำบล,คึกคัก,คึกคัก,ตะกั่วป่า,พังงา,"32,121.84",2548,สจป.12 สาขากระบี่,เทศบาลตำบลคึกคัก,8.706366,98.260825,0,,https://drive.google.com/file/d/1qQ0-aYhe8ckRVlVWZbDDjlgArWdBz7yr/view?usp=drive_link,https://drive.google.com/file/d/1MfTCuRLobi2-q3WToydZRDK4sz9klOrh/view?usp=drive_link
1228,องค์การบริหารส่วนตำบล,โคกเคียน,โคกเคียน,ตะกั่วป่า,พังงา,"8,398.19",2554,สจป.12 สาขากระบี่,องค์การบริหารส่วนตำบลโคกเคียน,8.8470963,98.3713027,0,https://drive.google.com/file/d/1e7_8vWqhLaBYb0WpYtRyNbGyVDWNZiIn/view?usp=drive_link,,
1229,องค์การบริหารส่วนตำบล,บางไทร,บางไทร,ตะกั่วป่า,พังงา,"21,815.12",2554,สจป.12 สาขากระบี่,องค์การบริหารส่วนตำบลบางไทร,8.814680314,98.36609289,0,https://drive.google.com/file/d/1VADcEfZuYYC2G_C7LH4Y64uHJxmpt3nG/view?usp=drive_link,,
1230,เทศบาลตำบล,บางนายสี,บางนายสี,ตะกั่วป่า,พังงา,"35,356.08",2555,สจป.12 สาขากระบี่,เทศบาลตำบลบางนายสี,8.872302,98.35227,0,https://drive.google.com/file/d/1Ga7-SN4YHMmcBAr5XOWLRoAUiq644sqj/view?usp=drive_link,,
1231,องค์การบริหารส่วนตำบล,บางม่วง,บางม่วง,ตะกั่วป่า,พังงา,"7,020.64",2548,สจป.12 สาขากระบี่,องค์การบริหารส่วนตำบลบางม่วง,8.8484531,98.2953479,0,,https://drive.google.com/file/d/1pzSLCaVeLcK687-4P1JS0BiX-GYYEDkp/view?usp=drive_link,https://drive.google.com/file/d/1VN5jgFaBhdDGSfh-Uk3l10sP8fUWRpw0/view?usp=drive_link
1232,องค์การบริหารส่วนตำบล,โคกเจริญ,โคกเจริญ,ทับปุด,พังงา,"9,861.63",2554,สจป.12 สาขากระบี่,องค์การบริหารส่วนตำบลโคกเจริญ,8.545387454,98.64633679,5,https://drive.google.com/file/d/1pe1hGObSLCW4iE7bF1cRwHK23C4Eu4Qo/view?usp=drive_link,,
1233,องค์การบริหารส่วนตำบล,ทับปุด,ทับปุด,ทับปุด,พังงา,"2,721.03",2554,สจป.12 สาขากระบี่,องค์การบริหารส่วนตำบลทับปุด,8.5029226,98.6300369,0,https://drive.google.com/file/d/1JQt6FKuT-LFCa5T1uorVKQk2aZ4gvzQ6/view?usp=drive_link,,
1234,องค์การบริหารส่วนตำบล,บ่อแสน,บ่อแสน,ทับปุด,พังงา,"3,413.16",2554,สจป.12 สาขากระบี่,องค์การบริหารส่วนตำบลบ่อแสน,8.48120116,98.59937668,0,https://drive.google.com/file/d/1nDZiZ6W5bRdBFZw5aKzWQtwVjpH2DumR/view?usp=drive_link,,
1235,องค์การบริหารส่วนตำบล,บางเหรียง,บางเหรียง,ทับปุด,พังงา,"30,478.82",2555,สจป.12 สาขากระบี่,องค์การบริหารส่วนตำบลบางเหรียง,8.5850404,98.6629691,5,https://drive.google.com/file/d/1FshlHORpkofaOvKTe-gM5isuvCEth6u3/view?usp=drive_link,,
1236,องค์การบริหารส่วนตำบล,มะรุ่ย,มะรุ่ย,ทับปุด,พังงา,"2,038.85",2554,สจป.12 สาขากระบี่,องค์การบริหารส่วนตำบลมะรุ่ย,8.4724071,98.6510892,0,https://drive.google.com/file/d/16EbtMGHb75S2YGu7s36AIF-pkUfv2Tgs/view?usp=drive_link,,
1237,องค์การบริหารส่วนตำบล,ท้ายเหมือง,ท้ายเหมือง,ท้ายเหมือง,พังงา,"6,032.89",2555,สจป.12 สาขากระบี่,องค์การบริหารส่วนตำบลท้ายเหมือง,8.4080775,98.2461852,5,https://drive.google.com/file/d/1wTFJEy3lZt2wlNggWE7CoxIxBd5PcWiT/view?usp=drive_link,,
1238,องค์การบริหารส่วนตำบล,ทุ่งมะพร้าว,ทุ่งมะพร้าว,ท้ายเหมือง,พังงา,"16,334.07",2550,สจป.12 สาขากระบี่,องค์การบริหารส่วนตำบลทุ่งมะพร้าว,8.52759187,98.29389453,0,,https://drive.google.com/file/d/1u6PCJmKMWMbkwMRx7G43lbZBjae2dVLP/view?usp=drive_link,https://drive.google.com/file/d/1Bu7ifKB1EDLFg6hyLUiaLCgMjHUikD8u/view?usp=drive_link
1239,องค์การบริหารส่วนตำบล,นาเตย,นาเตย,ท้ายเหมือง,พังงา,"13,407.47",2555,สจป.12 สาขากระบี่,องค์การบริหารส่วนตำบลนาเตย,8.351809279,98.29074964,0,https://drive.google.com/file/d/1gyJhitk-zkavJ-RpcFZXtBzYCt4Gi5GH/view?usp=drive_link,,
1240,องค์การบริหารส่วนตำบล,ลำภี,ลำภี,ท้ายเหมือง,พังงา,"18,024.04",2555,สจป.12 สาขากระบี่,องค์การบริหารส่วนตำบลลำภี,8.54852128,98.36791142,5,,,
1241,องค์การบริหารส่วนตำบล,ทุ่งคาโงก,ทุ่งคาโงก,เมืองพังงา,พังงา,"42,931.37",2555,สจป.12 สาขากระบี่,องค์การบริหารส่วนตำบลทุ่งคาโงก,8.5624652,98.445072,5,https://drive.google.com/file/d/1epLqZwbOBzzMcVWMr5417XlQjbxJePz-/view?usp=drive_link,,
1242,เทศบาลตำบล,บางเตย,บางเตย,เมืองพังงา,พังงา,"15,965.79",2554,สจป.12 สาขากระบี่,เทศบาลตำบลบางเตย,8.4269776,98.5671743,5,https://drive.google.com/file/d/1i7ZkhghQdDzOml8Fou3d_VBLtff0BBb0/view?usp=drive_link,,
1243,องค์การบริหารส่วนตำบล,ป่ากอ,ป่ากอ,เมืองพังงา,พังงา,"11,283.01",2555,สจป.12 สาขากระบี่,องค์การบริหารส่วนตำบลป่ากอ,8.49572804,98.47118318,0,https://drive.google.com/file/d/1w3B2_3p2eL6LshsxE7Y14JKQeKQkUC6H/view?usp=drive_link,,
1244,เทศบาลตำบล,กงหรา,กงหรา,กงหรา,พัทลุง,"1,929.43",2555,สจป.12 นครศรีธรรมราช,เทศบาลตำบลกงหรา,7.4845893,99.9340415,0,https://drive.google.com/file/d/1FE0Vzil7etr5JE6VYydOPLTUKG4OytTs/view?usp=drive_link,,
1245,องค์การบริหารส่วนตำบล,คลองเฉลิม,คลองเฉลิม,กงหรา,พัทลุง,"3,215.58",2555,สจป.12 นครศรีธรรมราช,องค์การบริหารส่วนตำบลคลองเฉลิม,7.3821557,99.9799129,0,,,
1246,เทศบาลตำบล,คลองทรายขาว,คลองทรายขาว,กงหรา,พัทลุง,"1,579.16",2565,สจป.12 นครศรีธรรมราช,เทศบาลตำบลคลองทรายขาว,7.438868831,99.9287492,0,,,
1247,เทศบาลตำบล,ชะรัด,ชะรัด,กงหรา,พัทลุง,63.17,2555,สจป.12 นครศรีธรรมราช,เทศบาลตำบลชะรัด,7.4712881,99.9792745,0,,,
1248,เทศบาลตำบล,สมหวัง,สมหวัง,กงหรา,พัทลุง,186.41,2555,สจป.12 นครศรีธรรมราช,เทศบาลตำบลสมหวัง,7.520921489,99.99009535,0,https://drive.google.com/file/d/1mbdrgkDpr6YjJNxvUMisOUPwkZiYUHBg/view?usp=drive_link,,
1249,องค์การบริหารส่วนตำบล,เขาชัยสน,เขาชัยสน,เขาชัยสน,พัทลุง,"3,533.85",2550,สจป.12 นครศรีธรรมราช,องค์การบริหารส่วนตำบลเขาชัยสน,7.4581735,100.1296706,0,,https://drive.google.com/file/d/1UF7rCsAqiOzrb_9Ul5kVboiBIqpAxX5d/view?usp=drive_link,https://drive.google.com/file/d/1UZ6r3-9TjGvliZQ8f2JAQfuEFCRR_xKF/view?usp=drive_link
1250,เทศบาลตำบล,ควนขนุน,ควนขนุน,เขาชัยสน,พัทลุง,339.5,2550,สจป.12 นครศรีธรรมราช,เทศบาลตำบลควนขนุน,7.4687177,100.1015371,0,https://drive.google.com/file/d/12cSofNt5eiWuuUH8JOP2CQH9ElsWT1ip/view?usp=drive_link,https://drive.google.com/file/d/1lI24nni9Jo0R6MIKT-QZQWarXmnGr7ey/view?usp=drive_link,https://drive.google.com/file/d/1QncK7XTody584MM20ve_ehYtrKO23YT_/view?usp=drive_link
1251,เทศบาลตำบล,โคกม่วง,โคกม่วง,เขาชัยสน,พัทลุง,"2,203.18",2565,สจป.12 นครศรีธรรมราช,เทศบาลตำบลโคกม่วง,7.4053785,100.0529499,0,,,
1252,องค์การบริหารส่วนตำบล,ชะมวง,ชะมวง,ควนขนุน,พัทลุง,"1,190.49",2550,สจป.12 นครศรีธรรมราช,องค์การบริหารส่วนตำบลชะมวง,7.7490492,99.97963473,0,,https://drive.google.com/file/d/1grmBC6IR18cW63l4xBaqJHoCEjLmHs3g/view?usp=drive_link,https://drive.google.com/file/d/1pZzFttpGSzdxqHocof1-UnClppE6uKyC/view?usp=drive_link
1253,เทศบาลตำบล,ทะเลน้อย,ทะเลน้อย,ควนขนุน,พัทลุง,0,2556,สจป.12 นครศรีธรรมราช,เทศบาลตำบลทะเลน้อย,7.7912636,100.1227233,0,,,
1254,เทศบาลตำบล,นาขยาด,นาขยาด,ควนขนุน,พัทลุง,"1,139.71",2550,สจป.12 นครศรีธรรมราช,เทศบาลตำบลนาขยาด,7.686653,99.9513488,0,,https://drive.google.com/file/d/11LbrMLQogJHItMAylkvAf6NpM2Aivb4H/view?usp=drive_link,https://drive.google.com/file/d/19errBBict_XfLKrbT3OgBmlEURYZumA9/view?usp=drive_link
1255,องค์การบริหารส่วนตำบล,ปันแต,ปันแต,ควนขนุน,พัทลุง,325.83,2550,สจป.12 นครศรีธรรมราช,องค์การบริหารส่วนตำบลปันแต,7.796259,100.0231376,0,,https://drive.google.com/file/d/1dxcJIc7NjINMIP1UJv10lUM1yu_B8pFI/view?usp=drive_link,https://drive.google.com/file/d/157J79UerNX_zrjdJ2_1UEAtG7pJjAzI2/view?usp=drive_link
1256,เทศบาลตำบล,คลองใหญ่,คลองใหญ่,ตะโหมด,พัทลุง,"2,940.94",2556,สจป.12 นครศรีธรรมราช,เทศบาลตำบลคลองใหญ่,7.2741989,100.0996276,0,https://drive.google.com/file/d/1MeKoqbXNDd3V0FCbcTyPSXmJwEZKU5SN/view?usp=drive_link,,
1257,เทศบาลตำบล,ดอนประดู่,ดอนประดู่,ปากพะยูน,พัทลุง,181.73,2555,สจป.12 นครศรีธรรมราช,เทศบาลตำบลดอนประดู่,7.2791859,100.3363899,0,https://drive.google.com/file/d/1jZoYCUsiaEijfQVcZgavGtqQm2uA8m4h/view?usp=drive_link,,
1258,เทศบาลตำบล,อ่าวพะยูน,ปากพะยูน,ปากพะยูน,พัทลุง,"1,947.17",2556,สจป.12 นครศรีธรรมราช,เทศบาลตำบลอ่าวพะยูน,7.3379393,100.317086,0,,,
1259,องค์การบริหารส่วนตำบล,ฝาละมี,ฝาละมี,ปากพะยูน,พัทลุง,34.89,2550,สจป.12 นครศรีธรรมราช,องค์การบริหารส่วนตำบลฝาละมี,7.378960478,100.2045333,0,,https://drive.google.com/file/d/1rc-k21VgDpKgkFB7WsCi7cSYCrShHz76/view?usp=drive_link,https://drive.google.com/file/d/1tpD2ZZ54eMnFGyOsxMGzgpN5dPTT4CwN/view?usp=drive_link
1260,เทศบาลตำบล,หารเทา,หารเทา,ปากพะยูน,พัทลุง,"1,555.40",2555,สจป.12 นครศรีธรรมราช,เทศบาลตำบลหารเทา,7.2852061,100.2540718,0,https://drive.google.com/file/d/1orWTcmFtTJhlgcnYsxRYJyFPtAD1OgNc/view?usp=drive_link,,
1261,องค์การบริหารส่วนตำบล,โคกทราย,โคกทราย,ป่าบอน,พัทลุง,"3,124.39",2555,สจป.12 นครศรีธรรมราช,องค์การบริหารส่วนตำบลโคกทราย,7.233997696,100.3044462,0,https://drive.google.com/file/d/1UHZNEgehwidANMszW52Eb53CWkI-hOVQ/view?usp=drive_link,,
1262,องค์การบริหารส่วนตำบล,ทุ่งนารี,ทุ่งนารี,ป่าบอน,พัทลุง,"4,480.80",2556,สจป.12 นครศรีธรรมราช,องค์การบริหารส่วนตำบลทุ่งนารี,7.230783367,100.1794553,0,https://drive.google.com/file/d/1Ym_LXZkKWrbGDNLt-hG4ufrx37ucSjk8/view?usp=drive_link,,
1263,องค์การบริหารส่วนตำบล,ป่าบอน,ป่าบอน,ป่าบอน,พัทลุง,758.73,2550,สจป.12 นครศรีธรรมราช,องค์การบริหารส่วนตำบลป่าบอน,7.3015172,100.168889,0,,https://drive.google.com/file/d/1LiiHkOSrRFeCw5gSHlVeV1jWbrXzIl1-/view?usp=drive_link,https://drive.google.com/file/d/19VT4XEO_t2GYr1OSFT0VQJ0KDpbt2MtM/view?usp=drive_link
1264,องค์การบริหารส่วนตำบล,วังใหม่,วังใหม่,ป่าบอน,พัทลุง,927.34,2555,สจป.12 นครศรีธรรมราช,องค์การบริหารส่วนตำบลวังใหม่,7.3007766,100.1890749,0,https://drive.google.com/file/d/1B2bQkYfWp8UEXDq2lhJfRtZeKgumbtJF/view?usp=drive_link,,
1265,องค์การบริหารส่วนตำบล,หนองธง,หนองธง,ป่าบอน,พัทลุง,"4,727.63",2556,สจป.12 นครศรีธรรมราช,องค์การบริหารส่วนตำบลหนองธง,7.246847688,100.111649,0,https://drive.google.com/file/d/1SGIkPV-g9Ja2sTCTuVODL4xHPIFL4cWp/view?usp=drive_link,,
1266,องค์การบริหารส่วนตำบล,เกาะเต่า,เกาะเต่า,ป่าพะยอม,พัทลุง,"19,956.86",2556,สจป.12 นครศรีธรรมราช,องค์การบริหารส่วนตำบลเกาะเต่า,7.831632768,99.88430071,5,https://drive.google.com/file/d/1sGi0RZJlTb0bsqtmzatPLe_4xQr9yFAe/view?usp=drive_link,,
1267,เทศบาลตำบล,ลานข่อย,ลานข่อย,ป่าพะยอม,พัทลุง,"15,574.70",2555,สจป.12 นครศรีธรรมราช,เทศบาลตำบลลานข่อย,7.880726263,99.86042798,5,https://drive.google.com/file/d/1QNxRqBkQaqdQdTaw-SVVhTFPDGneA_U5/view?usp=drive_link,,
1268,เทศบาลตำบล,ชุมพล,ชุมพล,ศรีนครินทร์,พัทลุง,"1,065.32",2565,สจป.12 นครศรีธรรมราช,เทศบาลตำบลชุมพล,7.5864915,99.9767548,5,,,
1269,เทศบาลตำบล,บ้านนา,บ้านนา,ศรีนครินทร์,พัทลุง,"10,195.45",2565,สจป.12 นครศรีธรรมราช,เทศบาลตำบลบ้านนา,7.567276,99.9002362,0,,,
1270,เทศบาลตำบล,ลำสินธุ์,ลำสินธุ์,ศรีนครินทร์,พัทลุง,"1,520.67",2565,สจป.12 นครศรีธรรมราช,เทศบาลตำบลลำสินธุ์,7.5170852,99.9329474,0,,,
1271,องค์การบริหารส่วนตำบล,เขาปู่,เขาปู่,ศรีบรรพต,พัทลุง,"11,308.97",2565,สจป.12 นครศรีธรรมราช,องค์การบริหารส่วนตำบลเขาปู่,7.709494356,99.83666261,5,,,
1272,องค์การบริหารส่วนตำบล,เขาย่า,เขาย่า,ศรีบรรพต,พัทลุง,"4,231.15",2556,สจป.12 นครศรีธรรมราช,องค์การบริหารส่วนตำบลเขาย่า,7.7228009,99.8860754,0,https://drive.google.com/file/d/18IFxPgkVZO-UU9wDyku8VrAOk57aDC-J/view?usp=drive_link,,
1273,องค์การบริหารส่วนตำบล,ตะแพน,ตะแพน,ศรีบรรพต,พัทลุง,"20,605.32",2565,สจป.12 นครศรีธรรมราช,องค์การบริหารส่วนตำบลตะแพน,7.6520346,99.8717826,5,,,
1274,องค์การบริหารส่วนตำบล,เขาทราย,เขาทราย,ทับคล้อ,พิจิตร,0,2548,สจป.4 สาขานครสวรรค์,องค์การบริหารส่วนตำบลเขาทราย,16.1566433,100.607897,5,,https://drive.google.com/file/d/1Rraaq7oc91h5BJX0NMcK0-MTWqrjP_Aq/view?usp=drive_link,https://drive.google.com/file/d/1YxFmCf3jKpt4PLp2X_aqOxM4YOyuERUC/view?usp=drive_link
1275,องค์การบริหารส่วนตำบล,ท่าเสา,ท่าเสา,โพทะเล,พิจิตร,0,2555,สจป.4 สาขานครสวรรค์,องค์การบริหารส่วนตำบลท่าเสา,15.9900048,100.2221347,0,https://drive.google.com/file/d/1aE-iFcxkpJ027w--YK597t_wQLou-pjo/view?usp=drive_link,,
1276,องค์การบริหารส่วนตำบล,นครชุม,นครชุม,นครไทย,พิษณุโลก,"5,788.07",ไม่ได้รับเอกสารบันทึกรับมอบ-ส่งมอบ,สจป.4 สาขาพิษณุโลก,องค์การบริหารส่วนตำบลนครชุม,17.2957848,100.8293498,50,,,
1277,องค์การบริหารส่วนตำบล,นาบัว,นาบัว,นครไทย,พิษณุโลก,"6,807.58",ไม่ได้รับเอกสารบันทึกรับมอบ-ส่งมอบ,สจป.4 สาขาพิษณุโลก,องค์การบริหารส่วนตำบลนาบัว,17.1891872,100.8784487,55,,,
1278,องค์การบริหารส่วนตำบล,น้ำกุ่ม,น้ำกุ่ม,นครไทย,พิษณุโลก,"16,917.48",ไม่ได้รับเอกสารบันทึกรับมอบ-ส่งมอบ,สจป.4 สาขาพิษณุโลก,องค์การบริหารส่วนตำบลน้ำกุ่ม,17.353689,100.861132,50,,,
1279,องค์การบริหารส่วนตำบล,เนินเพิ่ม,เนินเพิ่ม,นครไทย,พิษณุโลก,"44,903.46",ไม่ได้รับเอกสารบันทึกรับมอบ-ส่งมอบ,สจป.4 สาขาพิษณุโลก,องค์การบริหารส่วนตำบลเนินเพิ่ม,17.10810484,100.8501332,55,,,
1280,องค์การบริหารส่วนตำบล,บ่อโพธิ์,บ่อโพธิ์,นครไทย,พิษณุโลก,"78,597.25",ไม่ได้รับเอกสารบันทึกรับมอบ-ส่งมอบ,สจป.4 สาขาพิษณุโลก,องค์การบริหารส่วนตำบลบ่อโพธิ์,17.1796379,100.9946013,60,,,
1281,เทศบาลตำบล,บ้านแยง,บ้านแยง,นครไทย,พิษณุโลก,"76,583.36",ไม่ได้รับเอกสารบันทึกรับมอบ-ส่งมอบ,สจป.4 สาขาพิษณุโลก,เทศบาลตำบลบ้านแยง,16.89927465,100.8028704,50,,,
1282,องค์การบริหารส่วนตำบล,ยางโกลน,ยางโกลน,นครไทย,พิษณุโลก,"26,480.70",ไม่ได้รับเอกสารบันทึกรับมอบ-ส่งมอบ,สจป.4 สาขาพิษณุโลก,องค์การบริหารส่วนตำบลยางโกลน,17.1679966,100.913206,50,,,
1283,องค์การบริหารส่วนตำบล,หนองกะท้าว,หนองกะท้าว,นครไทย,พิษณุโลก,"169,371.43",ไม่ได้รับเอกสารบันทึกรับมอบ-ส่งมอบ,สจป.4 สาขาพิษณุโลก,องค์การบริหารส่วนตำบลหนองกะท้าว,17.05686667,100.8088624,80,,,
1284,องค์การบริหารส่วนตำบล,ห้วยเฮี้ย,ห้วยเฮี้ย,นครไทย,พิษณุโลก,"80,136.77",ไม่ได้รับเอกสารบันทึกรับมอบ-ส่งมอบ,สจป.4 สาขาพิษณุโลก,องค์การบริหารส่วนตำบลห้วยเฮี้ย,16.9276868,100.8952429,55,,,
1285,องค์การบริหารส่วนตำบล,ชมพู,ชมพู,เนินมะปราง,พิษณุโลก,"46,738.77",2549,สจป.4 สาขาพิษณุโลก,องค์การบริหารส่วนตำบลชมพู,16.6719554,100.6146954,55,,https://drive.google.com/file/d/1aPGsBJY1sYN2x1VOVFAn94M15Ho8CTX6/view?usp=drive_link,
1286,เทศบาลตำบล,ไทรย้อย,ไทรย้อย,เนินมะปราง,พิษณุโลก,"46,433.90",2548,สจป.4 สาขาพิษณุโลก,เทศบาลตำบลไทรย้อย,16.45360638,100.6455996,50,,https://drive.google.com/file/d/17Weak3JZ84EH9uwkGsscFc-QYUz2hgDA/view?usp=drive_link,https://drive.google.com/file/d/1BFWEXc_pyylcvGm7S4HypRgeB9Fk7Du3/view?usp=drive_link
1287,องค์การบริหารส่วนตำบล,เนินมะปราง,เนินมะปราง,เนินมะปราง,พิษณุโลก,"40,415.58",2549,สจป.4 สาขาพิษณุโลก,องค์การบริหารส่วนตำบลเนินมะปราง,16.58220533,100.6302166,50,,https://drive.google.com/file/d/13GlI0QXEF8lG1jdZFB5yLWTbinGivBoo/view?usp=drive_link,
1288,องค์การบริหารส่วนตำบล,บ้านน้อยซุ้มขี้เหล็ก,บ้านน้อยซุ้มขี้เหล็ก,เนินมะปราง,พิษณุโลก,"35,104.11",2548,สจป.4 สาขาพิษณุโลก,องค์การบริหารส่วนตำบลบ้านน้อยซุ้มขี้เหล็ก,16.55051576,100.6054778,5,,https://drive.google.com/file/d/152BS2rHmg0F5tuV_IJmRSNrGERMq6Pq3/view?usp=drive_link,https://drive.google.com/file/d/1YTSkFmsdt393Ma9RScLPt8x77q8NGW6l/view?usp=drive_link
1289,เทศบาลตำบล,บ้านมุง,บ้านมุง,เนินมะปราง,พิษณุโลก,"31,581.98",2548,สจป.4 สาขาพิษณุโลก,เทศบาลตำบลบ้านมุง,16.5700273,100.6493584,50,,https://drive.google.com/file/d/1SUXb8gd9F_ZdDPmryN_2ypp5hW_KeWf8/view?usp=sharing,https://drive.google.com/file/d/1tQw7Y2YXmcOFAUSeSbKeOi5T9-sZAhsD/view?usp=drive_link
1290,องค์การบริหารส่วนตำบล,วังโพรง,วังโพรง,เนินมะปราง,พิษณุโลก,"24,028.22",2550,สจป.4 สาขาพิษณุโลก,องค์การบริหารส่วนตำบลวังโพรง,16.4138758,100.6807055,50,,https://drive.google.com/file/d/1RTdCv0yL2llsjLsASE-xcmD3SHlGQXhN/view?usp=drive_link,https://drive.google.com/file/d/1CdG3BMOu5tvgel-91oLk6D9jPlTcFrKe/view?usp=drive_link
1291,องค์การบริหารส่วนตำบล,วังยาง,วังยาง,เนินมะปราง,พิษณุโลก,"18,153.90",2550,สจป.4 สาขาพิษณุโลก,องค์การบริหารส่วนตำบลวังยาง,16.4620036,100.7233716,50,,https://drive.google.com/file/d/1oPlEDfcqR-dDgSuH01OFOjs-rBcJY946/view?usp=drive_link,https://drive.google.com/file/d/1nwnHalELGG0y84e7s-_r_3XzgkfEiG8t/view?usp=drive_link
1292,องค์การบริหารส่วนตำบล,ดอนทอง,ดอนทอง,เมืองพิษณุโลก,พิษณุโลก,"21,353.53",2549,สจป.4 สาขาพิษณุโลก,องค์การบริหารส่วนตำบลดอนทอง,16.9029287,100.3562656,50,,https://drive.google.com/file/d/13oFei-kE4R-6GyQFxqcpQzZdnI5QrfdJ/view?usp=drive_link,https://drive.google.com/file/d/1_3IeXZ4Cj7tL6wxK0KU2C1U9aJG2pXk2/view?usp=drive_link
1293,องค์การบริหารส่วนตำบล,แก่งโสภา,แก่งโสภา,วังทอง,พิษณุโลก,"36,412.18",2559,สจป.4 สาขาพิษณุโลก,องค์การบริหารส่วนตำบลแก่งโสภา,16.90268,100.64269,55,https://drive.google.com/file/d/15uLSip5CZP9jheiBiCcvgbOKJMw14ulq/view?usp=drive_link,,
1294,องค์การบริหารส่วนตำบล,ชัยนาม,ชัยนาม,วังทอง,พิษณุโลก,"7,428.43",2549,สจป.4 สาขาพิษณุโลก,องค์การบริหารส่วนตำบลชัยนาม,16.85204728,100.4726636,50,,https://drive.google.com/file/d/1QF7yMM7EgJKvzRgRuqn-y1mWYAaF4Pbq/view?usp=drive_link,https://drive.google.com/file/d/10oZl46t1yM-GmRJVQjuNgA6XYWq30R_k/view?usp=drive_link
1295,องค์การบริหารส่วนตำบล,ดินทอง,ดินทอง,วังทอง,พิษณุโลก,"8,202.75",ไม่ได้รับเอกสารบันทึกรับมอบ-ส่งมอบ,สจป.4 สาขาพิษณุโลก,องค์การบริหารส่วนตำบลดินทอง,16.76420876,100.4313345,50,,,
1296,องค์การบริหารส่วนตำบล,ท่าหมื่นราม,ท่าหมื่นราม,วังทอง,พิษณุโลก,"24,736.65",2549,สจป.4 สาขาพิษณุโลก,องค์การบริหารส่วนตำบลท่าหมื่นราม,16.70498307,100.5041313,50,,https://drive.google.com/file/d/15UZ99ZgApmuZz1gD9_9OYsVtSub0XgIm/view?usp=drive_link,https://drive.google.com/file/d/1EGEN5Qpf1pAXtU-dHgKH3h98XIUjwfcn/view?usp=drive_link
1297,องค์การบริหารส่วนตำบล,บ้านกลาง,บ้านกลาง,วังทอง,พิษณุโลก,"72,510.53",ไม่ได้รับเอกสารบันทึกรับมอบ-ส่งมอบ,สจป.4 สาขาพิษณุโลก,องค์การบริหารส่วนตำบลบ้านกลาง,16.9750857,100.5602122,50,,,
1298,องค์การบริหารส่วนตำบล,พันชาลี,พันชาลี,วังทอง,พิษณุโลก,"43,359.92",2550,สจป.4 สาขาพิษณุโลก,องค์การบริหารส่วนตำบลพันชาลี,16.6195487,100.4799957,50,,https://drive.google.com/file/d/1DC6tyBg6LduKsufjAeehAYg23n27blTU/view?usp=drive_link,https://drive.google.com/file/d/16ArjbYpOVFyLKMDXpFRP1v0Xvj2z89vU/view?usp=drive_link
1299,องค์การบริหารส่วนตำบล,วังนกแอ่น,วังนกแอ่น,วังทอง,พิษณุโลก,"101,839.28",ไม่ได้รับเอกสารบันทึกรับมอบ-ส่งมอบ,สจป.4 สาขาพิษณุโลก,องค์การบริหารส่วนตำบลวังนกแอ่น,16.85317677,100.6876373,55,,,
1300,องค์การบริหารส่วนตำบล,คันโช้ง,คันโช้ง,วัดโบสถ์,พิษณุโลก,"143,331.10",ไม่ได้รับเอกสารบันทึกรับมอบ-ส่งมอบ,สจป.4 สาขาพิษณุโลก,องค์การบริหารส่วนตำบลคันโช้ง,17.2563619,100.3347671,80,,,
1301,องค์การบริหารส่วนตำบล,ท่างาม,ท่างาม,วัดโบสถ์,พิษณุโลก,"10,542.31",2550,สจป.4 สาขาพิษณุโลก,องค์การบริหารส่วนตำบลท่างาม,17.0459033,100.356117,50,,https://drive.google.com/file/d/1swpfvIQ1RuO0clrfIgNKmnY9BsBkx17a/view?usp=drive_link,https://drive.google.com/file/d/1NG36kWRBMGqZvU2zYETDCm9Liccu2uNG/view?usp=drive_link
1302,องค์การบริหารส่วนตำบล,บ้านยาง,บ้านยาง,วัดโบสถ์,พิษณุโลก,"31,854.54",2559,สจป.4 สาขาพิษณุโลก,องค์การบริหารส่วนตำบลบ้านยาง,17.0787689,100.3911449,50,https://drive.google.com/file/d/1T_lxbcZJDJjOsQJvlObD_sA0PUOahi54/view?usp=drive_link,,
1303,องค์การบริหารส่วนตำบล,หินลาด,หินลาด,วัดโบสถ์,พิษณุโลก,"10,354.48",2550,สจป.4 สาขาพิษณุโลก,องค์การบริหารส่วนตำบลหินลาด,17.1273504,100.3541772,50,,https://drive.google.com/file/d/1fyk6J9dz9utY6hu68NHh64ZEy8q1cBJI/view?usp=drive_link,https://drive.google.com/file/d/1dMwmnmBJd2NcUEfmV-UC0pMiQV2ihJKQ/view?usp=drive_link
1304,องค์การบริหารส่วนตำบล,แก่งกระจาน,แก่งกระจาน,แก่งกระจาน,เพชรบุรี,"62,309.99",2549,สจป.10 สาขาเพชรบุรี,องค์การบริหารส่วนตำบลแก่งกระจาน,12.9080536,99.647155,25,,https://drive.google.com/file/d/1MGVCD07w7m2IK4m1J0hSDlLGGXWx10b1/view?usp=drive_link,
1305,องค์การบริหารส่วนตำบล,พุสวรรค์,พุสวรรค์,แก่งกระจาน,เพชรบุรี,"33,206.06",2548,สจป.10 สาขาเพชรบุรี,องค์การบริหารส่วนตำบลพุสวรรค์,13.0062933,99.7401571,25,,https://drive.google.com/file/d/12tKBc-2_moTWimv52L3J2qhwx9PyklQx/view?usp=drive_link,https://drive.google.com/file/d/1QqMe8eZJBYu3oNLxKVqnaBHCXAKH_yOK/view?usp=drive_link
1306,องค์การบริหารส่วนตำบล,วังจันทร์,วังจันทร์,แก่งกระจาน,เพชรบุรี,"17,142.96",2548,สจป.10 สาขาเพชรบุรี,องค์การบริหารส่วนตำบลวังจันทร์,12.9343635,99.7666856,25,,https://drive.google.com/file/d/1d0-HbBW8wZ6S1RU9IzwDx9nellhX3sbu/view?usp=drive_link,https://drive.google.com/file/d/1VFYEFdEI3qjRvpfwLBq70htCSvmbP_0C/view?usp=drive_link
1307,องค์การบริหารส่วนตำบล,สองพี่น้อง,สองพี่น้อง,แก่งกระจาน,เพชรบุรี,"57,622.56",2548,สจป.10 สาขาเพชรบุรี,องค์การบริหารส่วนตำบลสองพี่น้อง,12.8729138,99.6830344,25,,https://drive.google.com/file/d/1P7A9dik4NRhDXaIeUjRmKrlqu77ha5oH/view?usp=drive_link,https://drive.google.com/file/d/1kC-3lzD_wKW4DURM1zHnee6uOLDrSgne/view?usp=drive_link
1308,องค์การบริหารส่วนตำบล,ห้วยแม่เพรียง,ห้วยแม่เพรียง,แก่งกระจาน,เพชรบุรี,"36,916.60",2550,สจป.10 สาขาเพชรบุรี,องค์การบริหารส่วนตำบลห้วยแม่เพรียง,12.7874277,99.5678581,25,,https://drive.google.com/file/d/1X7dyks8NCFaMMbjSee9J2EUllHLVPeyl/view?usp=drive_link,
1309,เทศบาลตำบล,เขาย้อยพัฒนา,เขาย้อย,เขาย้อย,เพชรบุรี,"4,669.12",2548,สจป.10 สาขาเพชรบุรี,เทศบาลตำบลเขาย้อยพัฒนา,13.2402005,99.8254116,25,,https://drive.google.com/file/d/1qYGtcpmmq2dxEHKKJFHQyt3e-y32aNLy/view?usp=drive_link,https://drive.google.com/file/d/151zqjw13iAd3aGACYp0JWvA8CZ_ROd-3/view?usp=drive_link
1310,องค์การบริหารส่วนตำบล,หนองชุมพล,หนองชุมพล,เขาย้อย,เพชรบุรี,"3,979.61",2548,สจป.10 สาขาเพชรบุรี,องค์การบริหารส่วนตำบลหนองชุมพล,13.28739685,99.7984314,25,,https://drive.google.com/file/d/1IT5zmJugsd9llCRMd8Laf1b9kS2IVN6g/view?usp=drive_link,https://drive.google.com/file/d/1g7ZT50REjnRHqhUjOgne8zMpIj4FUo11/view?usp=drive_link
1311,องค์การบริหารส่วนตำบล,หนองชุมพลเหนือ,หนองชุมพลเหนือ,เขาย้อย,เพชรบุรี,"4,751.04",2550,สจป.10 สาขาเพชรบุรี,องค์การบริหารส่วนตำบลหนองชุมพลเหนือ,13.3260336,99.8056961,25,,https://drive.google.com/file/d/1d925W_tStyG32fgAUbnEx3Lsm34EH3Pq/view?usp=drive_link,https://drive.google.com/file/d/1-cxrMr7_3dbneUlgcbODI-19QMx1AveT/view?usp=drive_link
1312,องค์การบริหารส่วนตำบล,หนองปรง,หนองปรง,เขาย้อย,เพชรบุรี,"2,456.56",2555,สจป.10 สาขาเพชรบุรี,องค์การบริหารส่วนตำบลหนองปรง,13.17042261,99.81971741,25,https://drive.google.com/file/d/10yqXSTGBBYnaqI5Oih3E-LNcfCobY6Ki/view?usp=drive_link,,
1313,องค์การบริหารส่วนตำบล,ห้วยท่าช้าง,ห้วยท่าช้าง,เขาย้อย,เพชรบุรี,"3,078.01",2550,สจป.10 สาขาเพชรบุรี,องค์การบริหารส่วนตำบลห้วยท่าช้าง,13.1456758,99.8310404,25,https://drive.google.com/file/d/1WZfhuwuOiTmj9SmXD0p3-6ct5Wji6xSU/view?usp=drive_link,,
1314,องค์การบริหารส่วนตำบล,ไร่ใหม่พัฒนา,ไร่ใหม่พัฒนา,ชะอำ,เพชรบุรี,0,2554,สจป.10 สาขาเพชรบุรี,องค์การบริหารส่วนตำบลไร่ใหม่พัฒนา,12.676809,99.77349758,0,https://drive.google.com/file/d/1Brwgj-xko8yhNq0axH1Z0VLbwg8g9F1x/view?usp=drive_link,,
1315,องค์การบริหารส่วนตำบล,สามพระยา,สามพระยา,ชะอำ,เพชรบุรี,"8,972.65",2548,สจป.10 สาขาเพชรบุรี,องค์การบริหารส่วนตำบลสามพระยา,12.6707984,99.8873302,25,,https://drive.google.com/file/d/1LWPTTAnruXzjaQQchsyi6P_EiqVKQzii/view?usp=drive_link,https://drive.google.com/file/d/1PjP-dglVc6eYWOZbdmo1sXJfp_4LN1rh/view?usp=drive_link
1316,องค์การบริหารส่วนตำบล,ห้วยทรายเหนือ,ห้วยทรายเหนือ,ชะอำ,เพชรบุรี,"4,813.74",2548,สจป.10 สาขาเพชรบุรี,องค์การบริหารส่วนตำบลห้วยทรายเหนือ,12.70229695,99.81935699,25,,https://drive.google.com/file/d/18YjG2HCwj1_qO38moQoBibNC2dDgpu0b/view?usp=drive_link,https://drive.google.com/file/d/1mIRwTjpgV6OJVByRLphQ_EQ435fIzFN8/view?usp=sharing
1317,องค์การบริหารส่วนตำบล,กลัดหลวง,กลัดหลวง,ท่ายาง,เพชรบุรี,"24,772.68",2556,สจป.10 สาขาเพชรบุรี,องค์การบริหารส่วนตำบลกลัดหลวง,12.81763105,99.77186948,25,https://drive.google.com/file/d/1cEp0lBEKoUBKLPHGyqDRLtAO5IAEwcSc/view?usp=drive_link,,https://drive.google.com/file/d/1C8ZegGBQdqc9gjOdREIMTUSWJGwlxor9/view?usp=drive_link
1318,องค์การบริหารส่วนตำบล,เขากระปุก,เขากระปุก,ท่ายาง,เพชรบุรี,"89,036.22",2550,สจป.10 สาขาเพชรบุรี,องค์การบริหารส่วนตำบลเขากระปุก,12.71995942,99.73530158,25,,https://drive.google.com/file/d/1tlJrKzEhuhWYVaLxBo93phZLJJwcczFA/view?usp=drive_link,
1319,เทศบาลตำบล,ท่าไม้รวก,ท่าไม้รวก,ท่ายาง,เพชรบุรี,"26,629.85",2550,สจป.10 สาขาเพชรบุรี,เทศบาลตำบลท่าไม้รวก,12.8367395,99.8027304,25,,https://drive.google.com/file/d/1avV9n4iGrzRpRXIj78H_Cn22sIs7sEth/view?usp=drive_link,https://drive.google.com/file/d/1SVliwPayEhPKTCeP2uGcUj9-RKMZ_4-x/view?usp=drive_link
1320,องค์การบริหารส่วนตำบล,วังไคร้,วังไคร้,ท่ายาง,เพชรบุรี,208.32,2548,สจป.10 สาขาเพชรบุรี,องค์การบริหารส่วนตำบลวังไคร้,12.9293427,99.80037332,20,,https://drive.google.com/file/d/1VbbDz1wUVPVGIamu10CThiskcY5AXUHU/view?usp=drive_link,https://drive.google.com/file/d/1WBSU2-PC_nd8LqY4ub6QXxdCk-jKqNSA/view?usp=drive_link
1321,องค์การบริหารส่วนตำบล,ถ้ำรงค์,ถ้ำรงค์,บ้านลาด,เพชรบุรี,552.05,2554,สจป.10 สาขาเพชรบุรี,องค์การบริหารส่วนตำบลถ้ำรงค์,13.025004,99.9192617,20,https://drive.google.com/file/d/12a6GedehSOQq_AfjPTdpnf5HyCXDFMAk/view?usp=drive_link,,
1322,องค์การบริหารส่วนตำบล,บ้านทาน,บ้านทาน,บ้านลาด,เพชรบุรี,"5,194.87",2548,สจป.10 สาขาเพชรบุรี,องค์การบริหารส่วนตำบลบ้านทาน,13.0804755,99.8500482,25,,https://drive.google.com/file/d/1AOj-NoSBUiyJXjzjw0zv5utCjquzxudu/view?usp=drive_link,https://drive.google.com/file/d/1t5NhZQyw0j3GP1omEouivokgROq98iKu/view?usp=drive_link
1323,องค์การบริหารส่วนตำบล,ไร่โคก,ไร่โคก,บ้านลาด,เพชรบุรี,"3,161.56",2554,สจป.10 สาขาเพชรบุรี,องค์การบริหารส่วนตำบลไร่โคก,13.1158533,99.8348641,25,https://drive.google.com/file/d/1pMeXSdMSgUMqCvR1ms42XQA2fzWQs5VG/view?usp=drive_link,,
1324,องค์การบริหารส่วนตำบล,ไร่มะขาม,ไร่มะขาม,บ้านลาด,เพชรบุรี,56.39,2554,สจป.10 สาขาเพชรบุรี,องค์การบริหารส่วนตำบลไร่มะขาม,13.02657219,99.9306643,0,https://drive.google.com/file/d/1I04FFvn79ieB2tb6u9QpdebrTh9-rPbf/view?usp=drive_link,,
1325,องค์การบริหารส่วนตำบล,หนองกะปุ,หนองกะปุ,บ้านลาด,เพชรบุรี,"11,009.38",2554,สจป.10 สาขาเพชรบุรี,องค์การบริหารส่วนตำบลหนองกะปุ,13.0560828,99.8550419,25,https://drive.google.com/file/d/16Fa6QQJVMH4E0Wdt-7ZhrlWn3-xyuXpX/view?usp=drive_link,,
1326,องค์การบริหารส่วนตำบล,ห้วยลึก,ห้วยลึก,บ้านลาด,เพชรบุรี,"23,689.15",2554,สจป.10 สาขาเพชรบุรี,องค์การบริหารส่วนตำบลห้วยลึก,13.0102066,99.8324504,25,https://drive.google.com/file/d/18PAkNrBDucdJpAAnVgOLq4IfZW3CvE79/view?usp=drive_link,,
1327,องค์การบริหารส่วนตำบล,บ้านแหลม,บ้านแหลม,บ้านแหลม,เพชรบุรี,0.07,2548,สจป.10 สาขาเพชรบุรี,องค์การบริหารส่วนตำบลบ้านแหลม,13.23459829,99.97627258,0,,https://drive.google.com/file/d/17keogY_NwYtJ-g_-qd04VX0vIkVRJNy2/view?usp=drive_link,https://drive.google.com/file/d/1X7PqFQPUKlt9cyWF1rp-WN5Q02HG3St3/view?usp=drive_link
1328,องค์การบริหารส่วนตำบล,ปากทะเล,ปากทะเล,บ้านแหลม,เพชรบุรี,19.16,2548,สจป.10 สาขาเพชรบุรี,องค์การบริหารส่วนตำบลปากทะเล,13.1530928,100.0534562,0,,https://drive.google.com/file/d/1446i4izgbhBIFmgX_ZIe_I23SBWvyFs2/view?usp=drive_link,https://drive.google.com/file/d/1RlJ8qIgS0-Ee_G1s4zsCrlcF-vzGEOAe/view?usp=drive_link
1329,องค์การบริหารส่วนตำบล,ท่าตะคร้อ,ท่าตะคร้อ,หนองหญ้าปล้อง,เพชรบุรี,"23,142.67",2556,สจป.10 สาขาเพชรบุรี,องค์การบริหารส่วนตำบลท่าตะคร้อ,13.1165272,99.7315007,25,https://drive.google.com/file/d/1hnQHqemhrPvsMP4LOYGGl1of-Ydwcon4/view?usp=drive_link,,https://drive.google.com/file/d/1HoLK9mdvVWZ5NUmgSCkSZblIbTM1aqLz/view?usp=drive_link
1330,องค์การบริหารส่วนตำบล,ยางน้ำกลัดใต้,ยางน้ำกลัดใต้,หนองหญ้าปล้อง,เพชรบุรี,"41,105.43",2554,สจป.10 สาขาเพชรบุรี,องค์การบริหารส่วนตำบลยางน้ำกลัดใต้,13.0541369,99.7143765,30,https://drive.google.com/file/d/1msuzU3-LG9LUQqhYYBntOngA8M3i2wY2/view?usp=drive_link,,
1331,เทศบาลตำบล,หนองหญ้าปล้อง,หนองหญ้าปล้อง,หนองหญ้าปล้อง,เพชรบุรี,"40,742.90",2554,สจป.10 สาขาเพชรบุรี,เทศบาลตำบลหนองหญ้าปล้อง,13.1696407,99.6878556,30,https://drive.google.com/file/d/1comsA87_dTCHdZOwBLO6OFBU0Wkmel9h/view?usp=drive_link,,
1332,องค์การบริหารส่วนตำบล,เขาค้อ,เขาค้อ,เขาค้อ,เพชรบูรณ์,"44,898.92",2550,สจป.4 สาขาพิษณุโลก,องค์การบริหารส่วนตำบลเขาค้อ,16.6576675,101.0191958,50,,https://drive.google.com/file/d/16L9Eoihg6ifbiFwrCzB2hmHSUNPTdYhR/view?usp=drive_link,https://drive.google.com/file/d/1ekmNiIlqUjV924-znt2yX6Lfrg0jEsJE/view?usp=drive_link
1333,เทศบาลตำบล,แคมป์สน,แคมป์สน,เขาค้อ,เพชรบูรณ์,"9,952.44",2559,สจป.4 สาขาพิษณุโลก,เทศบาลตำบลแคมป์สน,16.7716664,101.0493615,50,https://drive.google.com/file/d/1bRsDo6cqm8CfM0En_0uuCn_cAsmLCzDH/view?usp=drive_link,,
1334,องค์การบริหารส่วนตำบล,ทุ่งสมอ,ทุ่งสมอ,เขาค้อ,เพชรบูรณ์,"15,730.69",2559,สจป.4 สาขาพิษณุโลก,องค์การบริหารส่วนตำบลทุ่งสมอ,16.7049361,101.0441677,50,https://drive.google.com/file/d/1KMFvpKP-e0WJKZ_FKIGYaZU5-yrO_Es0/view?usp=drive_link,,
1335,องค์การบริหารส่วนตำบล,ชนแดน,ชนแดน,ชนแดน,เพชรบูรณ์,"28,538.63",2550,สจป.4 สาขาพิษณุโลก,องค์การบริหารส่วนตำบลชนแดน,16.1796884,100.9014567,55,,https://drive.google.com/file/d/1OJ0LZbNRCKw0NMvi5Tvzyw42Ik47Pvgs/view?usp=drive_link,https://drive.google.com/file/d/1FJO30M9NjR_2fyPaqNpBljnp6a1bEEdY/view?usp=drive_link
1336,องค์การบริหารส่วนตำบล,ซับพุทรา,ซับพุทรา,ชนแดน,เพชรบูรณ์,"24,756.91",2550,สจป.4 สาขาพิษณุโลก,องค์การบริหารส่วนตำบลซับพุทรา,16.0545219,100.9193248,55,,https://drive.google.com/file/d/1E83cWbvX2ExptwHyoU4Yne9bMqhhaWv7/view?usp=drive_link,https://drive.google.com/file/d/1RGIx740bwYmdwq6ESoz3tsLz2l8H-7s8/view?usp=drive_link
1337,องค์การบริหารส่วนตำบล,ท่าข้าม,ท่าข้าม,ชนแดน,เพชรบูรณ์,"7,431.46",2550,สจป.4 สาขาพิษณุโลก,องค์การบริหารส่วนตำบลท่าข้าม,16.1646939,100.8073577,50,,https://drive.google.com/file/d/1cG5BgZx_l2wKXDp3bM10MWnBb_2OHODs/view?usp=drive_link,https://drive.google.com/file/d/1bLFLFLXJgSlrnDve2AlgCoX-KP6Okzyx/view?usp=drive_link
1338,องค์การบริหารส่วนตำบล,พุทธบาท,พุทธบาท,ชนแดน,เพชรบูรณ์,"52,182.60",2555,สจป.4 สาขาพิษณุโลก,องค์การบริหารส่วนตำบลพุทธบาท,16.2185086,100.8614468,55,https://drive.google.com/file/d/1QvqNmmYMxJ2mp_Nu4hV1N9OoWhUl82WD/view?usp=drive_link,,
1339,องค์การบริหารส่วนตำบล,ลาดแค,ลาดแค,ชนแดน,เพชรบูรณ์,"5,524.16",2550,สจป.4 สาขาพิษณุโลก,องค์การบริหารส่วนตำบลลาดแค,16.0221825,100.8559396,50,,https://drive.google.com/file/d/1ujqgm_00r4ePPeUVqEWch2Pe8W7UWdg5/view?usp=drive_link,https://drive.google.com/file/d/1d4V5FZyg9J1_FHUxZuLqAD2EfDj_ZK83/view?usp=drive_link
1340,เทศบาลตำบล,ศาลาลาย,ศาลาลาย,ชนแดน,เพชรบูรณ์,"4,478.40",2555,สจป.4 สาขาพิษณุโลก,เทศบาลตำบลศาลาลาย,16.120739,100.792249,50,https://drive.google.com/file/d/1_EE3lljyt8qoQrUTr5rin3DGemSe7_gL/view?usp=drive_link,,
1341,องค์การบริหารส่วนตำบล,น้ำหนาว,น้ำหนาว,น้ำหนาว,เพชรบูรณ์,"88,861.15",2550,สจป.4 สาขาพิษณุโลก,องค์การบริหารส่วนตำบลน้ำหนาว,16.7700974,101.6692423,55,,https://drive.google.com/file/d/10jA98_3CzbF50KXZpODdtmqENOr1AfdF/view?usp=drive_link,
1342,องค์การบริหารส่วนตำบล,วังกวาง,วังกวาง,น้ำหนาว,เพชรบูรณ์,"104,798.12",2555,สจป.4 สาขาพิษณุโลก,องค์การบริหารส่วนตำบลวังกวาง,16.906561,101.6442679,55,https://drive.google.com/file/d/142ztYbkTR8uNIdKIWpA-cVdfTjCNuBI6/view?usp=drive_link,,
1343,องค์การบริหารส่วนตำบล,กันจุ,กันจุ,บึงสามพัน,เพชรบูรณ์,"2,403.45",2555,สจป.4 สาขาพิษณุโลก,องค์การบริหารส่วนตำบลกันจุ,15.83645557,101.1407804,50,https://drive.google.com/file/d/1_iZtZB4TNEDps-fvIQxnSNsu9kgMYe_6/view?usp=drive_link,,
1344,องค์การบริหารส่วนตำบล,ซับไม้แดง,ซับไม้แดง,บึงสามพัน,เพชรบูรณ์,"7,207.60",2555,สจป.4 สาขาพิษณุโลก,องค์การบริหารส่วนตำบลซับไม้แดง,15.7649586,100.9391283,50,,,
1345,องค์การบริหารส่วนตำบล,ซับสมอทอด,ซับสมอทอด,บึงสามพัน,เพชรบูรณ์,"2,169.21",2555,สจป.4 สาขาพิษณุโลก,องค์การบริหารส่วนตำบลซับสมอทอด,15.7787082,100.9835601,50,https://drive.google.com/file/d/1uQYAf7MrSkJnqTw-1K1pgrkqLcRSwmsq/view?usp=drive_link,,
1346,องค์การบริหารส่วนตำบล,พญาวัง,พญาวัง,บึงสามพัน,เพชรบูรณ์,"12,244.40",2555,สจป.4 สาขาพิษณุโลก,องค์การบริหารส่วนตำบลพญาวัง,15.8754701,100.8602361,50,https://drive.google.com/file/d/1ncv2wJ-p4QtyaDwI7D05razkzrCihQp-/view?usp=drive_link,,
1347,องค์การบริหารส่วนตำบล,วังพิกุล,วังพิกุล,บึงสามพัน,เพชรบูรณ์,317.8,2555,สจป.4 สาขาพิษณุโลก,องค์การบริหารส่วนตำบลวังพิกุล,15.7163691,100.8391111,0,https://drive.google.com/file/d/1bU-j-uZIpr1a7KrEsftWWFMKI8OQRYUa/view?usp=drive_link,,
1348,องค์การบริหารส่วนตำบล,ศรีมงคล,ศรีมงคล,บึงสามพัน,เพชรบูรณ์,485.49,2555,สจป.4 สาขาพิษณุโลก,องค์การบริหารส่วนตำบลศรีมงคล,15.81824,100.814352,45,https://drive.google.com/file/d/1g5JrL18uy8EVb8xi3YmfysFGIGzGQWhV/view?usp=drive_link,,
1349,องค์การบริหารส่วนตำบล,สระแก้ว,สระแก้ว,บึงสามพัน,เพชรบูรณ์,"47,883.37",2555,สจป.4 สาขาพิษณุโลก,องค์การบริหารส่วนตำบลสระแก้ว,15.8736153,101.2346035,60,https://drive.google.com/file/d/1ReSnXWnjgBIpABdFWFjbvUx2e552PeCS/view?usp=drive_link,,
1350,องค์การบริหารส่วนตำบล,หนองแจง,หนองแจง,บึงสามพัน,เพชรบูรณ์,"3,947.31",2555,สจป.4 สาขาพิษณุโลก,องค์การบริหารส่วนตำบลหนองแจง,15.864917,101.014119,50,https://drive.google.com/file/d/1WhSuDjLu9DEl2oKeeuaPsvX-MPKrV8Lo/view?usp=drive_link,,
1351,องค์การบริหารส่วนตำบล,ตะเบาะ,ตะเบาะ,เมืองเพชรบูรณ์,เพชรบูรณ์,"39,008.96",2550,สจป.4 สาขาพิษณุโลก,องค์การบริหารส่วนตำบลตะเบาะ,16.33595429,101.294632,55,,https://drive.google.com/file/d/12MFRu2dk9H9UiuhgtQmNcbsdzEmO_UgP/view?usp=drive_link,https://drive.google.com/file/d/1wNK9I1gccgAvPqwFzkeGLg5IuG-mhzcy/view?usp=drive_link
1352,องค์การบริหารส่วนตำบล,ท่าพล,ท่าพล,เมืองเพชรบูรณ์,เพชรบูรณ์,"13,266.22",2559,สจป.4 สาขาพิษณุโลก,องค์การบริหารส่วนตำบลท่าพล,16.590904,101.152861,50,https://drive.google.com/file/d/1cfL4jAybaBUmuwQ_Hf-ytOS3yx1DuBt9/view?usp=drive_link,,
1353,เทศบาลตำบล,นางั่ว,นางั่ว,เมืองเพชรบูรณ์,เพชรบูรณ์,"1,755.82",2559,สจป.4 สาขาพิษณุโลก,เทศบาลตำบลนางั่ว,16.5244357,101.1590804,50,https://drive.google.com/file/d/1xgCAdNIWABX0ojVd_nDIIt5BS_vDnW7A/view?usp=drive_link,,
1354,องค์การบริหารส่วนตำบล,นาป่า,นาป่า,เมืองเพชรบูรณ์,เพชรบูรณ์,"3,553.35",2555,สจป.4 สาขาพิษณุโลก,องค์การบริหารส่วนตำบลนาป่า,16.3939592,101.23426,50,https://drive.google.com/file/d/1KdTatSKDFPaujV7kJln14E_fLa4RFzQ1/view?usp=drive_link,,
1355,องค์การบริหารส่วนตำบล,นายม,นายม,เมืองเพชรบูรณ์,เพชรบูรณ์,"83,979.48",2549,สจป.4 สาขาพิษณุโลก,องค์การบริหารส่วนตำบลนายม,16.253764,101.1159586,60,,https://drive.google.com/file/d/12WhdMkopzDNVD7gykrehrxohTTE5fdyF/view?usp=drive_link,
1356,องค์การบริหารส่วนตำบล,บ้านโตก,บ้านโคก,เมืองเพชรบูรณ์,เพชรบูรณ์,"40,908.39",2555,สจป.4 สาขาพิษณุโลก,องค์การบริหารส่วนตำบลบ้านโตก,16.366051,101.108886,50,https://drive.google.com/file/d/1qNruSe_KV61Nt1eaoB1q1bYHlbgvKxTM/view?usp=drive_link,,
1357,องค์การบริหารส่วนตำบล,ป่าเลา,ป่าเลา,เมืองเพชรบูรณ์,เพชรบูรณ์,"38,588.32",2559,สจป.4 สาขาพิษณุโลก,องค์การบริหารส่วนตำบลป่าเลา,16.452256,101.10037,50,https://drive.google.com/file/d/1c3G72lISfGMKfYn5JRlbZX1d7GJsimw7/view?usp=drive_link,,
1358,องค์การบริหารส่วนตำบล,ระวิง,ระวิง,เมืองเพชรบูรณ์,เพชรบูรณ์,"3,846.92",2555,สจป.4 สาขาพิษณุโลก,องค์การบริหารส่วนตำบลระวิง,16.1605591,101.1407917,50,https://drive.google.com/file/d/11RNav9WFg8o8j2F93T6ZTwn1B-BCdZIH/view?usp=drive_link,,
1359,องค์การบริหารส่วนตำบล,วังชมภู,วังชมภู,เมืองเพชรบูรณ์,เพชรบูรณ์,"27,426.85",2549,สจป.4 สาขาพิษณุโลก,องค์การบริหารส่วนตำบลวังชมภู,16.2507205,101.0700235,55,,https://drive.google.com/file/d/1ayeigrSDMLM61L22kPb_AShg8uBptT3L/view?usp=drive_link,https://drive.google.com/file/d/1o45aytKlVMU9MQfUHQ-t4TsTRUSRueGF/view?usp=drive_link
1360,องค์การบริหารส่วนตำบล,ห้วยสะแก,ห้วยสะแก,เมืองเพชรบูรณ์,เพชรบูรณ์,"11,327.32",2555,สจป.4 สาขาพิษณุโลก,องค์การบริหารส่วนตำบลห้วยสะแก,16.1966697,101.0883942,50,https://drive.google.com/file/d/1cEHEsFeV5u6y0P2E6thH5NPVXtlnAleZ/view?usp=drive_link,,
1361,องค์การบริหารส่วนตำบล,ห้วยใหญ่,ห้วยใหญ่,เมืองเพชรบูรณ์,เพชรบูรณ์,"13,455.28",2555,สจป.4 สาขาพิษณุโลก,องค์การบริหารส่วนตำบลห้วยใหญ่,16.4729358,101.2989962,50,https://drive.google.com/file/d/1OprWts8GbATCYbAWrJd-o4ZmR2GlTYVA/view?usp=drive_link,,
1362,องค์การบริหารส่วนตำบล,ซับเปิบ,ซับเปิบ,วังโป่ง,เพชรบูรณ์,"21,533.70",2555,สจป.4 สาขาพิษณุโลก,องค์การบริหารส่วนตำบลซับเปิบ,16.377412,100.8870724,50,https://drive.google.com/file/d/170LFS6npAVd3b0pab6N6SBFjVTb8PopT/view?usp=drive_link,,
1363,เทศบาลตำบล,ท้ายดง,ท้ายดง,วังโป่ง,เพชรบูรณ์,0,2555,สจป.4 สาขาพิษณุโลก,เทศบาลตำบลท้ายดง,16.3245772,100.7405745,0,https://drive.google.com/file/d/1WvISMMdcEhXHbgkN60n0-_viP5VnkpNY/view?usp=drive_link,,
1364,องค์การบริหารส่วนตำบล,ท้ายดง,ท้ายดง,วังโป่ง,เพชรบูรณ์,5.53,2550,สจป.4 สาขาพิษณุโลก,องค์การบริหารส่วนตำบลท้ายดง,16.3057364,100.7142243,0,,https://drive.google.com/file/d/14eByrc-vSJFMtw8bxGBFQbRuHQsac0Jp/view?usp=drive_link,https://drive.google.com/file/d/1bNTyCQ4nmtv5hn-F8lkO9nc78kI1Xhxu/view?usp=drive_link
1365,องค์การบริหารส่วนตำบล,วังโป่ง,วังโป่ง,วังโป่ง,เพชรบูรณ์,"9,314.38",2555,สจป.4 สาขาพิษณุโลก,องค์การบริหารส่วนตำบลวังโป่ง,16.31248898,100.8047855,50,https://drive.google.com/file/d/1or6M6_Qtlba9GwJI7mLUbOI8731pXTqU/view?usp=drive_link,,
1366,องค์การบริหารส่วนตำบล,วังศาล,วังศาล,วังโป่ง,เพชรบูรณ์,274.84,2550,สจป.4 สาขาพิษณุโลก,องค์การบริหารส่วนตำบลวังศาล,16.2749257,100.78643,45,,https://drive.google.com/file/d/1HH-RktrW0ofDhqXRO1ufN6s4QI4aUA5i/view?usp=drive_link,https://drive.google.com/file/d/1pp4dRDZkL5j3vmaTvW2TdKPAjg-Su3dZ/view?usp=drive_link
1367,องค์การบริหารส่วนตำบล,วังหิน,วังหิน,วังโป่ง,เพชรบูรณ์,"15,021.13",2555,สจป.4 สาขาพิษณุโลก,องค์การบริหารส่วนตำบลวังหิน,16.3526244,100.7105876,50,https://drive.google.com/file/d/1ewYx9OSEobjPcmN28mYo88yD8Z-Acmsx/view?usp=drive_link,,
1368,องค์การบริหารส่วนตำบล,ซับสมบูรณ์,ซับสมบูรณ์,วิเชียรบุรี,เพชรบูรณ์,"3,429.28",2550,สจป.4 สาขาพิษณุโลก,องค์การบริหารส่วนตำบลซับสมบูรณ์,15.6527877,100.9568614,50,,https://drive.google.com/file/d/1FnotyfQgbiIB23tKRulSMAtkH8B2KKp0/view?usp=drive_link,https://drive.google.com/file/d/1jiRk9bftqatfFkcnFBL6zE54N17B9WqS/view?usp=drive_link
1369,องค์การบริหารส่วนตำบล,น้ำร้อน,น้ำร้อน,วิเชียรบุรี,เพชรบูรณ์,"15,250.73",2555,สจป.4 สาขาพิษณุโลก,องค์การบริหารส่วนตำบลน้ำร้อน,16.34154478,101.1873919,50,https://drive.google.com/file/d/119clrTsdyxAUTpACjAYF6Pgaee22LEXm/view?usp=drive_link,,
1370,องค์การบริหารส่วนตำบล,บ่อรัง,บ่อรัง,วิเชียรบุรี,เพชรบูรณ์,"11,016.74",2550,สจป.4 สาขาพิษณุโลก,องค์การบริหารส่วนตำบลบ่อรัง,15.58922626,101.1829555,50,,https://drive.google.com/file/d/1AdftRxKFWU2OVuSprteAGFxcbUhGvr9l/view?usp=drive_link,https://drive.google.com/file/d/1mQR0MW5oU9Qq1DLUZSiUlbX9OxJQDeRJ/view?usp=drive_link
1371,องค์การบริหารส่วนตำบล,ยางสาว,ยางสาว,วิเชียรบุรี,เพชรบูรณ์,"61,878.18",2549,สจป.4 สาขาพิษณุโลก,องค์การบริหารส่วนตำบลยางสาว,15.747631,101.251321,60,,https://drive.google.com/file/d/1cOjj8XEJKcwgaFSp-z0faeNz_m1JZncK/view?usp=drive_link,https://drive.google.com/file/d/1MNN-WACbTy28W0yD3RPoELAtkUIX8MAT/view?usp=drive_link
1372,องค์การบริหารส่วนตำบล,สระกรวด,สระกรวด,ศรีเทพ,เพชรบูรณ์,478.69,2550,สจป.4 สาขาพิษณุโลก,องค์การบริหารส่วนตำบลสระกรวด,15.452503,101.0716257,45,,https://drive.google.com/file/d/11mw41icSmfObtyohi9BJ6hUcocuI3N_z/view?usp=drive_link,https://drive.google.com/file/d/1ekxzQJ9sJ_TYn_Zjmy8emn1T4zYrGcYA/view?usp=drive_link
1373,องค์การบริหารส่วนตำบล,ท่าด้วง,ท่าด้วง,หนองไผ่,เพชรบูรณ์,"39,105.39",2555,สจป.4 สาขาพิษณุโลก,องค์การบริหารส่วนตำบลท่าด้วง,16.01149599,101.3008118,50,,,
1374,องค์การบริหารส่วนตำบล,ตาดกลอย,ตาดกลอย,หล่มเก่า,เพชรบูรณ์,"77,036.35",2555,สจป.4 สาขาพิษณุโลก,องค์การบริหารส่วนตำบลตาดกลอย,17.00386678,101.3661182,60,https://drive.google.com/file/d/1VZ1u2EawPSP5-PWyu9_gNnElfHOkQfR6/view?usp=drive_link,,
1375,องค์การบริหารส่วนตำบล,นาซำ,นาซำ,หล่มเก่า,เพชรบูรณ์,"6,808.27",2555,สจป.4 สาขาพิษณุโลก,องค์การบริหารส่วนตำบลนาซำ,17.00708321,101.2299746,50,https://drive.google.com/file/d/1acL_kEIG6U3ZkK0XWHtqxAKIc_AZ6Snq/view?usp=drive_link,,
1376,องค์การบริหารส่วนตำบล,ศิลา,ศิลา,หล่มเก่า,เพชรบูรณ์,"52,347.82",2548,สจป.4 สาขาพิษณุโลก,องค์การบริหารส่วนตำบลศิลา,17.029315,101.2910195,60,,https://drive.google.com/file/d/1BmRKhed6FlOMTO2SocNklMIrlTyp7MjC/view?usp=drive_link,https://drive.google.com/file/d/1WV-TBy4zEPH_Y9fDcfrMdu5mCXCNCCfe/view?usp=drive_link
1377,องค์การบริหารส่วนตำบล,ช้างตะลูด,ช้างตะลูด,หล่มสัก,เพชรบูรณ์,"5,189.47",2555,สจป.4 สาขาพิษณุโลก,องค์การบริหารส่วนตำบลช้างตะลูด,16.58891978,101.295619,50,https://drive.google.com/file/d/1W9BtYZkJikatnveo40cIOI4Rd_QH0-Qc/view?usp=drive_link,,
1378,องค์การบริหารส่วนตำบล,ท่าอิบุญ,ท่าอิบุญ,หล่มสัก,เพชรบูรณ์,"38,019.78",2550,สจป.4 สาขาพิษณุโลก,องค์การบริหารส่วนตำบลท่าอิบุญ,16.86816751,101.324548,55,,https://drive.google.com/file/d/1Zanb6OS29FMmLtaPdX1zSCRbKPTfXkro/view?usp=drive_link,
1379,องค์การบริหารส่วนตำบล,น้ำชุน,น้ำชุน,หล่มสัก,เพชรบูรณ์,"6,185.50",2555,สจป.4 สาขาพิษณุโลก,องค์การบริหารส่วนตำบลน้ำชุน,16.765408,101.172231,50,https://drive.google.com/file/d/1LJnosMC0j0pVwRhSvmY7_irA5WWwAOI8/view?usp=drive_link,,
1380,องค์การบริหารส่วนตำบล,บ้านกลาง,บ้านกลาง,หล่มสัก,เพชรบูรณ์,"2,592.98",2555,สจป.4 สาขาพิษณุโลก,องค์การบริหารส่วนตำบลบ้านกลาง,16.6147661,101.2600007,45,https://drive.google.com/file/d/18Z-vRedCax3BeUleebesbwnedxQX3saP/view?usp=drive_link,,
1381,องค์การบริหารส่วนตำบล,บ้านติ้ว,บ้านติ้ว,หล่มสัก,เพชรบูรณ์,"3,000.69",2555,สจป.4 สาขาพิษณุโลก,องค์การบริหารส่วนตำบลบ้านติ้ว,16.7953828,101.3045779,50,https://drive.google.com/file/d/1gNBEMfyizrPs2sL1YgRNYCkETUqWSSYq/view?usp=drive_link,,
1382,องค์การบริหารส่วนตำบล,บุ่งคล้า,บุ่งคล้า,หล่มสัก,เพชรบูรณ์,"1,195.45",2559,สจป.4 สาขาพิษณุโลก,องค์การบริหารส่วนตำบลบุ่งคล้า,16.6484459,101.1668826,50,https://drive.google.com/file/d/1v-s4hpPWsRXcVluQ6GcG9_ZMM6c81aLi/view?usp=drive_link,,
1383,องค์การบริหารส่วนตำบล,บุ่งน้ำเต้า,บุ่งน้ำเต้า,หล่มสัก,เพชรบูรณ์,"11,760.49",2559,สจป.4 สาขาพิษณุโลก,องค์การบริหารส่วนตำบลบุ่งน้ำเต้า,16.658227,101.161169,50,https://drive.google.com/file/d/1vdvRv2mMMzr8bP6nAHglAuzCpL1143S1/view?usp=drive_link,,
1384,องค์การบริหารส่วนตำบล,ปากช่อง,ปากช่อง,หล่มสัก,เพชรบูรณ์,"17,746.52",2555,สจป.4 สาขาพิษณุโลก,องค์การบริหารส่วนตำบลปากช่อง,16.7256659,101.2889101,50,https://drive.google.com/file/d/1JHYajsCOWMbOc4-8YB4wTdxiyj48A7hS/view?usp=drive_link,,
1385,องค์การบริหารส่วนตำบล,ห้วยไร่,ห้วยไร่,หล่มสัก,เพชรบูรณ์,"1,252.34",2555,สจป.4 สาขาพิษณุโลก,องค์การบริหารส่วนตำบลห้วยไร่,16.8303556,101.3193735,50,https://drive.google.com/file/d/1el3aJ6t2lvia7jB89-4ADOm7C5T4_FqS/view?usp=drive_link,,
1386,องค์การบริหารส่วนตำบล,เด่นชัย,เด่นชัย,เด่นชัย,แพร่,"7,847.16",2548,สจป.3 สาขาแพร่,องค์การบริหารส่วนตำบลเด่นชัย,17.97844736,100.0304961,50,,https://drive.google.com/file/d/1UA-6PyeceV2dZ4Lalml4_Vu8ck6pqT3Z/view?usp=drive_link,https://drive.google.com/file/d/1RDV36zIPWNdZbclmFW--TVsKlNXwWtvv/view?usp=drive_link
1387,องค์การบริหารส่วนตำบล,ไทรย้อย,ไทรย้อย,เด่นชัย,แพร่,"109,611.20",2555,สจป.3 สาขาแพร่,องค์การบริหารส่วนตำบลไทรย้อย,17.97490926,100.0114396,80,,https://drive.google.com/file/d/16DLQpttQ3h3UIJDLHWPeljBIuk_bN-6F/view?usp=drive_link,
1388,เทศบาลตำบล,ปงป่าหวาย,ปงป่าหวาย,เด่นชัย,แพร่,"15,801.08",2554,สจป.3 สาขาแพร่,เทศบาลตำบลปงป่าหวาย,18.017882,100.061005,50,https://drive.google.com/file/d/1_UvtFZ4OahxQ4ahERCqzm8EWMB-sHwzC/view?usp=drive_link,,
1389,องค์การบริหารส่วนตำบล,แม่จั๊วะ,แม่จั๊วะ,เด่นชัย,แพร่,"16,743.17",2548,สจป.3 สาขาแพร่,องค์การบริหารส่วนตำบลแม่จั๊วะ,17.98526415,100.1039886,50,,https://drive.google.com/file/d/1_gYw-NIFd3Obkjqf12pCGQXC-jzixo0u/view?usp=drive_link,https://drive.google.com/file/d/1FmfL32iTmPsRSC2uXNi9woQvJYbRAQua/view?usp=drive_link
1390,องค์การบริหารส่วนตำบล,ห้วยไร่,ห้วยไร่,เด่นชัย,แพร่,"84,591.79",2555,สจป.3 สาขาแพร่,องค์การบริหารส่วนตำบลห้วยไร่,17.9130751,100.0663378,80,,https://drive.google.com/file/d/1HeUCVWe7GCdG-UkYASxjbtfk43NtVr5G/view?usp=drive_link,
1391,เทศบาลตำบล,ช่อแฮ,ช่อแฮ,เมืองแพร่,แพร่,"10,338.56",2550,สจป.3 สาขาแพร่,เทศบาลตำบลช่อแฮ,18.08878348,100.2120175,50,,https://drive.google.com/file/d/1twkcKf08u92E1LHfOjX9OmWQKcwAR6Ha/view?usp=drive_link,
1392,องค์การบริหารส่วนตำบล,ท่าข้าม,ท่าข้าม,เมืองแพร่,แพร่,"1,776.00",2548,สจป.3 สาขาแพร่,องค์การบริหารส่วนตำบลท่าข้าม,18.2193367,100.1574839,50,,https://drive.google.com/file/d/1_QHZJYqpBn3gbCZymETk5AD97a_Rj1BL/view?usp=drive_link,https://drive.google.com/file/d/1eaSQhAs7YXwX6aufQGEJTWVpS-0vgW-a/view?usp=drive_link
1393,เทศบาลตำบล,บ้านถิ่น,บ้านถิ่น,เมืองแพร่,แพร่,"8,827.83",2550,สจป.3 สาขาแพร่,เทศบาลตำบลบ้านถิ่น,18.13630875,100.2037346,55,,https://drive.google.com/file/d/1RyKwwva9nJQrIbzUpfBgptmTkDySjpah/view?usp=drive_link,https://drive.google.com/file/d/1EF6Fee_eAtHZlXMH-teKA6edwQMumIib/view?usp=drive_link
1394,องค์การบริหารส่วนตำบล,ป่าแดง,ป่าแดง,เมืองแพร่,แพร่,"16,815.50",2548,สจป.3 สาขาแพร่,องค์การบริหารส่วนตำบลป่าแดง,18.1039401,100.2039986,60,,https://drive.google.com/file/d/1fzF10mJBZR-sxgSMiIKawirZgwVC3ixH/view?usp=drive_link,https://drive.google.com/file/d/1IHDp6Duw741jCID8P7NJRg7ObnhG2YNT/view?usp=drive_link
1395,เทศบาลตำบล,ป่าแมต,ป่าแมต,เมืองแพร่,แพร่,"5,173.54",2548,สจป.3 สาขาแพร่,เทศบาลตำบลป่าแมต,18.1446987,100.1211843,50,,https://drive.google.com/file/d/1-txuwm13yFqM73A0cUpgqOMM3wVZymsX/view?usp=drive_link,https://drive.google.com/file/d/1Be8dd-nEAPnDYpUoj_FjV1Sp_ZvyZ43s/view?usp=drive_link
1396,องค์การบริหารส่วนตำบล,ร่องฟอง,"ร่องฟอง,น้ำชำ",เมืองแพร่,แพร่,0,2548,สจป.3 สาขาแพร่,องค์การบริหารส่วนตำบลร่องฟอง,18.1688388,100.1847928,0,,https://drive.google.com/file/d/1l077U3kuYP2KHAq_5ZRAL-pU6ogeIbzi/view?usp=drive_link,https://drive.google.com/file/d/1DN9XndogbFdq2qKWnmidBL24JpSNsi_1/view?usp=drive_link
1397,องค์การบริหารส่วนตำบล,วังธง,วังธง,เมืองแพร่,แพร่,"1,902.56",2548,สจป.3 สาขาแพร่,องค์การบริหารส่วนตำบลวังธง,18.22543819,100.1081085,50,,https://drive.google.com/file/d/1vBIo7zbXTlufF0z0CeWEMN3OfyatIJv6/view?usp=drive_link,https://drive.google.com/file/d/1EpmNhD-FshzY7Ezm-Q2ldY4r9SG00E53/view?usp=drive_link
1398,เทศบาลตำบล,วังหงส์,วังหงส์,เมืองแพร่,แพร่,"7,646.20",2548,สจป.3 สาขาแพร่,เทศบาลตำบลวังหงส์,18.229611,100.1723568,50,,https://drive.google.com/file/d/1KaIstA3Xrc363T_z2P_HW5zyvE75YEWQ/view?usp=drive_link,https://drive.google.com/file/d/1DgT7XPdYEmRLnIY5BH3uWSDFpiLX47XZ/view?usp=drive_link
1399,เทศบาลตำบล,สวนเขื่อน,สวนเขื่อน,เมืองแพร่,แพร่,"27,884.98",2548,สจป.3 สาขาแพร่,เทศบาลตำบลสวนเขื่อน,18.12973743,100.2081415,60,,https://drive.google.com/file/d/1Yk_X0x-Yu09h-Pnmw6vNLzGvr4zb8kOj/view?usp=drive_link,https://drive.google.com/file/d/11ezi_LPuEaWvK0Y-pADhGOpAZEACPUac/view?usp=drive_link
1400,องค์การบริหารส่วนตำบล,ห้วยม้า,ห้วยม้า,เมืองแพร่,แพร่,"8,922.04",2548,สจป.3 สาขาแพร่,องค์การบริหารส่วนตำบลห้วยม้า,18.2123711,100.2488298,0,,https://drive.google.com/file/d/1voLOW8qw2jo_W6GcBe933bLl9DZQ6aiZ/view?usp=drive_link,https://drive.google.com/file/d/1GQdZd7zQ7np4oaUk7anf4JBid3gJi7-n/view?usp=drive_link
1401,เทศบาลตำบล,ร้องกวาง,ทุ่งศรี,ร้องกวาง,แพร่,"13,087.23",2550,สจป.3 สาขาแพร่,เทศบาลตำบลร้องกวาง,18.3143691,100.3011585,50,,,https://drive.google.com/file/d/1UtFEo-1NAapAKXifrrBWFiSLdsVP_LFI/view?usp=drive_link
1402,เทศบาลตำบล,น้ำเลา,น้ำเลา,ร้องกวาง,แพร่,"23,695.16",2550,สจป.3 สาขาแพร่,เทศบาลตำบลน้ำเลา,18.2592919,100.3105607,55,,https://drive.google.com/file/d/1YZ8rri4eeZmxKysKJTp5OuI2uvdQ0Mg1/view?usp=drive_link,https://drive.google.com/file/d/1VBZcMyOmSOyHE94RYEpp7gLubVSkdwF0/view?usp=drive_link
1403,เทศบาลตำบล,บ้านเวียง,บ้านเวียง,ร้องกวาง,แพร่,"101,558.01",2548,สจป.3 สาขาแพร่,เทศบาลตำบลบ้านเวียง,18.21249564,100.279206,60,,https://drive.google.com/file/d/1JW_YqR6l7Fuf-HTMXOWA5sSdYj3JWd3b/view?usp=drive_link,https://drive.google.com/file/d/1sBSAr7yfL5ZR-_TdxL2WMnjVbLd0yLfK/view?usp=drive_link
1404,องค์การบริหารส่วนตำบล,ไผ่โทน,ไผ่โทน,ร้องกวาง,แพร่,"77,675.95",2548,สจป.3 สาขาแพร่,องค์การบริหารส่วนตำบลไผ่โทน,18.3845971,100.4316754,60,,https://drive.google.com/file/d/1Q6u6wFjXVJvI7WM9gx1ZV259G_uNL-N-/view?usp=drive_link,https://drive.google.com/file/d/1lTSWNx_Z7DpqfUm2dRafbERDAdQor8Wv/view?usp=drive_link
1405,เทศบาลตำบล,แม่ทราย,แม่ทราย,ร้องกวาง,แพร่,"39,019.16",2550,สจป.3 สาขาแพร่,เทศบาลตำบลแม่ทราย,18.40795774,100.3525543,55,,https://drive.google.com/file/d/1tNY7mnmBiflgzl_1DgV86k92-L9ORQ7b/view?usp=drive_link,https://drive.google.com/file/d/1n0GwKrT6wIXCt3Flhn33pWhH5gO5HfWX/view?usp=drive_link
1406,องค์การบริหารส่วนตำบล,แม่ยางร้อง,แม่ยางร้อง,ร้องกวาง,แพร่,"3,679.55",2554,สจป.3 สาขาแพร่,องค์การบริหารส่วนตำบลแม่ยางร้อง,18.3489936,100.2220905,50,https://drive.google.com/file/d/1RNyOt1ckXXk_ZaZauBRZX0BEN9mAj5Mc/view?usp=drive_link,,
1407,เทศบาลตำบล,แม่ยางฮ่อ,แม่ยางฮ่อ,ร้องกวาง,แพร่,274.83,2550,สจป.3 สาขาแพร่,เทศบาลตำบลแม่ยางฮ่อ,18.33447819,100.2743258,50,,https://drive.google.com/file/d/1-fLBb26d_iOFiAyrHyCPefV7lzQmzwKX/view?usp=drive_link,https://drive.google.com/file/d/1MAaCUGaMkjdCepKEEeZYe1n2BXmOGwHJ/view?usp=drive_link
1408,เทศบาลตำบล,ร้องกวาง,ร้องกวาง,ร้องกวาง,แพร่,"28,563.01",2548,สจป.3 สาขาแพร่,เทศบาลตำบลร้องกวาง,18.3336983,100.3142013,50,,https://drive.google.com/file/d/1uKoe-Mf9s0_doSbRoBtye-mrKLYqDd67/view?usp=drive_link,https://drive.google.com/file/d/1Ipa_NIDbosoPR4V9LqwvUphp3iux-BlQ/view?usp=drive_link
1409,องค์การบริหารส่วนตำบล,ห้วยโรง,ห้วยโรง,ร้องกวาง,แพร่,"88,240.88",2550,สจป.3 สาขาแพร่,องค์การบริหารส่วนตำบลห้วยโรง,18.4203085,100.4746193,60,,https://drive.google.com/file/d/1bHH_5_6sBoc-WlY_DrQMNnhVCu7z-lOI/view?usp=drive_link,
1410,องค์การบริหารส่วนตำบล,ต้าผามอก,ต้าผามอก,ลอง,แพร่,"100,736.54",2554,สจป.3 สาขาแพร่,องค์การบริหารส่วนตำบลต้าผามอก,18.1589918,99.9424455,80,,https://drive.google.com/file/d/1-Hpvbjvf1vTTSdMPFWpXrvNJyaroJAs3/view?usp=drive_link,
1411,องค์การบริหารส่วนตำบล,ทุ่งแล้ง,ทุ่งแล้ง,ลอง,แพร่,"19,707.11",2554,สจป.3 สาขาแพร่,องค์การบริหารส่วนตำบลทุ่งแล้ง,17.9706824,99.7458324,50,https://drive.google.com/file/d/1XhCio1xZTXJxvJsLrYYj1ag3BATTBC5A/view?usp=drive_link,,
1412,เทศบาลตำบล,บ่อเหล็กลอง,บ่อเหล็กลอง,ลอง,แพร่,"18,102.80",2550,สจป.3 สาขาแพร่,เทศบาลตำบลบ่อเหล็กลอง,18.05695015,99.77629412,50,,https://drive.google.com/file/d/1EN6RsCaAJL1C9v_qhT7-ZqpLcecfUG37/view?usp=drive_link,https://drive.google.com/file/d/17nKLpq0SXUYCZuikX94eUub4fh6zOrdJ/view?usp=drive_link
1413,องค์การบริหารส่วนตำบล,บ้านปิน,บ้านปิน,ลอง,แพร่,"72,474.22",2548,สจป.3 สาขาแพร่,องค์การบริหารส่วนตำบลบ้านปิน,18.1141073,99.8691406,80,,https://drive.google.com/file/d/1kaVIbufZA8lIrzMXBkcKIzhOcMJw73VJ/view?usp=drive_link,
1414,เทศบาลตำบล,ปากกาง,ปากกาง,ลอง,แพร่,"5,170.85",2554,สจป.3 สาขาแพร่,เทศบาลตำบลปากกาง,18.35973916,100.2420044,50,https://drive.google.com/file/d/1d7W2uOG9WCBlZsZW9vZilfouJHFujnP1/view?usp=drive_link,,
1415,เทศบาลตำบล,แม่ปาน,แม่ปาน,ลอง,แพร่,"79,842.75",2559,สจป.3 สาขาแพร่,เทศบาลตำบลแม่ปาน,18.02581249,99.85530496,80,https://drive.google.com/file/d/1Iy4FXX4sT4FoR_Y8Pd4uasqryrdShIYz/view?usp=drive_link,,
1416,เทศบาลตำบล,เวียงต้า,เวียงต้า,ลอง,แพร่,"135,321.47",2548,สจป.3 สาขาแพร่,เทศบาลตำบลเวียงต้า,18.26240578,99.99054193,80,,https://drive.google.com/file/d/1sNEhzMZe9pwKR-ihF212LFijUTtNtd4l/view?usp=drive_link,https://drive.google.com/file/d/1GaVcaUj_mvl4V3zrvUtURzjNSuUZiqKx/view?usp=drive_link
1417,เทศบาลตำบล,แม่ลานนา,ห้วยอ้อ,ลอง,แพร่,"43,248.07",2548,สจป.3 สาขาแพร่,เทศบาลตำบลแม่ลานนา,18.0540072,99.8342597,55,,https://drive.google.com/file/d/1Hsrp3UXBEt3pLVIydD_yIXHy7WfKRHTd/view?usp=drive_link,https://drive.google.com/file/d/1u9rzFL2slDCCAoOkEGB9T5JFBo8qOwm3/view?usp=drive_link
1418,องค์การบริหารส่วนตำบล,หัวทุ่ง,หัวทุ่ง,ลอง,แพร่,"24,205.27",2548,สจป.3 สาขาแพร่,องค์การบริหารส่วนตำบลหัวทุ่ง,18.0668694,99.7927048,55,,https://drive.google.com/file/d/1fJA4kWCXQBqzLYz9VqNo9Wu_sVx3FAxy/view?usp=drive_link,https://drive.google.com/file/d/1hsKdsJNOYDq3eA_OwxhmriqRL2ceY_id/view?usp=drive_link
1419,องค์การบริหารส่วนตำบล,นาพูน,นาพูน,วังชิ้น,แพร่,"174,497.90",2554,สจป.3 สาขาแพร่,องค์การบริหารส่วนตำบลนาพูน,17.785454,99.7654405,100,https://drive.google.com/file/d/1G54ZSFlemRWfYbBJj4qkQRpivYZhWUMI/view?usp=drive_link,,
1420,องค์การบริหารส่วนตำบล,ป่าสัก,ป่าสัก,วังชิ้น,แพร่,"16,838.60",2554,สจป.3 สาขาแพร่,องค์การบริหารส่วนตำบลป่าสัก,17.8029066,99.4958431,50,https://drive.google.com/file/d/1N1UZUMUkGvtE0dXID5GfMF21LZiEKVcf/view?usp=drive_link,,
1421,องค์การบริหารส่วนตำบล,แม่เกิ๋ง,แม่เกิ๋ง,วังชิ้น,แพร่,"3,454.61",2555,สจป.3 สาขาแพร่,องค์การบริหารส่วนตำบลแม่เกิ๋ง,17.9262796,99.6022682,50,,https://drive.google.com/file/d/1TvvSg_cSROdwCF5sazOHe_G5trUCXBpd/view?usp=drive_link,
1422,องค์การบริหารส่วนตำบล,แม่ป้าก,แม่ป้าก,วังชิ้น,แพร่,"1,500.27",2550,สจป.3 สาขาแพร่,องค์การบริหารส่วนตำบลแม่ป้าก,17.9823601,99.6462472,45,,https://drive.google.com/file/d/1lUlHCGCr9oYGHuXsdnQk8-FiODQtRHYJ/view?usp=drive_link,https://drive.google.com/file/d/1nQ4YbdKZtSX0vbisekZURLOJykvOEIWA/view?usp=drive_link
1423,องค์การบริหารส่วนตำบล,แม่พุง,แม่พุง,วังชิ้น,แพร่,"33,609.57",2555,สจป.3 สาขาแพร่,องค์การบริหารส่วนตำบลแม่พุง,17.8915073,99.5751117,55,,https://drive.google.com/file/d/1_SKvE_5VZ4QVOngREFOs0jZKunRuOEXu/view?usp=drive_link,
1424,องค์การบริหารส่วนตำบล,วังชิ้น,วังชิ้น,วังชิ้น,แพร่,"44,291.75",2554,สจป.3 สาขาแพร่,องค์การบริหารส่วนตำบลวังชิ้น,17.87922717,99.61918741,55,https://drive.google.com/file/d/18u3Uf9VLMNgU8_lZ-NVsn3x5Pr4bBWx_/view?usp=drive_link,,
1425,องค์การบริหารส่วนตำบล,สรอย,สรอย,วังชิ้น,แพร่,"40,069.70",2550,สจป.3 สาขาแพร่,องค์การบริหารส่วนตำบลสรอย,17.7686179,99.4404706,60,,https://drive.google.com/file/d/1J8N_61peCV3-nL3CLTKq0wiFbIGYk_Ir/view?usp=drive_link,https://drive.google.com/file/d/1cTwQV5uNyAJdcdaaIz3QOXallA4m5ycf/view?usp=drive_link
1426,เทศบาลตำบล,เตาปูน,เตาปูน,สอง,แพร่,"212,298.50",2555,สจป.3 สาขาแพร่,เทศบาลตำบลเตาปูน,18.5145458,100.1989002,100,,https://drive.google.com/file/d/1mrCcFfGmVnHG-vG9btdWaYz0PJrBZm-p/view?usp=drive_link,
1427,เทศบาลตำบล,ทุ่งน้าว,ทุ่งน้าว,สอง,แพร่,"4,025.03",2554,สจป.3 สาขาแพร่,เทศบาลตำบลทุ่งน้าว,18.3890292,100.1930406,50,https://drive.google.com/file/d/13cFppYXxjctn8IbPu1tqXn3K5sx7zIiR/view?usp=drive_link,,
1428,องค์การบริหารส่วนตำบล,บ้านกลาง,บ้านกลาง,สอง,แพร่,"31,314.35",2554,สจป.3 สาขาแพร่,องค์การบริหารส่วนตำบลบ้านกลาง,18.4820012,100.1765641,55,,,
1429,องค์การบริหารส่วนตำบล,บ้านหนุน,บ้านหนุน,สอง,แพร่,"21,790.37",2550,สจป.3 สาขาแพร่,องค์การบริหารส่วนตำบลบ้านหนุน,18.44887593,100.1838219,50,,https://drive.google.com/file/d/1YJM7ZoMyzYdb6f_I9NsC8JEWCuleYT0k/view?usp=drive_link,https://drive.google.com/file/d/1z0VrmKywIQFlaZaTLRdjnseOYwqaKkri/view?usp=drive_link
1430,เทศบาลตำบล,สะเอียบ,สะเอียบ,สอง,แพร่,"121,965.84",2555,สจป.3 สาขาแพร่,เทศบาลตำบลสะเอียบ,18.725821,100.23692,80,,https://drive.google.com/file/d/1h15tW9ss_dlrxT58x42O9PldN5j7luAY/view?usp=drive_link,
1431,เทศบาลตำบล,ห้วยหม้าย,ห้วยหม้าย,สอง,แพร่,"62,674.96",2554,สจป.3 สาขาแพร่,เทศบาลตำบลห้วยหม้าย,18.4216678,100.1403074,60,https://drive.google.com/file/d/12vpeV4HHvie6NXQO4kv2No8xcAvbMKI2/view?usp=drive_link,,
1432,องค์การบริหารส่วนตำบล,บ้านกวาง,บ้านกวาง,สูงเม่น,แพร่,"4,796.00",2567,สจป.3 สาขาแพร่,องค์การบริหารส่วนตำบลบ้านกวาง,18.0704367,100.1821675,50,https://drive.google.com/file/d/1A9QeMLOArXsVqM8re-7Eg8Fk6PhA_Wev/view?usp=drive_link,,
1433,องค์การบริหารส่วนตำบล,บ้านปง,บ้านปง,สูงเม่น,แพร่,"15,638.62",2550,สจป.3 สาขาแพร่,องค์การบริหารส่วนตำบลบ้านปง,18.0600926,100.0749036,50,,https://drive.google.com/file/d/1yp8qvirmD1SCEoFU_aOLbWEcHBZv2URP/view?usp=drive_link,https://drive.google.com/file/d/1Dmr62qsk4Na3bBD6Lnstfl8xMvpzTEDr/view?usp=drive_link
1434,องค์การบริหารส่วนตำบล,บ้านเหล่า,บ้านเหล่า,สูงเม่น,แพร่,"6,075.00",2568,สจป.3 สาขาแพร่,องค์การบริหารส่วนตำบลบ้านเหล่า,18.0643319,100.1520367,50,https://drive.google.com/file/d/1uRsug5jU75G7lkHQ0zu6dtyM54w3rFXF/view?usp=drive_link,,
1435,องค์การบริหารส่วนตำบล,เวียงทอง,เวียงทอง,สูงเม่น,แพร่,"2,656.00",2548,สจป.3 สาขาแพร่,องค์การบริหารส่วนตำบลเวียงทอง,18.11034574,100.1226461,50,,https://drive.google.com/file/d/15beu-1w3V2qlayO0BoPB0KvmQya43e4d/view?usp=drive_link,https://drive.google.com/file/d/1qwdm2qwn-1VV8P0jPBjQM7FdGTPCUeL0/view?usp=drive_link
1436,องค์การบริหารส่วนตำบล,สบสาย,สบสาย,สูงเม่น,แพร่,"2,164.76",2548,สจป.3 สาขาแพร่,องค์การบริหารส่วนตำบลสบสาย,18.0819524,100.1205107,50,,https://drive.google.com/file/d/16N2kzNfukc091Gx27WzhrQvjUOHPTAZK/view?usp=drive_link,https://drive.google.com/file/d/1qzl4ioOvSUQTdnCi_JTC6hN7KE2ltPMD/view?usp=drive_link
1437,องค์การบริหารส่วนตำบล,หัวฝาย,หัวฝาย,สูงเม่น,แพร่,"20,575.00",2568,สจป.3 สาขาแพร่,องค์การบริหารส่วนตำบลหัวฝาย,18.0297277,100.1239583,55,https://drive.google.com/file/d/1NOf6DU4XIc2NAF_AxlLCxp0UANnH_rUD/view?usp=drive_link,,
1438,องค์การบริหารส่วนตำบล,ทุ่งแค้ว,ทุ่งแค้ว,หนองม่วงไข่,แพร่,"23,308.95",2550,สจป.3 สาขาแพร่,องค์การบริหารส่วนตำบลทุ่งแค้ว,18.3012684,100.1510693,55,,https://drive.google.com/file/d/1jtvYx5uuE5kSImqXL8C4Tu9L6nO2wR_S/view?usp=drive_link,https://drive.google.com/file/d/1F0vq9hKAc51h4iZ-1hHHLHsfG_j3s_07/view?usp=drive_link
1439,องค์การบริหารส่วนตำบล,น้ำรัด,น้ำรัด,หนองม่วงไข่,แพร่,"6,198.39",2548,สจป.3 สาขาแพร่,องค์การบริหารส่วนตำบลน้ำรัด,18.2795368,100.1785027,50,,https://drive.google.com/file/d/1r8ymYkiuOOXk5LtBza85DhlF1e8SoLnT/view?usp=drive_link,https://drive.google.com/file/d/1M2lKKRhJLdveleqp3AvE6pXidLJYN6Sb/view?usp=drive_link
1440,องค์การบริหารส่วนตำบล,วังหลวง,วังหลวง,หนองม่วงไข่,แพร่,"5,063.33",2548,สจป.3 สาขาแพร่,องค์การบริหารส่วนตำบลวังหลวง,18.2829852,100.1746729,50,,https://drive.google.com/file/d/1Mb2Rpg3Jov1qntNWpcClTBkTGJllEvXP/view?usp=drive_link,https://drive.google.com/file/d/1JL3f-6ykVqoxT2V-dlfy9na0uMQV8Hsn/view?usp=drive_link
1441,องค์การบริหารส่วนตำบล,กมลา,กมลา,กะทู้,ภูเก็ต,"6,599.69",2549,สจป.12 สาขากระบี่,องค์การบริหารส่วนตำบลกมลา,7.9451969,98.2872736,0,,https://drive.google.com/file/d/13LOO3RlZ3rJ5uviW_xkm0n87bX_RVW00/view?usp=drive_link,https://drive.google.com/file/d/1sz4tuGttU24gnXGrjaznfG3NIvPPCvz8/view?usp=drive_link
1442,เทศบาลเมือง,กะทู้,กะทู้,กะทู้,ภูเก็ต,"6,281.66",2549,สจป.12 สาขากระบี่,เทศบาลเมืองกะทู้,7.9111529,98.3474925,0,,https://drive.google.com/file/d/1KpB0HzLs_8kRbrLBfROF4phxpteT545X/view?usp=drive_link,https://drive.google.com/file/d/1iNwHkMzdXp76yo0BctRLr6-gCRfD1AU8/view?usp=drive_link
1443,เทศบาลเมือง,ป่าตอง,ป่าตอง,กะทู้,ภูเก็ต,"5,615.62",2549,สจป.12 สาขากระบี่,เทศบาลเมืองป่าตอง,7.898071193,98.30392675,0,,https://drive.google.com/file/d/1IJqUsqqrqX6jM3MhwUU69mW2zKL1-dix/view?usp=drive_link,https://drive.google.com/file/d/15IoZeEUQl_IQKw-fv94pRI-EHtEE8aVq/view?usp=drive_link
1444,องค์การบริหารส่วนตำบล,เชิงทะเล,เชิงทะเล,ถลาง,ภูเก็ต,"1,129.68",2549,สจป.12 สาขากระบี่,องค์การบริหารส่วนตำบลเชิงทะเล,8.019796,98.298111,0,,https://drive.google.com/file/d/1xdur2LOKv2Z7TL-yTYLJo-VlJZJ0ZVRt/view?usp=drive_link,https://drive.google.com/file/d/1-6mEyiWqqZZvgxVj4YIZ5q7rPNnHbsf5/view?usp=drive_link
1445,องค์การบริหารส่วนตำบล,เทพกระษัตรี,เทพกระษัตรี,ถลาง,ภูเก็ต,"4,857.96",2549,สจป.12 สาขากระบี่,องค์การบริหารส่วนตำบลเทพกระษัตรี,8.0232063,98.336543,0,,https://drive.google.com/file/d/1Hz8gKxraOPhgtHay2_qVUI7zDtFbljST/view?usp=drive_link,https://drive.google.com/file/d/1sdSfotcHnAdRZqzLTvz09UmRCOApToqB/view?usp=drive_link
1446,เทศบาลตำบล,ป่าคลอก,ป่าคลอก,ถลาง,ภูเก็ต,"2,228.77",2549,สจป.12 สาขากระบี่,เทศบาลตำบลป่าคลอก,8.012112673,98.398734,0,,https://drive.google.com/file/d/1Zkl4vpTey1EPfgIRfyoTT37Cx2R-FRyw/view?usp=drive_link,https://drive.google.com/file/d/1HzqRYgZNu7JvRuFgcAHafUQzq-fz8KzV/view?usp=drive_link
1447,องค์การบริหารส่วนตำบล,ไม้ขาว,ไม้ขาว,ถลาง,ภูเก็ต,"5,955.28",2548,สจป.12 สาขากระบี่,องค์การบริหารส่วนตำบลไม้ขาว,8.181113972,98.29912484,5,,https://drive.google.com/file/d/1hhedT89bRyFmvtIXLEzScwveNO2HKv9U/view?usp=drive_link,https://drive.google.com/file/d/1elr0x4rxmn7QJyVlav5JrOz7qwNLnhN_/view?usp=drive_link
1448,เทศบาลตำบล,ศรีสุนทร,ศรีสุนทร,ถลาง,ภูเก็ต,"3,602.35",2549,สจป.12 สาขากระบี่,เทศบาลตำบลศรีสุนทร,7.981718,98.361282,0,,https://drive.google.com/file/d/1_quYvEGalm5esZrzqK5UCzmN-bY-Wh6x/view?usp=drive_link,https://drive.google.com/file/d/1v0MkLynqf9eC7qKgEGzvTfZ5pjDHy9g-/view?usp=drive_link
1449,องค์การบริหารส่วนตำบล,สาคู,สาคู,ถลาง,ภูเก็ต,"1,470.70",2549,สจป.12 สาขากระบี่,องค์การบริหารส่วนตำบลสาคู,8.07171981,98.29657616,0,,https://drive.google.com/file/d/1IMJwhRr1PtRVRwNntu4xmmxiRrp19PlB/view?usp=drive_link,https://drive.google.com/file/d/1VB1NNCq2VMWnp5HtLNdkhzJruJc-1JOU/view?usp=drive_link
1450,เทศบาลตำบล,กะรน,กะรน,เมืองภูเก็ต,ภูเก็ต,"3,250.39",2554,สจป.12 สาขากระบี่,เทศบาลตำบลกะรน,7.8165919,98.3001736,0,https://drive.google.com/file/d/1AEMZZjrSWg9fW33hE8E6iU_2QssekTVO/view?usp=drive_link,,
1451,องค์การบริหารส่วนตำบล,เกาะแก้ว,เกาะแก้ว,เมืองภูเก็ต,ภูเก็ต,"1,897.09",2549,สจป.12 สาขากระบี่,องค์การบริหารส่วนตำบลเกาะแก้ว,7.936410656,98.39486092,0,,https://drive.google.com/file/d/1qrYmSDHvzMyZQoIl8O2wxDC3VbwZRT-k/view?usp=drive_link,https://drive.google.com/file/d/14U0o1BF0Ku2AK_-LbuuHKle-5jR5YC1D/view?usp=drive_link
1452,เทศบาลตำบล,ฉลอง,ฉลอง,เมืองภูเก็ต,ภูเก็ต,"2,968.53",2549,สจป.12 สาขากระบี่,เทศบาลตำบลฉลอง,7.839546,98.345148,0,,https://drive.google.com/file/d/19Pwfvn3aemf4x5hah4y378G-GDCnSoF8/view?usp=drive_link,https://drive.google.com/file/d/1KulK6A-7hfUaJrvACN7qgoBYSoSwPeoc/view?usp=drive_link
1453,เทศบาลตำบล,รัษฎา,รัษฎา,เมืองภูเก็ต,ภูเก็ต,"1,373.43",2549,สจป.12 สาขากระบี่,เทศบาลตำบลรัษฎา,7.909153873,98.399791,0,,https://drive.google.com/file/d/1qZbwMknnLB1eESF24wo8vXGeB4Xf8vRq/view?usp=drive_link,https://drive.google.com/file/d/16Sjb3r_52lNyIrefjlSUqLZXI-A5IslP/view?usp=drive_link
1454,เทศบาลตำบล,ราไวย์,ราไวย์,เมืองภูเก็ต,ภูเก็ต,975.13,2549,สจป.12 สาขากระบี่,เทศบาลตำบลราไวย์,7.770610751,98.31839067,0,,https://drive.google.com/file/d/1mxCCl2bovCOqDwLLApgV5k_N5Sv5JerH/view?usp=drive_link,https://drive.google.com/file/d/1Etg-1DHkaIP0CPdfALXWKX_rw9fTk5R8/view?usp=drive_link
1455,เทศบาลตำบล,วิชิต,วิชิต,เมืองภูเก็ต,ภูเก็ต,565.11,2548,สจป.12 สาขากระบี่,เทศบาลตำบลวิชิต,7.860214663,98.36844921,0,,https://drive.google.com/file/d/1pjtNXcwsrf5SH9sQLeyMgcXjE1taoQEB/view?usp=drive_link,https://drive.google.com/file/d/1i4lTk5VdWj7CI9Y0oCxZUGWf6bF1NSQj/view?usp=drive_link
1456,องค์การบริหารส่วนตำบล,กุดรัง,กุดรัง,กุดรัง,มหาสารคาม,"5,013.06",2548,สจป.7 ขอนแก่น,องค์การบริหารส่วนตำบลกุดรัง,16.0869915,103.0019623,50,,https://drive.google.com/file/d/1NjPuEDCJOjNMEOBVgVgjslwGuWKJ7lkL/view?usp=drive_link,https://drive.google.com/file/d/1vCXRjB91YRSZfnf1W9ei-gg16lK3SpQz/view?usp=drive_link
1457,องค์การบริหารส่วนตำบล,นาโพธิ์,นาโพธิ์,กุดรัง,มหาสารคาม,"3,290.98",2554,สจป.7 ขอนแก่น,องค์การบริหารส่วนตำบลนาโพธิ์,16.0934153,102.9121217,50,https://drive.google.com/file/d/113E8eCPAfs0iogXHc2W45mPGwy0bqxgk/view?usp=drive_link,,
1458,องค์การบริหารส่วนตำบล,เลิงแฝก,เลิงแฝก,กุดรัง,มหาสารคาม,654.05,2568,สจป.7 ขอนแก่น,องค์การบริหารส่วนตำบลเลิงแฝก,15.9685402,102.9506042,45,,,
1459,องค์การบริหารส่วนตำบล,หนองแวง,หนองแวง,กุดรัง,มหาสารคาม,"1,998.30",2568,สจป.7 ขอนแก่น,องค์การบริหารส่วนตำบลหนองแวง,16.0173608,102.9287719,45,,,
1460,องค์การบริหารส่วนตำบล,ห้วยเตย,ห้วยเตย,กุดรัง,มหาสารคาม,"2,116.91",2554,สจป.7 ขอนแก่น,องค์การบริหารส่วนตำบลห้วยเตย,16.120264,103.026198,45,https://drive.google.com/file/d/1AqMdcW5hv03Q6mj7fkR33rd4xTk-ixSE/view?usp=drive_link,,
1461,องค์การบริหารส่วนตำบล,วังแสง,วังแสง,แกดำ,มหาสารคาม,477.35,2568,สจป.7 ขอนแก่น,องค์การบริหารส่วนตำบลวังแสง,16.0459882,103.3531869,50,,,
1462,องค์การบริหารส่วนตำบล,เขวาไร่,เขวาไร่,โกสุมพิสัย,มหาสารคาม,"5,410.89",2554,สจป.7 ขอนแก่น,องค์การบริหารส่วนตำบลเขวาไร่,16.28586959,102.9673004,50,https://drive.google.com/file/d/15F5hK63nNSCib69LP1iuaUgG9Dd0j_BI/view?usp=drive_link,,
1463,องค์การบริหารส่วนตำบล,ดอนกลาง,ดอนกลาง,โกสุมพิสัย,มหาสารคาม,"10,013.46",2568,สจป.7 ขอนแก่น,องค์การบริหารส่วนตำบลดอนกลาง,16.175111,102.891769,50,,,
1464,องค์การบริหารส่วนตำบล,แพง,แพง,โกสุมพิสัย,มหาสารคาม,673.99,2568,สจป.7 ขอนแก่น,องค์การบริหารส่วนตำบลแพง,16.30003959,102.9691887,0,,,
1465,องค์การบริหารส่วนตำบล,วังยาว,วังยาว,โกสุมพิสัย,มหาสารคาม,"1,417.73",2554,สจป.7 ขอนแก่น,องค์การบริหารส่วนตำบลวังยาว,16.2296792,102.9160642,45,https://drive.google.com/file/d/1qi29sFRRsrI9uBlM9EN4_d4YlyeLeGBh/view?usp=drive_link,,
1466,องค์การบริหารส่วนตำบล,หนองกุงสวรรค์,หนองกุงสวรรค์,โกสุมพิสัย,มหาสารคาม,"3,566.99",2568,สจป.7 ขอนแก่น,องค์การบริหารส่วนตำบลหนองกุงสวรรค์,16.2001484,102.9702857,45,,,
1467,องค์การบริหารส่วนตำบล,หนองเหล็ก,หนองเหล็ก,โกสุมพิสัย,มหาสารคาม,"10,889.48",2554,สจป.7 ขอนแก่น,องค์การบริหารส่วนตำบลหนองเหล็ก,16.1214435,103.0064623,50,https://drive.google.com/file/d/1ZajIJfIpUuhJ9u5JjxxHF2ODZSquaxiv/view?usp=drive_link,,
1468,องค์การบริหารส่วนตำบล,เหล่า,เหล่า,โกสุมพิสัย,มหาสารคาม,"1,242.03",2568,สจป.7 ขอนแก่น,องค์การบริหารส่วนตำบลเหล่า,16.1968386,103.0498015,45,,,
1469,เทศบาลตำบล,ชื่นชม,ชื่นชม,ชื่นชม,มหาสารคาม,"2,330.59",2554,สจป.7 ขอนแก่น,เทศบาลตำบลชื่นชม,16.5326216,103.1694295,45,https://drive.google.com/file/d/1dFW3jChuPJOEAJkSw0M4agGREbQkmK6i/view?usp=drive_link,,
1470,เทศบาลตำบล,หนองกุง,หนองกุง,ชื่นชม,มหาสารคาม,"2,642.70",2554,สจป.7 ขอนแก่น,เทศบาลตำบลหนองกุง,16.4914183,103.1091271,50,https://drive.google.com/file/d/1wuaVc-7Kt5iC55Kk-YOH3kbTFcEcPwqr/view?usp=drive_link,,
1471,องค์การบริหารส่วนตำบล,เหล่าดอกไม้,เหล่าดอกไม้,ชื่นชม,มหาสารคาม,"2,470.83",2554,สจป.7 ขอนแก่น,องค์การบริหารส่วนตำบลเหล่าดอกไม้,16.47249953,103.1611866,50,https://drive.google.com/file/d/1AZx8toXohWEibYW7_68GTEE1ezC68z-Q/view?usp=drive_link,,
1472,องค์การบริหารส่วนตำบล,เชียงยืน,เชียงยืน,เชียงยืน,มหาสารคาม,673.07,2568,สจป.7 ขอนแก่น,องค์การบริหารส่วนตำบลเชียงยืน,16.4244945,103.0997874,45,,,
1473,องค์การบริหารส่วนตำบล,ดอนเงิน,ดอนเงิน,เชียงยืน,มหาสารคาม,"1,624.20",2548,สจป.7 ขอนแก่น,องค์การบริหารส่วนตำบลดอนเงิน,16.42334523,103.1599742,50,,https://drive.google.com/file/d/1S6JMVL_bM5mvYY6Yoknqc5C7Gs0mWV1-/view?usp=drive_link,https://drive.google.com/file/d/1ll1z41rMB7TUDZ7kXLUTz9UzPX9k51S6/view?usp=drive_link
1474,เทศบาลตำบล,เขวาไร่,เขวาไร่,นาเชือก,มหาสารคาม,853.27,2554,สจป.7 ขอนแก่น,เทศบาลตำบลเขวาไร่,15.8333609,103.0494378,45,https://drive.google.com/file/d/1i8ceRL9yesoA27WuMmn9qnypXki65ieG/view?usp=drive_link,,
1475,องค์การบริหารส่วนตำบล,สำโรง,สำโรง,นาเชือก,มหาสารคาม,523.4,2554,สจป.7 ขอนแก่น,องค์การบริหารส่วนตำบลสำโรง,15.8665219,102.9979176,45,https://drive.google.com/file/d/1QUh6ciAwR55RjxbmpqUJGELuoU_Ax2-B/view?usp=drive_link,,
1476,องค์การบริหารส่วนตำบล,หนองแดง,หนองแดง,นาเชือก,มหาสารคาม,57.06,2568,สจป.7 ขอนแก่น,องค์การบริหารส่วนตำบลหนองแดง,15.9056442,102.9323126,0,,,
1477,องค์การบริหารส่วนตำบล,หนองโพธิ์,หนองโพธิ์,นาเชือก,มหาสารคาม,"4,606.10",2554,สจป.7 ขอนแก่น,องค์การบริหารส่วนตำบลหนองโพธิ์,15.773979,103.1042519,50,https://drive.google.com/file/d/1Y-4KGpPEATBOjd76UBvY3l-a8Plm30nD/view?usp=drive_link,,
1478,องค์การบริหารส่วนตำบล,หนองเรือ,หนองเรือ,นาเชือก,มหาสารคาม,"5,003.27",2554,สจป.7 ขอนแก่น,องค์การบริหารส่วนตำบลหนองเรือ,15.82336217,103.1252745,50,https://drive.google.com/file/d/1pdKCNhuJuWYnbx0uSPfJgBvbuCWtWp8w/view?usp=drive_link,,
1479,องค์การบริหารส่วนตำบล,ดงดวน,ดงดวน,นาดูน,มหาสารคาม,"1,169.01",2548,สจป.7 ขอนแก่น,องค์การบริหารส่วนตำบลดงดวน,15.7183475,103.1657283,50,,https://drive.google.com/file/d/1GzI3_B0yeA5dloguLP1GUkXJe3j7nbpC/view?usp=drive_link,https://drive.google.com/file/d/1emgb17Y7yspyiIG4BVAKsIOo09AW3xR2/view?usp=drive_link
1480,องค์การบริหารส่วนตำบล,ดงยาง,ดงยาง,นาดูน,มหาสารคาม,917.59,2548,สจป.7 ขอนแก่น,องค์การบริหารส่วนตำบลดงยาง,15.7443597,103.2640994,45,,https://drive.google.com/file/d/1XpGVYoBZC4XxolXeBefATiwO0UC0TAKD/view?usp=drive_link,https://drive.google.com/file/d/1Rk9Fi-VojCazbDULhjkJ9nTfhmlSu8Qg/view?usp=drive_link
1481,เทศบาลตำบล,นาดูน,นาดูน,นาดูน,มหาสารคาม,207.71,2554,สจป.7 ขอนแก่น,เทศบาลตำบลนาดูน,15.7137652,103.2255257,45,https://drive.google.com/file/d/1MoXmYkCuegkeQ43DzBjQ-e5BpEt3CV09/view?usp=drive_link,,
1482,องค์การบริหารส่วนตำบล,หนองคู,หนองคู,นาดูน,มหาสารคาม,"3,604.82",2548,สจป.7 ขอนแก่น,องค์การบริหารส่วนตำบลหนองคู,15.7867525,103.2571265,50,,https://drive.google.com/file/d/1VqzMvaHGucX3tliSNt7Xc408gZPPuzu5/view?usp=drive_link,https://drive.google.com/file/d/1bYV_HiLXd_pjKfj8-Z0fhVYMjbNxQ9SN/view?usp=drive_link
1483,องค์การบริหารส่วนตำบล,ดอนงัว,ดอนงัว,บรบือ,มหาสารคาม,660.75,2568,สจป.7 ขอนแก่น,องค์การบริหารส่วนตำบลดอนงัว,15.9290029,103.1608324,45,,,
1484,องค์การบริหารส่วนตำบล,โนนแดง,โนนแดง,บรบือ,มหาสารคาม,"1,386.35",2554,สจป.7 ขอนแก่น,องค์การบริหารส่วนตำบลโนนแดง,15.8905582,103.0775486,45,https://drive.google.com/file/d/1CQJDnYGSUyt6knhMVxpfPBAgrfppEwaw/view?usp=drive_link,,
1485,องค์การบริหารส่วนตำบล,โนนราษี,โนนราษี,บรบือ,มหาสารคาม,365.6,8กย2568,สจป.7 ขอนแก่น,องค์การบริหารส่วนตำบลโนนราษี,15.93095879,103.1252289,45,,,
1486,องค์การบริหารส่วนตำบล,บรบือ,บรบือ,บรบือ,มหาสารคาม,"2,856.35",2554,สจป.7 ขอนแก่น,องค์การบริหารส่วนตำบลบรบือ,16.0495846,103.1125711,45,https://drive.google.com/file/d/1vw354S8b6tULHP5_BiLx2EsxP_1Zjdz0/view?usp=drive_link,,
1487,องค์การบริหารส่วนตำบล,บ่อใหญ่,บ่อใหญ่,บรบือ,มหาสารคาม,231.33,2554,สจป.7 ขอนแก่น,องค์การบริหารส่วนตำบลบ่อใหญ่,16.11261655,103.1919408,0,https://drive.google.com/file/d/1yVUeNXldmvknu80Htd2lnMLt5NSpRG-E/view?usp=drive_link,,
1488,องค์การบริหารส่วนตำบล,วังไชย,วังไชย,บรบือ,มหาสารคาม,"2,883.15",2554,สจป.7 ขอนแก่น,องค์การบริหารส่วนตำบลวังไชย,16.00130685,103.0680013,45,https://drive.google.com/file/d/1CDx_ouTvifmqEM8QPUrDyXZRCTjOdG9f/view?usp=drive_link,,
1489,องค์การบริหารส่วนตำบล,วังใหม่,วังใหม่,บรบือ,มหาสารคาม,"6,460.92",2554,สจป.7 ขอนแก่น,องค์การบริหารส่วนตำบลวังใหม่,16.0198681,103.0390573,45,https://drive.google.com/file/d/1QN6U9hepBpquh2b8_moyvQDPzix_HRmM/view?usp=drive_link,,
1490,องค์การบริหารส่วนตำบล,หนองคูขาด,หนองคูขาด,บรบือ,มหาสารคาม,732.19,2568,สจป.7 ขอนแก่น,องค์การบริหารส่วนตำบลหนองคูขาด,15.9220843,102.998369,45,,,
1491,องค์การบริหารส่วนตำบล,หนองสิม,หนองสิม,บรบือ,มหาสารคาม,"4,981.56",2548,สจป.7 ขอนแก่น,องค์การบริหารส่วนตำบลหนองสิม,16.0145193,103.0888221,45,,https://drive.google.com/file/d/1NsPx1YLjxQVXRj-0pDQ-VUzcPeXh4rvh/view?usp=drive_link,https://drive.google.com/file/d/1gvvvfyDe4aNcLtDD1uBdWjWngmXZouC3/view?usp=drive_link
1492,เทศบาลตำบล,โคกก่อ,โคกก่อ,เมืองมหาสารคาม,มหาสารคาม,"3,070.72",2554,สจป.7 ขอนแก่น,เทศบาลตำบลโคกก่อ,16.06103169,103.2606643,50,https://drive.google.com/file/d/1yXz4v8LR0-Ks7I_yY_OBwKMnA0ETipeT/view?usp=drive_link,,
1493,องค์การบริหารส่วนตำบล,ท่าสองคอน,ท่าสองคอน,เมืองมหาสารคาม,มหาสารคาม,"1,079.45",2548,สจป.7 ขอนแก่น,องค์การบริหารส่วนตำบลท่าสองคอน,16.1881164,103.2240893,45,,https://drive.google.com/file/d/1t7os3GozsEuY_FmISIyl7fdbKTXbjYdB/view?usp=drive_link,https://drive.google.com/file/d/1ClVQ6fft3Wz_fbtGHK88fQXgWp8KtQb-/view?usp=drive_link
1494,องค์การบริหารส่วนตำบล,บัวค้อ,บัวค้อ,เมืองมหาสารคาม,มหาสารคาม,0,2548,สจป.7 ขอนแก่น,องค์การบริหารส่วนตำบลบัวค้อ,16.010032,103.288538,0,,https://drive.google.com/file/d/17r9elxre4zGsjueSPR9pkRUfJY69jCpH/view?usp=drive_link,https://drive.google.com/file/d/1mllAeYb5TPqe4iw3vuFGjwRRVdU-F_j0/view?usp=drive_link
1495,องค์การบริหารส่วนตำบล,หนองปลิง,หนองปลิง,เมืองมหาสารคาม,มหาสารคาม,380.95,2554,สจป.7 ขอนแก่น,องค์การบริหารส่วนตำบลหนองปลิง,16.0833089,103.2975409,45,https://drive.google.com/file/d/1HbwViBaLtnZ3HAE1CeY3P06KKnoflvZB/view?usp=drive_link,,
1496,องค์การบริหารส่วนตำบล,นาข่า,นาข่า,วาปีปทุม,มหาสารคาม,"3,188.41",2554,สจป.7 ขอนแก่น,องค์การบริหารส่วนตำบลนาข่า,15.8374149,103.1986399,45,https://drive.google.com/file/d/1d7svh6WT4BmbdGEE5dlFtmTag3aNs49b/view?usp=drive_link,,
1497,องค์การบริหารส่วนตำบล,บ้านหวาย,บ้านหวาย,วาปีปทุม,มหาสารคาม,444.6,2568,สจป.7 ขอนแก่น,องค์การบริหารส่วนตำบลบ้านหวาย,15.8085472,103.2851761,45,,,
1498,เทศบาลตำบล,ผู้ไทคำชะอี,คำชะอี,คำชะอี,มุกดาหาร,"25,590.95",2554,สจป.7 ขอนแก่น,เทศบาลตำบลผู้ไทคำชะอี,16.5386814,104.3684152,50,https://drive.google.com/file/d/1zcvh-9nt3PREu21Zgnyu9cED9DFSBS6X/view?usp=drive_link,,
1499,องค์การบริหารส่วนตำบล,คำบก,คำบก,คำชะอี,มุกดาหาร,"1,786.98",2549,สจป.7 ขอนแก่น,องค์การบริหารส่วนตำบลคำบก,16.5116213,104.4094297,50,,https://drive.google.com/file/d/1-19Pax2GGs1Qs7rcVxk3ev7cYj1rKBwk/view?usp=drive_link,https://drive.google.com/file/d/1TJ6uo3Ywc-Vbq0vhdJcgSs4Z6e5mj4h9/view?usp=drive_link
1500,องค์การบริหารส่วนตำบล,น้ำเที่ยง,น้ำเที่ยง,คำชะอี,มุกดาหาร,"3,249.93",2555,สจป.7 ขอนแก่น,องค์การบริหารส่วนตำบลน้ำเที่ยง,16.54349201,104.4087646,50,https://drive.google.com/file/d/17uecaLRF_C20f6OAG_7WCJFwwfY9pykL/view?usp=drive_link,,
1501,องค์การบริหารส่วนตำบล,บ้านค้อ,บ้านค้อ,คำชะอี,มุกดาหาร,"40,276.04",2554,สจป.7 ขอนแก่น,องค์การบริหารส่วนตำบลบ้านค้อ,16.6336243,104.4275716,50,https://drive.google.com/file/d/1j70Pj4PstWmvByms9M8qqlCnqT2VPkMs/view?usp=drive_link,,
1502,เทศบาลตำบล,บ้านซ่ง,บ้านซ่ง,คำชะอี,มุกดาหาร,"6,487.37",2554,สจป.7 ขอนแก่น,เทศบาลตำบลบ้านซ่ง,16.5976472,104.4293195,50,https://drive.google.com/file/d/1_1qQCZ8d2aDw3Y6QC6focSjstfqPRwzo/view?usp=drive_link,,
1503,องค์การบริหารส่วนตำบล,บ้านเหล่า,บ้านเหล่า,คำชะอี,มุกดาหาร,"22,484.47",2554,สจป.7 ขอนแก่น,องค์การบริหารส่วนตำบลบ้านเหล่า,16.624894,104.4015954,50,https://drive.google.com/file/d/1B4y8uS-ah3cmMnCKCheg2gCFW77xFRVa/view?usp=drive_link,,
1504,องค์การบริหารส่วนตำบล,โพนงาม,โพนงาม,คำชะอี,มุกดาหาร,"14,917.42",2549,สจป.7 ขอนแก่น,องค์การบริหารส่วนตำบลโพนงาม,16.662326,104.4350928,50,,https://drive.google.com/file/d/1bH3tDufA5LJ4MMGPqzT6LaXP1JFZV1vk/view?usp=drive_link,https://drive.google.com/file/d/1MrQwNFudI0u3oLQsyZ0gPxFIfxDD_gZc/view?usp=drive_link
1505,องค์การบริหารส่วนตำบล,เหล่าสร้างถ่อ,เหล่าสร้างถ่อ,คำชะอี,มุกดาหาร,"3,976.45",2554,สจป.7 ขอนแก่น,องค์การบริหารส่วนตำบลเหล่าสร้างถ่อ,16.5821277,104.4832035,50,https://drive.google.com/file/d/1IuEM5rr998Z7aUxM_5jUqtFreP8_ESlh/view?usp=drive_link,,
1506,เทศบาลตำบล,กกตูม,กกตูม,ดงหลวง,มุกดาหาร,"63,776.64",2549,สจป.7 ขอนแก่น,เทศบาลตำบลกกตูม,16.7634266,104.1677897,50,,https://drive.google.com/file/d/1ZshFKcGbwgRzfxNSCbDqCGJ1ZLkQfgAJ/view?usp=drive_link,
1507,องค์การบริหารส่วนตำบล,ชะโนดน้อย,ชะโนดน้อย,ดงหลวง,มุกดาหาร,"3,203.13",2550,สจป.7 ขอนแก่น,องค์การบริหารส่วนตำบลชะโนดน้อย,16.804799,104.6176181,50,,https://drive.google.com/file/d/1HCBvIZaW-Bpd3HrQ2GX_n4YXulNGsPJf/view?usp=drive_link,https://drive.google.com/file/d/1Pa7LC57DUGkW2tiuHFHLTjmh41TmZ5JX/view?usp=drive_link
1508,เทศบาลตำบล,ดงหลวง,ดงหลวง,ดงหลวง,มุกดาหาร,"5,511.31",2554,สจป.7 ขอนแก่น,เทศบาลตำบลดงหลวง,16.8067114,104.5336402,50,https://drive.google.com/file/d/1SkFtW2lQGUwbiWs_9mpSd1AfG4szSA-I/view?usp=drive_link,,
1509,องค์การบริหารส่วนตำบล,พังแดง,พังแดง,ดงหลวง,มุกดาหาร,"41,335.17",2554,สจป.7 ขอนแก่น,องค์การบริหารส่วนตำบลพังแดง,16.80954283,104.3917868,55,https://drive.google.com/file/d/1CvnidVPh5zx7La57cs0_ry0IhXePHbGu/view?usp=drive_link,,
1510,เทศบาลตำบล,หนองแคน,หนองแคน,ดงหลวง,มุกดาหาร,"26,202.77",2554,สจป.7 ขอนแก่น,เทศบาลตำบลหนองแคน,16.77544814,104.4930247,50,https://drive.google.com/file/d/1eQehvH2trYk9OEWT71oIlrYlAJsxa8LY/view?usp=drive_link,,
1511,องค์การบริหารส่วนตำบล,หนองบัว,หนองบัว,ดงหลวง,มุกดาหาร,332.66,2549,สจป.7 ขอนแก่น,องค์การบริหารส่วนตำบลหนองบัว,16.8107218,104.5870615,0,,https://drive.google.com/file/d/1aFIfx2ZemnNx8iWR6BmLgNOOaJ2_Ewn2/view?usp=drive_link,https://drive.google.com/file/d/1KTWUP7khFnZGgYHwjfIyHIAz1Aml84BJ/view?usp=drive_link
1512,เทศบาลตำบล,บ้านแก้ง,บ้านแก้ง,ดอนตาล,มุกดาหาร,970.36,2554,สจป.7 ขอนแก่น,เทศบาลตำบลบ้านแก้ง,16.4086195,104.8190411,50,https://drive.google.com/file/d/1Hj5r9H-X3OrWFMcRPpY1vovzglW_rjQV/view?usp=drive_link,,
1513,องค์การบริหารส่วนตำบล,บ้านบาก,บ้านบาก,ดอนตาล,มุกดาหาร,"3,767.60",2550,สจป.7 ขอนแก่น,องค์การบริหารส่วนตำบลบ้านบาก,16.2234777,104.8683745,50,,https://drive.google.com/file/d/11v4P2V-qjRPlG3BhGUBmjFJe4PuhaSz6/view?usp=drive_link,https://drive.google.com/file/d/1vFBvcT4VLHIuZtYzw5G0k-dujGhCsKSO/view?usp=drive_link
1514,องค์การบริหารส่วนตำบล,ป่าไร่,ป่าไร่,ดอนตาล,มุกดาหาร,"18,173.43",2554,สจป.7 ขอนแก่น,องค์การบริหารส่วนตำบลป่าไร่,16.228413,104.7357332,50,https://drive.google.com/file/d/1uHT4u9DTdA8_hh2LkCMhOS-7Esl18905/view?usp=drive_link,,
1515,องค์การบริหารส่วนตำบล,โพธิ์ไทร,โพธิ์ไทร,ดอนตาล,มุกดาหาร,394.09,2554,สจป.7 ขอนแก่น,องค์การบริหารส่วนตำบลโพธิ์ไทร,16.3760498,104.8656583,0,https://drive.google.com/file/d/1x1KS9KenLpOv45mETuWJ5vc5CgTKSCMj/view?usp=drive_link,,
1516,องค์การบริหารส่วนตำบล,เหล่าหมี,เหล่าหมี,ดอนตาล,มุกดาหาร,"11,321.91",2554,สจป.7 ขอนแก่น,องค์การบริหารส่วนตำบลเหล่าหมี,16.33671205,104.8091755,50,https://drive.google.com/file/d/1qwsZmBrh6VDCkrLgU0Xx0LcpSnjoFtuD/view?usp=drive_link,,
1517,องค์การบริหารส่วนตำบล,โชคชัย,โชคชัย,นิคมคำสร้อย,มุกดาหาร,"1,134.59",2554,สจป.7 ขอนแก่น,องค์การบริหารส่วนตำบลโชคชัย,16.3543576,104.485456,45,https://drive.google.com/file/d/1Q3-451rBA3WP6NA4vnQ8whvzrw1SJyhW/view?usp=drive_link,,
1518,องค์การบริหารส่วนตำบล,นากอก,นากอก,นิคมคำสร้อย,มุกดาหาร,"9,540.34",2549,สจป.7 ขอนแก่น,องค์การบริหารส่วนตำบลนากอก,16.3916044,104.5546987,50,,https://drive.google.com/file/d/1TJZjI5G5Ck9mPTJ1cN0LxNysWljA0MYC/view?usp=drive_link,https://drive.google.com/file/d/1mc8xLFoNE5yoSR8ExUd-mOyEMCtUfwdb/view?usp=drive_link
1519,องค์การบริหารส่วนตำบล,นาอุดม,นาอุดม,นิคมคำสร้อย,มุกดาหาร,"5,409.89",2549,สจป.7 ขอนแก่น,องค์การบริหารส่วนตำบลนาอุดม,16.24513484,104.6180433,50,,https://drive.google.com/file/d/1lZpwtu6dLMqpkwKz14MhqpHL9lXDZU13/view?usp=drive_link,https://drive.google.com/file/d/1zEAcNFiMyA1KlUgVYfGj9ofq8M0Q4-G1/view?usp=drive_link
1520,องค์การบริหารส่วนตำบล,นิคมคำสร้อย,นิคมคำสร้อย,นิคมคำสร้อย,มุกดาหาร,434.73,2554,สจป.7 ขอนแก่น,องค์การบริหารส่วนตำบลนิคมคำสร้อย,16.32936493,104.5616913,50,https://drive.google.com/file/d/1ChHWjjX-2bwXxDxkao93QW_dv6tHj-tn/view?usp=drive_link,,
1521,องค์การบริหารส่วนตำบล,หนองแวง,หนองแวง,นิคมคำสร้อย,มุกดาหาร,"3,204.96",2549,สจป.7 ขอนแก่น,องค์การบริหารส่วนตำบลหนองแวง,16.3911375,104.5884622,45,,https://drive.google.com/file/d/1vaOlNtucLK4YIl1MjpXMmlktRUmK0Onb/view?usp=drive_link,https://drive.google.com/file/d/1_3tHUX2zNuFGnMR3-Xi96nDYIRtXWsB1/view?usp=drive_link
1522,องค์การบริหารส่วนตำบล,กุดแข้,กุดแข้,เมืองมุกดาหาร,มุกดาหาร,"4,800.69",2554,สจป.7 ขอนแก่น,องค์การบริหารส่วนตำบลกุดแข้,16.5839624,104.5788795,50,https://drive.google.com/file/d/13Hmnbo0PkNTnowQJHAidqekj76-aB9xr/view?usp=drive_link,,
1523,เทศบาลตำบล,คำป่าหลาย,คำป่าหลาย,เมืองมุกดาหาร,มุกดาหาร,"56,197.98",2554,สจป.7 ขอนแก่น,เทศบาลตำบลคำป่าหลาย,16.744058,104.627609,55,https://drive.google.com/file/d/1WGbAmEz2mZ3qsDEGrKOR4hd19x70ERPD/view?usp=drive_link,,
1524,เทศบาลตำบล,คำอาฮวน,คำอาฮวน,เมืองมุกดาหาร,มุกดาหาร,"20,651.23",2554,สจป.7 ขอนแก่น,เทศบาลตำบลคำอาฮวน,16.49889283,104.6697481,50,https://drive.google.com/file/d/1q2vl0e86uCv44zoglQYlHHP-E1bECNCk/view?usp=drive_link,,
1525,เทศบาลตำบล,ดงมอน,ดงมอน,เมืองมุกดาหาร,มุกดาหาร,"22,497.68",2554,สจป.7 ขอนแก่น,เทศบาลตำบลดงมอน,16.660253,104.5023304,50,https://drive.google.com/file/d/1rEPmBpO_ER_k5o3KCik5OTdKjY5XK1Cx/view?usp=drive_link,,
1526,เทศบาลตำบล,ดงเย็น,ดงเย็น,เมืองมุกดาหาร,มุกดาหาร,"38,537.32",2554,สจป.7 ขอนแก่น,เทศบาลตำบลดงเย็น,16.3874159,104.6953546,50,https://drive.google.com/file/d/1I0wfvB4co6XT0PPuTfOik2p6BAtCuHT5/view?usp=drive_link,,
1527,เทศบาลตำบล,นาสีนวน,นาสีนวน,เมืองมุกดาหาร,มุกดาหาร,"4,610.29",2554,สจป.7 ขอนแก่น,เทศบาลตำบลนาสีนวน,16.4601734,104.8016577,50,https://drive.google.com/file/d/1c03tNkN0nyLw6QIDuqKstguN2IvUQwJF/view?usp=drive_link,,
1528,เทศบาลตำบล,นาโสก,นาโสก,เมืองมุกดาหาร,มุกดาหาร,"36,948.48",2554,สจป.7 ขอนแก่น,เทศบาลตำบลนาโสก,16.51299076,104.5152073,50,https://drive.google.com/file/d/1bQQ7qoEv9e-IroXFTg_iJ0wdudV_DElv/view?usp=drive_link,,
1529,เทศบาลตำบล,บางทรายใหญ่,บางทรายใหญ่,เมืองมุกดาหาร,มุกดาหาร,"2,984.73",2554,สจป.7 ขอนแก่น,เทศบาลตำบลบางทรายใหญ่,16.6051722,104.7160162,50,https://drive.google.com/file/d/1TtVqaEaQbNpbHqfvOjrYNMBucLOLyhBC/view?usp=drive_link,,
1530,องค์การบริหารส่วนตำบล,บ้านโคก,บ้านโคก,เมืองมุกดาหาร,มุกดาหาร,"25,778.99",2555,สจป.7 ขอนแก่น,องค์การบริหารส่วนตำบลบ้านโคก,16.6146893,104.5469701,50,https://drive.google.com/file/d/1sr-1j6u-sVN3-YDSTd5cfnxYPg3L_K9O/view?usp=drive_link,,
1531,เทศบาลตำบล,ผึ่งแดด,ผึ่งแดด,เมืองมุกดาหาร,มุกดาหาร,689.9,2549,สจป.7 ขอนแก่น,เทศบาลตำบลผึ่งแดด,16.6147223,104.4890946,0,,https://drive.google.com/file/d/1aW7Cn8FZjc8z51XHnRd0kruvDOKTGNQQ/view?usp=drive_link,https://drive.google.com/file/d/1eqxOUFygtkbMt59lW1ILY5XfqrHBA4tn/view?usp=drive_link
1532,เทศบาลตำบล,โพนทราย,โพนทราย,เมืองมุกดาหาร,มุกดาหาร,"13,673.00",2549,สจป.7 ขอนแก่น,เทศบาลตำบลโพนทราย,16.5729239,104.6001187,50,,https://drive.google.com/file/d/1BShx78fRzK7M20D80V8A7d6YAjNlsLnA/view?usp=drive_link,https://drive.google.com/file/d/1ExNOnFZKV6ZR_wUomT4vvOE34_s1VSFK/view?usp=drive_link
1533,เทศบาลตำบล,มุก,มุก,เมืองมุกดาหาร,มุกดาหาร,0,2554,สจป.7 ขอนแก่น,เทศบาลตำบลมุก,16.5550746,104.6368553,0,https://drive.google.com/file/d/12HnM4scBQDA20ZhRnW6SLLer8sIAA8PV/view?usp=drive_link,,
1534,องค์การบริหารส่วนตำบล,โนนยาง,โนนยาง,หนองสูง,มุกดาหาร,"12,615.76",2549,สจป.7 ขอนแก่น,องค์การบริหารส่วนตำบลโนนยาง,16.4918449,104.3119215,50,,https://drive.google.com/file/d/11URrRvT_Xvf3IkVmcCNxk7dh3c0JsazO/view?usp=drive_link,https://drive.google.com/file/d/12-mkvJNVnsOUBYLJjpYb9EK242yGLMk9/view?usp=drive_link
1535,เทศบาลตำบล,บ้านเป้า,บ้านเป้า,หนองสูง,มุกดาหาร,"1,526.09",2554,สจป.7 ขอนแก่น,เทศบาลตำบลบ้านเป้า,16.4273831,104.3382888,45,https://drive.google.com/file/d/15edbRxx1pH_TnqGAMlOmofZgzu_Ztnzi/view?usp=drive_link,,
1536,เทศบาลตำบล,ภูวง,ภูวง,หนองสูง,มุกดาหาร,"1,223.24",2554,สจป.7 ขอนแก่น,เทศบาลตำบลภูวง,16.4546494,104.3899242,45,https://drive.google.com/file/d/1ziBGz-1Ee4jUN2p7ph9suOLkCpfMMJcC/view?usp=drive_link,,
1537,องค์การบริหารส่วนตำบล,หนองสูงใต้,หนองสูงใต้,หนองสูง,มุกดาหาร,"5,658.73",2554,สจป.7 ขอนแก่น,องค์การบริหารส่วนตำบลหนองสูงใต้,16.3823636,104.3679986,50,https://drive.google.com/file/d/16zQy4Av1pXxSUfvwKCxVoaDgph4OIkIx/view?usp=drive_link,,
1538,เทศบาลตำบล,หนองสูงเหนือ,หนองสูงเหนือ,หนองสูง,มุกดาหาร,741.56,2549,สจป.7 ขอนแก่น,เทศบาลตำบลหนองสูงเหนือ,16.48433092,104.345811,50,https://drive.google.com/file/d/1XO5Aidj8mbhvMC_Pgj1QK5tTrU27x-9I/view?usp=drive_link,https://drive.google.com/file/d/1JfEFzY_EXhkA4vOVEqwO0g-iYerJEeE3/view?usp=drive_link,https://drive.google.com/file/d/1tVxYAIUhONwDkKBM80GHAArId_hKaDa9/view?usp=drive_link
1539,องค์การบริหารส่วนตำบล,ขุนยวม,ขุนยวม,ขุนยวม,แม่ฮ่องสอน,"196,896.98",2566,สจป.1 สาขาแม่ฮ่องสอน,องค์การบริหารส่วนตำบลขุนยวม,18.828343,97.932854,100,,,
1540,องค์การบริหารส่วนตำบล,เมืองปอน,เมืองปอน,ขุนยวม,แม่ฮ่องสอน,"151,441.77",2549,สจป.1 สาขาแม่ฮ่องสอน,องค์การบริหารส่วนตำบลเมืองปอน,18.7460301,97.92689055,100,,https://drive.google.com/file/d/195jVhpe7UeQk0hbY7De2FEgfIlGFIhh8/view?usp=drive_link,https://drive.google.com/file/d/1c5jHReg_6qjh80tNvAtP-W1MvHRRuIGh/view?usp=drive_link
1541,องค์การบริหารส่วนตำบล,แม่กิ๊,แม่กิ๊,ขุนยวม,แม่ฮ่องสอน,"50,242.94",2565,สจป.1 สาขาแม่ฮ่องสอน,องค์การบริหารส่วนตำบลแม่กิ๊,18.67716422,97.84930477,55,,,
1542,องค์การบริหารส่วนตำบล,แม่เงา,แม่เงา,ขุนยวม,แม่ฮ่องสอน,"62,338.71",2556,สจป.1 สาขาแม่ฮ่องสอน,องค์การบริหารส่วนตำบลแม่เงา,18.8060256,97.9076816,80,https://drive.google.com/file/d/1xrXSnoAmuxjo3bt5U09_XzxU0zWP_VaG/view?usp=drive_link,,
1543,องค์การบริหารส่วนตำบล,แม่ยวมน้อย,แม่ยวมน้อย,ขุนยวม,แม่ฮ่องสอน,"89,378.56",2549,สจป.1 สาขาแม่ฮ่องสอน,องค์การบริหารส่วนตำบลแม่ยวมน้อย,18.7868804,98.0522826,60,,https://drive.google.com/file/d/1LBYmLshhJvQhFt-3Qq2wAZ4nzClUjeNe/view?usp=drive_link,
1544,องค์การบริหารส่วนตำบล,แม่อูคอ,แม่อูคอ,ขุนยวม,แม่ฮ่องสอน,"80,155.10",2549,สจป.1 สาขาแม่ฮ่องสอน,องค์การบริหารส่วนตำบลแม่อูคอ,18.8441613,97.9966879,60,,https://drive.google.com/file/d/1-494wYiriJS63-lKGpEKAykq-onZNXNB/view?usp=drive_link,https://drive.google.com/file/d/1uhKzZcRkcXGMQdxwU3Eh64T3hl7FRRDO/view?usp=drive_link
1545,องค์การบริหารส่วนตำบล,ถ้ำลอด,ถ้ำลอด,ปางมะผ้า,แม่ฮ่องสอน,"30,172.28",2556,สจป.1 สาขาแม่ฮ่องสอน,องค์การบริหารส่วนตำบลถ้ำลอด,19.5330318,98.269843,45,https://drive.google.com/file/d/1u36xXisB16vNVH3qXDeSUML_8u4oMkbD/view?usp=drive_link,,
1546,องค์การบริหารส่วนตำบล,นาปู่ป้อม,นาปู่ป้อม,ปางมะผ้า,แม่ฮ่องสอน,"41,472.98",2566,สจป.1 สาขาแม่ฮ่องสอน,องค์การบริหารส่วนตำบลนาปู่ป้อม,19.6496657,98.0942318,60,,,
1547,องค์การบริหารส่วนตำบล,ปางมะผ้า,ปางมะผ้า,ปางมะผ้า,แม่ฮ่องสอน,"36,142.20",2556,สจป.1 สาขาแม่ฮ่องสอน,องค์การบริหารส่วนตำบลปางมะผ้า,19.59051832,98.21419425,60,https://drive.google.com/file/d/1Af0aj-Ol6vA8G6sGVs0YDyTc-88xa_6C/view?usp=drive_link,,
1548,องค์การบริหารส่วนตำบล,ทุ่งยาว,ทุ่งยาว,ปาย,แม่ฮ่องสอน,5.39,2566,สจป.1 สาขาแม่ฮ่องสอน,องค์การบริหารส่วนตำบลทุ่งยาว,19.3128567,98.4430069,45,,,
1549,องค์การบริหารส่วนตำบล,โป่งสา,โป่งสา,ปาย,แม่ฮ่องสอน,"76,902.67",2566,สจป.1 สาขาแม่ฮ่องสอน,องค์การบริหารส่วนตำบลโป่งสา,19.096176,98.5690002,80,,,
1550,องค์การบริหารส่วนตำบล,เมืองแปง,เมืองแปง,ปาย,แม่ฮ่องสอน,"223,879.28",2563,สจป.1 สาขาแม่ฮ่องสอน,องค์การบริหารส่วนตำบลเมืองแปง,19.21642378,98.36587578,100,https://drive.google.com/file/d/1fQ6Sb7OtKjUs5a49_-3j57hw7WMttdre/view?usp=drive_link,,
1551,องค์การบริหารส่วนตำบล,แม่นาเติง,แม่นาเติง,ปาย,แม่ฮ่องสอน,0.31,2566,สจป.1 สาขาแม่ฮ่องสอน,องค์การบริหารส่วนตำบลแม่นาเติง,19.39141394,98.42751815,0,,,
1552,องค์การบริหารส่วนตำบล,แม่ฮี้,แม่ฮี้,ปาย,แม่ฮ่องสอน,"7,492.90",2556,สจป.1 สาขาแม่ฮ่องสอน,องค์การบริหารส่วนตำบลแม่ฮี้,19.3473813,98.4486303,50,https://drive.google.com/file/d/1JMiFkXhbA6jWY0GuKsai0JbDsIk76rMn/view?usp=drive_link,,
1553,องค์การบริหารส่วนตำบล,เวียงใต้,เวียงใต้,ปาย,แม่ฮ่องสอน,ป่า2484 ไม่มีป่าสงวนฯ,2563,สจป.1 สาขาแม่ฮ่องสอน,องค์การบริหารส่วนตำบลเวียงใต้,19.35746968,98.43413651,0,,,
1554,องค์การบริหารส่วนตำบล,เวียงเหนือ,เวียงเหนือ,ปาย,แม่ฮ่องสอน,"7,072.37",2566,สจป.1 สาขาแม่ฮ่องสอน,องค์การบริหารส่วนตำบลเวียงเหนือ,19.378271,98.446036,50,,,
1555,องค์การบริหารส่วนตำบล,ปางหมู,ปางหมู,เมืองแม่ฮ่องสอน,แม่ฮ่องสอน,"40,678.91",2549,สจป.1 สาขาแม่ฮ่องสอน,องค์การบริหารส่วนตำบลปางหมู,19.33378173,97.965619,55,,https://drive.google.com/file/d/12yD-MTmQQsySQGLv3nkE9mmdKf6ejsLp/view?usp=drive_link,
1556,องค์การบริหารส่วนตำบล,ผาบ่อง,ผาบ่อง,เมืองแม่ฮ่องสอน,แม่ฮ่องสอน,"166,085.16",2567,สจป.1 สาขาแม่ฮ่องสอน,องค์การบริหารส่วนตำบลผาบ่อง,19.2268049,97.9705012,100,https://drive.google.com/file/d/1WaFPxaAOyvgP3NtEaTwwzIgZhUGlhAty/view?usp=drive_link,,
1557,องค์การบริหารส่วนตำบล,หมอกจำแป่,หมอกจำแป่,เมืองแม่ฮ่องสอน,แม่ฮ่องสอน,"39,543.26",2549,สจป.1 สาขาแม่ฮ่องสอน,องค์การบริหารส่วนตำบลหมอกจำแป่,19.4268034,97.9569126,60,,https://drive.google.com/file/d/1TiftDfdVxH8hK4caZ1B1fTmZrOL_OGXO/view?usp=drive_link,https://drive.google.com/file/d/1p62SEN4ZkhRB4e1gXvkXYCKgxH4FsaND/view?usp=drive_link
1558,องค์การบริหารส่วนตำบล,ห้วยปูลิง,ห้วยปูลิง,เมืองแม่ฮ่องสอน,แม่ฮ่องสอน,"218,828.65",2556,สจป.1 สาขาแม่ฮ่องสอน,องค์การบริหารส่วนตำบลห้วยปูลิง,19.1735458,98.1466832,60,https://drive.google.com/file/d/1EYE48QzN33f6oIEUpkw8IuejkQGnGfs8/view?usp=drive_link,,
1559,องค์การบริหารส่วนตำบล,ห้วยโป่ง,ห้วยโป่ง,เมืองแม่ฮ่องสอน,แม่ฮ่องสอน,"212,186.32",2556,สจป.1 สาขาแม่ฮ่องสอน,องค์การบริหารส่วนตำบลห้วยโป่ง,19.0485834,97.9923747,100,https://drive.google.com/file/d/1tJsqqhBP1hpQo8BA526lKWMHr9WnuMTG/view?usp=drive_link,,
1560,องค์การบริหารส่วนตำบล,ห้วยผา,ห้วยผา,เมืองแม่ฮ่องสอน,แม่ฮ่องสอน,"17,435.04",2566,สจป.1 สาขาแม่ฮ่องสอน,องค์การบริหารส่วนตำบลห้วยผา,19.292998,98.00285339,0,,,
1561,องค์การบริหารส่วนตำบล,ขุนแม่ลาน้อย,ขุนแม่ลาน้อย,แม่ลาน้อย,แม่ฮ่องสอน,"69,556.07",2566,สจป.1 สาขาแม่ฮ่องสอน,องค์การบริหารส่วนตำบลขุนแม่ลาน้อย,18.61891758,98.14567566,55,,,
1562,องค์การบริหารส่วนตำบล,ท่าผาปุ้ม,ท่าผาปุ้ม,แม่ลาน้อย,แม่ฮ่องสอน,"87,642.47",2556,สจป.1 สาขาแม่ฮ่องสอน,องค์การบริหารส่วนตำบลท่าผาปุ้ม,18.36364927,97.95341492,60,https://drive.google.com/file/d/1PWMbV4QTzh1L-H1zi5ibjibYnQywtfPY/view?usp=drive_link,,
1563,องค์การบริหารส่วนตำบล,แม่โถ,แม่โถ,แม่ลาน้อย,แม่ฮ่องสอน,"84,954.19",2549,สจป.1 สาขาแม่ฮ่องสอน,องค์การบริหารส่วนตำบลแม่โถ,18.6231878,98.02142501,60,,https://drive.google.com/file/d/1E28tXngN_l5FPro_pVFQtt_KqtbY2b3S/view?usp=drive_link,https://drive.google.com/file/d/1Co4FSFznyk701SnLA1DdPrW8xh2VPb7K/view?usp=drive_link
1564,องค์การบริหารส่วนตำบล,แม่นาจาง,แม่นาจาง,แม่ลาน้อย,แม่ฮ่องสอน,"80,964.83",2566,สจป.1 สาขาแม่ฮ่องสอน,องค์การบริหารส่วนตำบลแม่นาจาง,18.5565292,98.0885611,60,,,
1565,องค์การบริหารส่วนตำบล,แม่ลาน้อย,แม่ลาน้อย,แม่ลาน้อย,แม่ฮ่องสอน,"166,085.16",2567,สจป.1 สาขาแม่ฮ่องสอน,องค์การบริหารส่วนตำบลแม่ลาน้อย,18.389711,97.9368444,100,https://drive.google.com/file/d/19vzKqGOBhm-GPlbGAaAvo_lClIoYJ7aO/view?usp=drive_link,,
1566,องค์การบริหารส่วนตำบล,แม่ลาหลวง,แม่ลาหลวง,แม่ลาน้อย,แม่ฮ่องสอน,"48,545.84",2556,สจป.1 สาขาแม่ฮ่องสอน,องค์การบริหารส่วนตำบลแม่ลาหลวง,18.522427,97.9311746,60,https://drive.google.com/file/d/1D9HzsuaZhxEfhaOCaTcRGvJ4TH5PRtna/view?usp=drive_link,,
1567,องค์การบริหารส่วนตำบล,สันติคีรี,สันติคีรี,แม่ลาน้อย,แม่ฮ่องสอน,"93,215.73",2556,สจป.1 สาขาแม่ฮ่องสอน,องค์การบริหารส่วนตำบลสันติคีรี,18.54448067,97.95988416,60,https://drive.google.com/file/d/1vpHu5tzfCulaRTu-cifD1UEOf9zujOj4/view?usp=drive_link,,
1568,องค์การบริหารส่วนตำบล,ห้วยห้อม,ห้วยห้อม,แม่ลาน้อย,แม่ฮ่องสอน,"66,612.30",2550,สจป.1 สาขาแม่ฮ่องสอน,องค์การบริหารส่วนตำบลห้วยห้อม,18.3562981,98.067814,50,,https://drive.google.com/file/d/1Lxcv17wYP8jKAf6ZWk2-HA2VqBHmvz6Z/view?usp=drive_link,https://drive.google.com/file/d/17wIYbrAkNuUZA-ge73XYBA-y30TNLx17/view?usp=drive_link
1569,องค์การบริหารส่วนตำบล,บ้านกาศ,บ้านกาศ,แม่สะเรียง,แม่ฮ่องสอน,"127,554.15",2567,สจป.1 สาขาแม่ฮ่องสอน,องค์การบริหารส่วนตำบลบ้านกาศ,18.1763671,97.9338346,100,https://drive.google.com/file/d/1LbgfVwEmctHErDPAfXwLNQ-W1o1sbQSL/view?usp=drive_link,,
1570,องค์การบริหารส่วนตำบล,ป่าแป๋,ป่าแป๋,แม่สะเรียง,แม่ฮ่องสอน,"139,244.38",2550,สจป.1 สาขาแม่ฮ่องสอน,องค์การบริหารส่วนตำบลป่าแป๋,18.2825393,98.0834233,80,,https://drive.google.com/file/d/1cySKi0aM9naUH1dkWfc8RLa35MWghSwA/view?usp=drive_link,
1571,องค์การบริหารส่วนตำบล,แม่คง,แม่คง,แม่สะเรียง,แม่ฮ่องสอน,"20,453.96",2556,สจป.1 สาขาแม่ฮ่องสอน,องค์การบริหารส่วนตำบลแม่คง,18.16140904,97.91740358,55,https://drive.google.com/file/d/1SWAgG8r9iN5-UOZrDzbJDklG2inpU_BT/view?usp=drive_link,,
1572,เทศบาลตำบล,แม่ยวม,แม่ยวม,แม่สะเรียง,แม่ฮ่องสอน,"28,034.46",2565,สจป.1 สาขาแม่ฮ่องสอน,เทศบาลตำบลแม่ยวม,18.14563257,97.92253733,55,,,
1573,เทศบาลตำบล,เมืองยวมใต้,แม่สะเรียง,แม่สะเรียง,แม่ฮ่องสอน,"36,223.03",2549,สจป.1 สาขาแม่ฮ่องสอน,เทศบาลตำบลเมืองยวมใต้,18.14788316,97.93944865,55,,https://drive.google.com/file/d/1mpkrBCyfupWhT-u8jdLYAEiyIliBpA8H/view?usp=drive_link,https://drive.google.com/file/d/1aCEJcaoAqF8lTGoJR0Ani8D8gPyA3i1q/view?usp=drive_link
1574,องค์การบริหารส่วนตำบล,แม่เหาะ,แม่เหาะ,แม่สะเรียง,แม่ฮ่องสอน,"165,168.88",2549,สจป.1 สาขาแม่ฮ่องสอน,องค์การบริหารส่วนตำบลแม่เหาะ,18.1645575,98.0688989,75,,https://drive.google.com/file/d/1Dp9fCGrYVrR3cg5xdKXozyvUl8S5IHer/view?usp=drive_link,
1575,องค์การบริหารส่วนตำบล,เสาหิน,เสาหิน,แม่สะเรียง,แม่ฮ่องสอน,"15,598.25",2566,สจป.1 สาขาแม่ฮ่องสอน,องค์การบริหารส่วนตำบลเสาหิน,18.5240578,97.6769083,50,,,
1576,องค์การบริหารส่วนตำบล,กองก๋อย,กองก๋อย,สบเมย,แม่ฮ่องสอน,"45,977.27",2549,สจป.1 สาขาแม่ฮ่องสอน,องค์การบริหารส่วนตำบลกองก๋อย,18.02836303,98.15940857,55,,https://drive.google.com/file/d/13MmoBWAX1asgsw0LVgqT2bHJL_Ky9bUr/view?usp=drive_link,https://drive.google.com/file/d/1IaYnlc8ITBahvKte1hNhHNUIeYAWYwJk/view?usp=drive_link
1577,องค์การบริหารส่วนตำบล,ป่าโปง,ป่าโปง,สบเมย,แม่ฮ่องสอน,"2,629.09",2549,สจป.1 สาขาแม่ฮ่องสอน,องค์การบริหารส่วนตำบลป่าโปง,18.1500849,98.1291207,50,,https://drive.google.com/file/d/1NIVXWmfZVgwbCyPI4oFLoFGCAj8VrwJg/view?usp=drive_link,https://drive.google.com/file/d/1-uYetCgspvKiO7UZRGpwG5HWkVAcBhco/view?usp=drive_link
1578,องค์การบริหารส่วนตำบล,แม่คะตวน,แม่คะตวน,สบเมย,แม่ฮ่องสอน,"102,125.79",2549,สจป.1 สาขาแม่ฮ่องสอน,องค์การบริหารส่วนตำบลแม่คะตวน,18.0665351,97.93306231,80,,https://drive.google.com/file/d/1QeRzTT0wXN2t2IoSpzQTEQfOStgV4z5p/view?usp=drive_link,https://drive.google.com/file/d/1o2Kn8B14SrW8M4ee2JWqtW8ixqK0yUmp/view?usp=drive_link
1579,องค์การบริหารส่วนตำบล,แม่สวด,แม่สวด,สบเมย,แม่ฮ่องสอน,"219,050.52",2549,สจป.1 สาขาแม่ฮ่องสอน,องค์การบริหารส่วนตำบลแม่สวด,17.9631933,97.9312579,100,,https://drive.google.com/file/d/1R_KbGcNvHgiy9FWdybdgDPjQmjeM4BwX/view?usp=drive_link,
1580,องค์การบริหารส่วนตำบล,แม่สามแลบ,แม่สามแลบ,สบเมย,แม่ฮ่องสอน,"159,561.22",2549,สจป.1 สาขาแม่ฮ่องสอน,องค์การบริหารส่วนตำบลแม่สามแลบ,17.994444,97.75677346,100,,https://drive.google.com/file/d/1x4-gzYFEFptpgMaW74Iie--Wsx0_kINL/view?usp=drive_link,https://drive.google.com/file/d/154WGXRETI6CHnvrusTODVxb8QSuVd2ez/view?usp=drive_link
1581,องค์การบริหารส่วนตำบล,สบเมย,สบเมย,สบเมย,แม่ฮ่องสอน,"168,562.91",2563,สจป.1 สาขาแม่ฮ่องสอน,องค์การบริหารส่วนตำบลสบเมย,17.9565649,97.9274101,100,,,
1582,องค์การบริหารส่วนตำบล,กำแมด,กำแมด,กุดชุม,ยโสธร,"2,118.53",2555,สจป.7 สาขาอุบลราชธานี,องค์การบริหารส่วนตำบลกำแมด,15.96314455,104.3780994,45,,,
1583,องค์การบริหารส่วนตำบล,กุดชุม,กุดชุม,กุดชุม,ยโสธร,"5,442.53",2555,สจป.7 สาขาอุบลราชธานี,องค์การบริหารส่วนตำบลกุดชุม,16.071931,104.351656,50,,,
1584,องค์การบริหารส่วนตำบล,คำน้ำสร้าง,คำน้ำสร้าง,กุดชุม,ยโสธร,"5,317.49",2550,สจป.7 สาขาอุบลราชธานี,องค์การบริหารส่วนตำบลคำน้ำสร้าง,16.09888664,104.2572284,45,,https://drive.google.com/file/d/1l97CkyEzuB70qzn71ixzo8QDrkNeb5H3/view?usp=drive_link,https://drive.google.com/file/d/15fC6BirJ4jKRSmJWg54Ru0XxOUd6cV2s/view?usp=drive_link
1585,องค์การบริหารส่วนตำบล,นาโส่,นาโส่,กุดชุม,ยโสธร,183.08,2555,สจป.7 สาขาอุบลราชธานี,องค์การบริหารส่วนตำบลนาโส่,15.9830998,104.3111688,45,,,
1586,เทศบาลตำบล,โนนเปือย,โนนเปือย,กุดชุม,ยโสธร,"2,430.09",2555,สจป.7 สาขาอุบลราชธานี,เทศบาลตำบลโนนเปือย,16.0132337,104.3655434,45,,,
1587,องค์การบริหารส่วนตำบล,โพนงาม,โพนงาม,กุดชุม,ยโสธร,"18,649.22",2555,สจป.7 สาขาอุบลราชธานี,องค์การบริหารส่วนตำบลโพนงาม,16.0408177,104.1801329,50,,,
1588,องค์การบริหารส่วนตำบล,หนองหมี,หนองหมี,กุดชุม,ยโสธร,"3,546.12",2555,สจป.7 สาขาอุบลราชธานี,องค์การบริหารส่วนตำบลหนองหมี,16.0623823,104.2538166,50,,,
1589,องค์การบริหารส่วนตำบล,หนองแหน,หนองแหน,กุดชุม,ยโสธร,"10,534.60",2555,สจป.7 สาขาอุบลราชธานี,องค์การบริหารส่วนตำบลหนองแหน,16.1471268,104.2423723,50,,,
1590,องค์การบริหารส่วนตำบล,กุดน้ำใส,กุดน้ำใส,ค้อวัง,ยโสธร,770.26,2555,สจป.7 สาขาอุบลราชธานี,องค์การบริหารส่วนตำบลกุดน้ำใส,15.4112582,104.3641777,45,,,
1591,องค์การบริหารส่วนตำบล,ค้อวัง,ค้อวัง,ค้อวัง,ยโสธร,706.92,2555,สจป.7 สาขาอุบลราชธานี,องค์การบริหารส่วนตำบลค้อวัง,15.3497046,104.314579,45,,,
1592,องค์การบริหารส่วนตำบล,ฟ้าห่วน,ฟ้าห่วน,ค้อวัง,ยโสธร,879.99,2555,สจป.7 สาขาอุบลราชธานี,องค์การบริหารส่วนตำบลฟ้าห่วน,15.375571,104.394836,45,,,
1593,องค์การบริหารส่วนตำบล,ดงเจริญ,ดงเจริญ,คำเขื่อนแก้ว,ยโสธร,"1,222.46",2549,สจป.7 สาขาอุบลราชธานี,องค์การบริหารส่วนตำบลดงเจริญ,15.69105439,104.2909384,45,,https://drive.google.com/file/d/19F7VruEO8fd-9qJT38EN424Be7CIDJUG/view?usp=drive_link,https://drive.google.com/file/d/12hUcl2AwUFGtGwRCqOrqK9Nc7R5qOSBK/view?usp=drive_link
1594,องค์การบริหารส่วนตำบล,ทุ่งมน,ทุ่งมน,คำเขื่อนแก้ว,ยโสธร,"1,719.06",2549,สจป.7 สาขาอุบลราชธานี,องค์การบริหารส่วนตำบลทุ่งมน,15.7432488,104.2989991,45,,https://drive.google.com/file/d/1vmtX-JZI7o7NMO4b2b1qxiDlobRxD4GM/view?usp=drive_link,https://drive.google.com/file/d/1NDz-EX6NYqxCJnvNxRq-yAiCZgK6zOJH/view?usp=drive_link
1595,องค์การบริหารส่วนตำบล,ลุมพุก,ลุมพุก,คำเขื่อนแก้ว,ยโสธร,"1,067.54",2549,สจป.7 สาขาอุบลราชธานี,องค์การบริหารส่วนตำบลลุมพุก,15.64832911,104.3273306,45,,https://drive.google.com/file/d/1GGjqrxd0MtEtZzRgTQWPaIhlvglJN-2L/view?usp=drive_link,
1596,องค์การบริหารส่วนตำบล,เหล่าไฮ,เหล่าไฮ,คำเขื่อนแก้ว,ยโสธร,"2,815.96",2549,สจป.7 สาขาอุบลราชธานี,องค์การบริหารส่วนตำบลเหล่าไฮ,15.6944031,104.348439,45,,https://drive.google.com/file/d/1cSwSG8z098wK1GttyqbdmGA2G2GeUUQi/view?usp=drive_link,https://drive.google.com/file/d/1PpkViUWaS8O9ZkNqGUBTorx61nF7fYJ8/view?usp=drive_link
1597,องค์การบริหารส่วนตำบล,ดงมะไฟ,ดงมะไฟ,ทรายมูล,ยโสธร,"9,942.32",2549,สจป.7 สาขาอุบลราชธานี,องค์การบริหารส่วนตำบลดงมะไฟ,15.999585,104.138541,50,,https://drive.google.com/file/d/1kaJFgHjc9MUdEMwVMtqZwWCG2s8LPLV7/view?usp=drive_link,https://drive.google.com/file/d/1avqNqjEvv85P_y7OicHikRLd-2eseKOT/view?usp=drive_link
1598,องค์การบริหารส่วนตำบล,ดู่ลาด,ดู่ลาด,ทรายมูล,ยโสธร,"1,649.03",2549,สจป.7 สาขาอุบลราชธานี,องค์การบริหารส่วนตำบลดู่ลาด,15.9988317,104.2068175,50,,https://drive.google.com/file/d/1K1hFDRSN9wFOCB24CoMj7rL8XxsZPH01/view?usp=drive_link,https://drive.google.com/file/d/1Enwq-0MDbGWTN5lNBWwd4JFjM8jFg4ye/view?usp=drive_link
1599,องค์การบริหารส่วนตำบล,ทรายมูล,ทรายมูล,ทรายมูล,ยโสธร,"1,431.14",2549,สจป.7 สาขาอุบลราชธานี,องค์การบริหารส่วนตำบลทรายมูล,15.9723673,104.2251744,45,,https://drive.google.com/file/d/1gRn5boNrEzsfWrD5tR7AWxrlt8S-v2TP/view?usp=drive_link,https://drive.google.com/file/d/1jkoLqKKlkc1GSzKyZ6-B14D9CK-YaUwF/view?usp=drive_link
1600,เทศบาลตำบล,นาเวียง,นาเวียง,ทรายมูล,ยโสธร,"8,837.72",2549,สจป.7 สาขาอุบลราชธานี,เทศบาลตำบลนาเวียง,16.07445627,104.1383819,50,,https://drive.google.com/file/d/1V-V3L9tfCxGonTp57ytx2Y4cY_IHya9n/view?usp=drive_link,https://drive.google.com/file/d/12r-9s7z7v6mJnvQUj2Ob4iL_OYPuVhJ8/view?usp=drive_link
1601,องค์การบริหารส่วนตำบล,ไผ่,ไผ่,ทรายมูล,ยโสธร,"1,469.77",2549,สจป.7 สาขาอุบลราชธานี,องค์การบริหารส่วนตำบลไผ่,15.9100727,104.2894235,45,,https://drive.google.com/file/d/1cqG8xUVwyrkR5WjOWIic7sRw_1KPQQcY/view?usp=drive_link,https://drive.google.com/file/d/1iFbJ48I1QSMmL3UYAPetbt1r-W8a2qIu/view?usp=drive_link
1602,องค์การบริหารส่วนตำบล,ไทยเจริญ,ไทยเจริญ,ไทยเจริญ,ยโสธร,718.56,2555,สจป.7 สาขาอุบลราชธานี,องค์การบริหารส่วนตำบลไทยเจริญ,16.0677021,104.4429036,45,,,
1603,องค์การบริหารส่วนตำบล,ส้มผ่อ,ส้มผ่อ,ไทยเจริญ,ยโสธร,"5,034.58",2555,สจป.7 สาขาอุบลราชธานี,องค์การบริหารส่วนตำบลส้มผ่อ,16.14930745,104.3941283,50,,,
1604,องค์การบริหารส่วนตำบล,โคกนาโก,โคกนาโก,ป่าติ้ว,ยโสธร,"12,749.48",2550,สจป.7 สาขาอุบลราชธานี,องค์การบริหารส่วนตำบลโคกนาโก,15.889802,104.435749,50,,https://drive.google.com/file/d/1MHDvQcNgqZCzypfgFSY34Ge1a8n2mm6U/view?usp=drive_link,https://drive.google.com/file/d/1X-uOnGr4xFDqco9WttJwZY8TJLGZ2e3Z/view?usp=drive_link
1605,องค์การบริหารส่วนตำบล,โพธิ์ไทร,โพธิ์ไทร,ป่าติ้ว,ยโสธร,"1,735.92",2550,สจป.7 สาขาอุบลราชธานี,องค์การบริหารส่วนตำบลโพธิ์ไทร,15.8133736,104.395953,45,,https://drive.google.com/file/d/1p79hQpN910cN6HzpI2BLFVtKFvX0RhIH/view?usp=drive_link,https://drive.google.com/file/d/112CaJGRTG2wkBTTl_k4OwdVHW5HThVMM/view?usp=drive_link
1606,องค์การบริหารส่วนตำบล,คูเมือง,คูเมือง,มหาชนะชัย,ยโสธร,802.78,2555,สจป.7 สาขาอุบลราชธานี,องค์การบริหารส่วนตำบลคูเมือง,15.4994809,104.2185866,45,,,
1607,องค์การบริหารส่วนตำบล,พระเสาร์,พระเสาร์,มหาชนะชัย,ยโสธร,"1,835.32",2549,สจป.7 สาขาอุบลราชธานี,องค์การบริหารส่วนตำบลพระเสาร์,15.57116136,104.1571391,45,,https://drive.google.com/file/d/1Guypr6K3b5ZTfHATWy0YdufzoyaRhqAH/view?usp=drive_link,https://drive.google.com/file/d/1V2NljHvQSVZ-4If1ybZSOYFEUseUWVzT/view?usp=drive_link
1608,องค์การบริหารส่วนตำบล,ฟ้าหยาด,ฟ้าหยาด,มหาชนะชัย,ยโสธร,704.86,2555,สจป.7 สาขาอุบลราชธานี,องค์การบริหารส่วนตำบลฟ้าหยาด,15.5187871,104.245719,45,,,
1609,องค์การบริหารส่วนตำบล,สงยาง,สงยาง,มหาชนะชัย,ยโสธร,663.64,2555,สจป.7 สาขาอุบลราชธานี,องค์การบริหารส่วนตำบลสงยาง,15.4560888,104.2355971,45,,,
1610,องค์การบริหารส่วนตำบล,หัวเมือง,หัวเมือง,มหาชนะชัย,ยโสธร,868.59,2555,สจป.7 สาขาอุบลราชธานี,องค์การบริหารส่วนตำบลหัวเมือง,15.561745,104.203852,45,,,
1611,องค์การบริหารส่วนตำบล,ขั้นไดใหญ่,ขั้นไดใหญ่,เมืองยโสธร,ยโสธร,"2,235.15",2550,สจป.7 สาขาอุบลราชธานี,องค์การบริหารส่วนตำบลขั้นไดใหญ่,15.8994018,104.1228054,50,,https://drive.google.com/file/d/1Ri1Znywrz2u4TzoyXuiz2Pfwv_rZUwL9/view?usp=drive_link,https://drive.google.com/file/d/1IC_WvwGhFVWaXbXJ3ioYKJTJTiUjJ3NL/view?usp=drive_link
1612,องค์การบริหารส่วนตำบล,ค้อเหนือ,ค้อเหนือ,เมืองยโสธร,ยโสธร,555.8,2555,สจป.7 สาขาอุบลราชธานี,องค์การบริหารส่วนตำบลค้อเหนือ,15.8583284,104.0738034,50,,,
1613,องค์การบริหารส่วนตำบล,ดู่ทุ่ง,ดู่ทุ่ง,เมืองยโสธร,ยโสธร,"2,607.47",2555,สจป.7 สาขาอุบลราชธานี,องค์การบริหารส่วนตำบลดู่ทุ่ง,15.8826384,104.076454,45,,,
1614,เทศบาลตำบล,เดิด,เดิด,เมืองยโสธร,ยโสธร,"2,252.20",2555,สจป.7 สาขาอุบลราชธานี,เทศบาลตำบลเดิด,15.90885108,104.0646845,50,,,
1615,เทศบาลตำบล,ทุ่งแต้,ทุ่งแต้,เมืองยโสธร,ยโสธร,"3,626.53",2555,สจป.7 สาขาอุบลราชธานี,เทศบาลตำบลทุ่งแต้,15.893358,104.181795,50,,,
1616,องค์การบริหารส่วนตำบล,ทุ่งนางโอก,ทุ่งนางโอก,เมืองยโสธร,ยโสธร,674.6,2550,สจป.7 สาขาอุบลราชธานี,องค์การบริหารส่วนตำบลทุ่งนางโอก,15.8862087,104.1618818,45,,https://drive.google.com/file/d/1q1e4-2nK6JevFMthsQrQlMaT6FOzU1Ed/view?usp=drive_link,https://drive.google.com/file/d/1T8-f0c09gdtKwts8NdmUpfHfHpvF5OCD/view?usp=drive_link
1617,เทศบาลตำบล,นาสะไมย์,นาสะไมย์,เมืองยโสธร,ยโสธร,"2,388.24",2549,สจป.7 สาขาอุบลราชธานี,เทศบาลตำบลนาสะไมย์,15.88109163,104.2408843,45,,https://drive.google.com/file/d/1XxytqMfHAJQCkShYTBEsO0vHDDv5e6YM/view?usp=drive_link,https://drive.google.com/file/d/1jm21LjBflTecQQ6HuUjK31ZihQEtA-PT/view?usp=drive_link
1618,เทศบาลตำบล,สำราญ,สำราญ,เมืองยโสธร,ยโสธร,346.46,2555,สจป.7 สาขาอุบลราชธานี,เทศบาลตำบลสำราญ,15.8540104,104.0945487,45,,,
1619,องค์การบริหารส่วนตำบล,หนองเป็ด,หนองเป็ด,เมืองยโสธร,ยโสธร,"1,627.15",2549,สจป.7 สาขาอุบลราชธานี,องค์การบริหารส่วนตำบลหนองเป็ด,15.854668,104.3104254,45,,https://drive.google.com/file/d/1Hp1iGxDEO4OCLpfLZ2hUoYINTBlK9JCU/view?usp=drive_link,https://drive.google.com/file/d/1URdplBz7LnrRZEz6vQ2caJzhlJCd63xP/view?usp=drive_link
1620,องค์การบริหารส่วนตำบล,หนองหิน,หนองหิน,เมืองยโสธร,ยโสธร,"2,738.21",2549,สจป.7 สาขาอุบลราชธานี,องค์การบริหารส่วนตำบลหนองหิน,15.8554802,104.2817973,50,,https://drive.google.com/file/d/1wx-eMCJH48OgZHVvhS3eHbnIYGDuiBcW/view?usp=drive_link,https://drive.google.com/file/d/1XKmrg_rIhRiGN3t_v8C1ckX2OmmkL2aw/view?usp=drive_link
1621,เทศบาลตำบล,กุดเชียงหมี,กุดเชียงหมี,เลิงนกทา,ยโสธร,"19,417.73",2555,สจป.7 สาขาอุบลราชธานี,เทศบาลตำบลกุดเชียงหมี,16.2706098,104.4844446,50,,,
1622,เทศบาลตำบล,กุดแห่,กุดแห่,เลิงนกทา,ยโสธร,"1,995.46",2555,สจป.7 สาขาอุบลราชธานี,เทศบาลตำบลกุดแห่,16.27664206,104.5204926,50,,,
1623,เทศบาลตำบล,โคกสำราญ,โคกสำราญ,เลิงนกทา,ยโสธร,310.42,2555,สจป.7 สาขาอุบลราชธานี,เทศบาลตำบลโคกสำราญ,16.1644786,104.5789562,0,,,
1624,เทศบาลตำบล,บุ่งค้า,บุ่งค้า,เลิงนกทา,ยโสธร,"26,458.70",2555,สจป.7 สาขาอุบลราชธานี,เทศบาลตำบลบุ่งค้า,16.1674835,104.6407581,50,,,
1625,เทศบาลตำบล,ศรีแก้ว,ศรีแก้ว,เลิงนกทา,ยโสธร,"16,293.40",2555,สจป.7 สาขาอุบลราชธานี,เทศบาลตำบลศรีแก้ว,16.16703208,104.3720591,50,,,
1626,เทศบาลตำบล,สร้างมิ่ง,สร้างมิ่ง,เลิงนกทา,ยโสธร,210.22,2555,สจป.7 สาขาอุบลราชธานี,เทศบาลตำบลสร้างมิ่ง,16.1043446,104.5173882,0,,,
1627,เทศบาลตำบล,สวาท,สวาท,เลิงนกทา,ยโสธร,"2,688.00",2555,สจป.7 สาขาอุบลราชธานี,เทศบาลตำบลสวาท,16.190072,104.516485,45,,,
1628,เทศบาลตำบล,หนองสองห้อง,สามแยก,เลิงนกทา,ยโสธร,"3,309.77",2555,สจป.7 สาขาอุบลราชธานี,เทศบาลตำบลหนองสองห้อง,16.1991745,104.5307454,50,,,
1629,เทศบาลตำบล,ห้องแซง,ห้องแซง,เลิงนกทา,ยโสธร,"12,419.05",2555,สจป.7 สาขาอุบลราชธานี,เทศบาลตำบลห้องแซง,16.26855217,104.4059327,50,,,
1630,องค์การบริหารส่วนตำบล,กรงปินัง,กรงปินัง,กรงปินัง,ยะลา,"8,060.77",2554,สจป.13 สาขานราธิวาส,องค์การบริหารส่วนตำบลกรงปินัง,6.4418233,101.2770641,0,https://drive.google.com/file/d/1lQn_M8AwRi977NxJxwsXErd4FYCpnHrE/view?usp=drive_link,,
1631,องค์การบริหารส่วนตำบล,สะเอะ,สะเอะ,กรงปินัง,ยะลา,"2,321.25",2554,สจป.13 สาขานราธิวาส,องค์การบริหารส่วนตำบลสะเอะ,6.405420497,101.2454295,0,https://drive.google.com/file/d/17Eead9URvScSkXnE6BDc7dKuA7mdyxP9/view?usp=drive_link,,
1632,องค์การบริหารส่วนตำบล,ห้วยกระทิง,ห้วยกระทิง,กรงปินัง,ยะลา,"10,045.73",2554,สจป.13 สาขานราธิวาส,องค์การบริหารส่วนตำบลห้วยกระทิง,6.3250078,101.2596104,5,https://drive.google.com/file/d/1-6S3Yiv4h7dSV12bv5f425FPazTzUWxJ/view?usp=drive_link,,
1633,องค์การบริหารส่วนตำบล,บาละ,บาละ,กาบัง,ยะลา,"133,724.77",2554,สจป.13 สาขานราธิวาส,องค์การบริหารส่วนตำบลบาละ,6.3751784,101.0416523,5,https://drive.google.com/file/d/1UDPwXaIvkSpMdmaq6o6w3rS5aVDzfzXy/view?usp=drive_link,,
1634,องค์การบริหารส่วนตำบล,บันนังสตา,บันนังสตา,บันนังสตา,ยะลา,"25,346.58",2565,สจป.13 สาขานราธิวาส,องค์การบริหารส่วนตำบลบันนังสตา,6.256287439,101.249249,0,,,
1635,เทศบาลตำบล,ธารน้ำทิพย์,ธารน้ำทิพย์,เบตง,ยะลา,"4,547.81",2559,สจป.13 สาขานราธิวาส,เทศบาลตำบลธารน้ำทิพย์,5.7614937,101.0836771,5,https://drive.google.com/file/d/1QDrJUWa1fzBlmN9x0Br2xNXpEtTXxjBA/view?usp=drive_link,,
1636,องค์การบริหารส่วนตำบล,ลำพะยา,ลำพะยา,เมืองยะลา,ยะลา,"8,719.42",2550,สจป.13 สาขานราธิวาส,องค์การบริหารส่วนตำบลลำพะยา,6.58061,101.16593,0,,https://drive.google.com/file/d/1ayOjPHaZwwQqDdqteMo23uxwkOP8SbdN/view?usp=drive_link,https://drive.google.com/file/d/1ZA-llibfJiVcXelZcptWmTWHy7Ot4RNH/view?usp=drive_link
1637,องค์การบริหารส่วนตำบล,กาตอง,กาตอง,ยะหา,ยะลา,"2,370.12",2566,สจป.13 สาขานราธิวาส,องค์การบริหารส่วนตำบลกาตอง,6.5032,101.082,0,,,
1638,องค์การบริหารส่วนตำบล,บาโงยซิแน,บาโงยซิแน,ยะหา,ยะลา,859.58,2559,สจป.13 สาขานราธิวาส,องค์การบริหารส่วนตำบลบาโงยซิแน,6.520937,101.158651,0,https://drive.google.com/file/d/12u_RE7ej1TggpaQ-DVqee3_yBc59KoSk/view?usp=drive_link,,
1639,เทศบาลตำบล,ปะแต,ปะแต,ยะหา,ยะลา,"127,387.13",2559,สจป.13 สาขานราธิวาส,เทศบาลตำบลปะแต,6.4139494,101.1362989,0,https://drive.google.com/file/d/1Q71IUHXQmedJW2C2uiBEXPZy0VMq38bV/view?usp=drive_link,,
1640,องค์การบริหารส่วนตำบล,กายูบอเกาะ,กายูบอเกาะ,รามัน,ยะลา,219.15,2559,สจป.13 สาขานราธิวาส,องค์การบริหารส่วนตำบลกายูบอเกาะ,6.4761423,101.4071557,0,https://drive.google.com/file/d/18vGWX25Rr59gp00jDVvfxQR2EI9zkFRX/view?usp=drive_link,,
1641,องค์การบริหารส่วนตำบล,กาลอ,กาลอ,รามัน,ยะลา,"13,622.88",2559,สจป.13 สาขานราธิวาส,องค์การบริหารส่วนตำบลกาลอ,6.395741,101.3748606,0,https://drive.google.com/file/d/1g3XYMWBd9e0GpA_xkvxDsfAltGg0bc2X/view?usp=drive_link,,
1642,เทศบาลตำบล,โกตาบารู,โกตาบารู,รามัน,ยะลา,508.19,2550,สจป.13 สาขานราธิวาส,เทศบาลตำบลโกตาบารู,6.458505,101.354209,0,,https://drive.google.com/file/d/16Fl3WIZpIXQdP3YmKbRzfuCkriwthTRh/view?usp=drive_link,https://drive.google.com/file/d/1Z-BOlXgTW1yFrmkDcLfc0PXeoz3URRnM/view?usp=drive_link
1643,เทศบาลตำบล,บาลอ,บาลอ,รามัน,ยะลา,"5,660.07",2554,สจป.13 สาขานราธิวาส,เทศบาลตำบลบาลอ,6.444417,101.4503529,0,https://drive.google.com/file/d/1B4GXciENNA2B2ReNAoDBV-oNkjLyCZlS/view?usp=drive_link,,
1644,องค์การบริหารส่วนตำบล,บือมัง,บือมัง,รามัน,ยะลา,"8,608.20",2554,สจป.13 สาขานราธิวาส,องค์การบริหารส่วนตำบลบือมัง,6.4157736,101.3556732,0,https://drive.google.com/file/d/1roTkFtfgxa6_8MbsBQzJwWR-fnMZVzb0/view?usp=drive_link,,
1645,องค์การบริหารส่วนตำบล,ยะต๊ะ,ยะต๊ะ,รามัน,ยะลา,"3,082.45",2554,สจป.13 สาขานราธิวาส,องค์การบริหารส่วนตำบลยะต๊ะ,6.431890542,101.3676189,0,https://drive.google.com/file/d/1pQTVJ8zsO1xc9fIYGoX7KOsu0D1X-6Fg/view?usp=drive_link,,
1646,เทศบาลตำบล,เหล่า,เหล่า,ทุ่งเขาหลวง,ร้อยเอ็ด,"2,183.56",2554,สจป.7 ขอนแก่น,เทศบาลตำบลเหล่า,15.9718476,103.830687,45,https://drive.google.com/file/d/1iQMXK_kXbgNNleBWjfjs9bs6yLi-iPqB/view?usp=drive_link,,
1647,เทศบาลตำบล,อุ่มเม้า,อุ่มเม้า,ธวัชบุรี,ร้อยเอ็ด,"3,833.79",2554,สจป.7 ขอนแก่น,เทศบาลตำบลอุ่มเม้า,16.030517,103.7776374,45,https://drive.google.com/file/d/1nLNiu5Kep2cURKtgbX6Tlv6IBIyCXpva/view?usp=sharing,,
1648,องค์การบริหารส่วนตำบล,กุดน้ำใส,กุดน้ำใส,พนมไพร,ร้อยเอ็ด,"2,191.02",2548,สจป.7 ขอนแก่น,องค์การบริหารส่วนตำบลกุดน้ำใส,15.7642838,104.0659601,50,,https://drive.google.com/file/d/1AFEQ-DccSjtOYuVak7z_ENdjzXHoXYMQ/view?usp=drive_link,https://drive.google.com/file/d/125PQlZH3LLl2TAlNpYb7wt61xLWvGpu-/view?usp=drive_link
1649,องค์การบริหารส่วนตำบล,โคกสว่าง,โคกสว่าง,พนมไพร,ร้อยเอ็ด,"8,037.40",2548,สจป.7 ขอนแก่น,องค์การบริหารส่วนตำบลโคกสว่าง,15.6415714,104.0953227,50,,https://drive.google.com/file/d/1N4to2ZC1ciQp9FSXHHn7VWHshsplrTqw/view?usp=drive_link,https://drive.google.com/file/d/1TxinPOJLUcdSinBXgt-tyrld7yJjf4ZN/view?usp=drive_link
1650,เทศบาลตำบล,โพธิ์ชัย,โพธิ์ชัย,พนมไพร,ร้อยเอ็ด,29.34,2548,สจป.7 ขอนแก่น,เทศบาลตำบลโพธิ์ชัย,15.59637737,104.0982485,45,,https://drive.google.com/file/d/19x8HqLG328sJrnWeBoucsrcRVKYBCB8l/view?usp=drive_link,https://drive.google.com/file/d/1f8lsY_0KpR1N9sC_D6MKT8UF1JsIub7a/view?usp=sharing
1651,องค์การบริหารส่วนตำบล,โพธิ์ใหญ่,โพธิ์ใหญ่,พนมไพร,ร้อยเอ็ด,"5,501.12",2548,สจป.7 ขอนแก่น,องค์การบริหารส่วนตำบลโพธิ์ใหญ่,15.725816,104.0388266,50,,https://drive.google.com/file/d/1-PdAjAkP2VvbxYDB4brzfzfMLWNR9YhF/view?usp=drive_link,https://drive.google.com/file/d/10BwlqyET5gNBCNMGQbTpUmh90JY9408R/view?usp=drive_link
1652,เทศบาลตำบล,คำพอุง,คำพอุง,โพธิ์ชัย,ร้อยเอ็ด,"16,312.33",2548,สจป.7 ขอนแก่น,เทศบาลตำบลคำพอุง,16.3755284,103.8289769,50,,https://drive.google.com/file/d/1l1KTQE94ujtsrltjf8HmkYeOeeovazq-/view?usp=drive_link,https://drive.google.com/file/d/1fuAeV1DpBEhr3z9p3L1miveZND7nqcT4/view?usp=drive_link
1653,เทศบาลตำบล,อัคคะคำ,อัคคะคำ,โพธิ์ชัย,ร้อยเอ็ด,"1,981.61",2548,สจป.7 ขอนแก่น,เทศบาลตำบลอัคคะคำ,16.3809965,103.7545866,50,,https://drive.google.com/file/d/1UM7uq84qWRXkLa1k_9yO9EZh7Zs8waMQ/view?usp=drive_link,https://drive.google.com/file/d/1nFLvVRZyGkr6CWAXQBoYX_N7oaJAWskt/view?usp=drive_link
1654,องค์การบริหารส่วนตำบล,คำนาดี,คำนาดี,โพนทอง,ร้อยเอ็ด,654.45,2548,สจป.7 ขอนแก่น,องค์การบริหารส่วนตำบลคำนาดี,16.3959641,103.9292567,0,,https://drive.google.com/file/d/10VL2sQHGaehHNi2NM7TdD2nKizuugmHx/view?usp=drive_link,https://drive.google.com/file/d/1fsTJ3RUYIHrMBUNHvqSC4fSw14QfEs0z/view?usp=drive_link
1655,เทศบาลตำบล,โคกกกม่วง,โคกกกม่วง,โพนทอง,ร้อยเอ็ด,"1,532.21",2548,สจป.7 ขอนแก่น,เทศบาลตำบลโคกกกม่วง,16.1684527,104.0297998,0,,https://drive.google.com/file/d/1fquLlUOFzXLGjJ0OECPYJUGvPDqvtnA_/view?usp=drive_link,https://drive.google.com/file/d/1OIgvysrUZm1-UMlijCc5EemGaJrGzMkS/view?usp=drive_link
1656,องค์การบริหารส่วนตำบล,พรมสวรรค์,พรมสวรรค์,โพนทอง,ร้อยเอ็ด,587.66,2554,สจป.7 ขอนแก่น,องค์การบริหารส่วนตำบลพรมสวรรค์,16.1966018,104.0722727,45,https://drive.google.com/file/d/1mEcy16fniC1T5fPYuHnxiM6zMP8DvjeJ/view?usp=drive_link,,
1657,องค์การบริหารส่วนตำบล,หนองใหญ่,หนองใหญ่,โพนทอง,ร้อยเอ็ด,0,2548,สจป.7 ขอนแก่น,องค์การบริหารส่วนตำบลหนองใหญ่,16.4057378,103.9982055,0,,https://drive.google.com/file/d/1l_liB7ZatdB4zi_1Vks3a9fErJCBWqFd/view?usp=drive_link,https://drive.google.com/file/d/1lLDo49NNCEHaFTy5pQiudt5xSkLUMM0Q/view?usp=drive_link
1658,เทศบาลตำบล,เมยวดี,เมยวดี,เมยวดี,ร้อยเอ็ด,237.67,2554,สจป.7 ขอนแก่น,เทศบาลตำบลเมยวดี,16.3898233,104.1546187,45,https://drive.google.com/file/d/1HYC8123-NwzASc3fk7GElE3q6n9a8DC5/view?usp=drive_link,,
1659,เทศบาลตำบล,ท่าม่วง,ท่าม่วง,เสลภูมิ,ร้อยเอ็ด,"1,357.11",2554,สจป.7 ขอนแก่น,เทศบาลตำบลท่าม่วง,16.1148263,103.8740297,45,https://drive.google.com/file/d/1AXCFHuNgdn4AY1b86XaWxuYFQPd5ddoe/view?usp=drive_link,,
1660,องค์การบริหารส่วนตำบล,โพธิ์ทอง,โพธิ์ทอง,เสลภูมิ,ร้อยเอ็ด,384.07,2554,สจป.7 ขอนแก่น,องค์การบริหารส่วนตำบลโพธิ์ทอง,16.127488,104.1147622,45,https://drive.google.com/file/d/1dPxAhXanJqDOX_SCSRCyze5xvdRHvXx2/view?usp=drive_link,,
1661,องค์การบริหารส่วนตำบล,ภูเงิน,ภูเงิน,เสลภูมิ,ร้อยเอ็ด,186.7,2548,สจป.7 ขอนแก่น,องค์การบริหารส่วนตำบลภูเงิน,16.058434,104.04959,45,,https://drive.google.com/file/d/1BkQhqWozmF7mlZqFHMm-ZgAZlHpcY7JR/view?usp=drive_link,https://drive.google.com/file/d/1Ritq1uOSNAYEAn4_OvKTMRqN3g93GRJw/view?usp=drive_link
1662,องค์การบริหารส่วนตำบล,กกโพธิ์,กกโพธิ์,หนองพอก,ร้อยเอ็ด,"4,488.84",2548,สจป.7 ขอนแก่น,องค์การบริหารส่วนตำบลกกโพธิ์,16.31297293,104.1306388,50,,https://drive.google.com/file/d/1LSbMjD_v0q4owpjLX-IRlCbi0724_3pa/view?usp=drive_link,https://drive.google.com/file/d/1voruof9UTZihy7zQKFKbt9MAhkJh0D0U/view?usp=drive_link
1663,องค์การบริหารส่วนตำบล,โคกสว่าง,โคกสว่าง,หนองพอก,ร้อยเอ็ด,"8,206.61",2548,สจป.7 ขอนแก่น,องค์การบริหารส่วนตำบลโคกสว่าง,16.3040053,104.2721321,50,,https://drive.google.com/file/d/1lyeUT5nxxwTLwHpTFK97p3NF_CMiCJVB/view?usp=drive_link,https://drive.google.com/file/d/1VjDNPO8mMeWfYJDff7M-zQ_zTDgoSPTl/view?usp=drive_link
1664,เทศบาลตำบล,ท่าสีดา,ท่าสีดา,หนองพอก,ร้อยเอ็ด,"2,559.74",2548,สจป.7 ขอนแก่น,เทศบาลตำบลท่าสีดา,16.229179,104.204636,50,,https://drive.google.com/file/d/1INyV2HN89JF3MbDIfajruxieWvZCEkc1/view?usp=drive_link,https://drive.google.com/file/d/1S71XGB_vZkfebSfsubx5U8JlRCfePz27/view?usp=drive_link
1665,องค์การบริหารส่วนตำบล,บึงงาม,บึงงาม,หนองพอก,ร้อยเอ็ด,"4,565.51",2554,สจป.7 ขอนแก่น,องค์การบริหารส่วนตำบลบึงงาม,16.3407816,104.2568711,45,https://drive.google.com/file/d/1Ht5VQ6Qj1CBTAM9pcbj4sxheJkzlvvuq/view?usp=drive_link,,
1666,เทศบาลตำบล,ผาน้ำย้อย,ผาน้ำย้อย,หนองพอก,ร้อยเอ็ด,"2,018.91",2554,สจป.7 ขอนแก่น,เทศบาลตำบลผาน้ำย้อย,16.3189613,104.314405,50,https://drive.google.com/file/d/1sb6aIsmjsXVNv0qbuUyNXaJeP4PxuLbK/view?usp=drive_link,,
1667,เทศบาลตำบล,ภูเขาทอง,ภูเขาทอง,หนองพอก,ร้อยเอ็ด,"2,345.50",2548,สจป.7 ขอนแก่น,เทศบาลตำบลภูเขาทอง,16.3987322,104.2483507,45,,https://drive.google.com/file/d/1LBYehJtBW9DtjCwMahXjjdKbFuvChoZ-/view?usp=drive_link,https://drive.google.com/file/d/1lfDbVckKPkgu-fUK5m_VurLXkXx0i1t5/view?usp=drive_link
1668,องค์การบริหารส่วนตำบล,รอบเมือง,รอบเมือง,หนองพอก,ร้อยเอ็ด,"9,746.41",2554,สจป.7 ขอนแก่น,องค์การบริหารส่วนตำบลรอบเมือง,16.0241439,103.6371482,50,https://drive.google.com/file/d/1g_b4x9y0tAsvF-gfTe0oln_TITdJFQSW/view?usp=drive_link,,
1669,องค์การบริหารส่วนตำบล,หนองขุ่นใหญ่,หนองขุ่นใหญ่,หนองพอก,ร้อยเอ็ด,"1,452.49",2548,สจป.7 ขอนแก่น,องค์การบริหารส่วนตำบลหนองขุ่นใหญ่,16.23062154,104.133482,50,,https://drive.google.com/file/d/1Lxv-W-dKOxqYtbjthAUh0RHHUQq9ivE8/view?usp=drive_link,https://drive.google.com/file/d/1QA7yw1bCqMvat9a6JfqxsYgpALX8h1Gd/view?usp=drive_link
1670,องค์การบริหารส่วนตำบล,ดูกอึ่ง,ดูกอึ่ง,หนองฮี,ร้อยเอ็ด,771.74,2554,สจป.7 ขอนแก่น,องค์การบริหารส่วนตำบลดูกอึ่ง,15.54730665,104.0273094,45,https://drive.google.com/file/d/1oUPLJ81OYB7QqMmt8KGj7eAio9R8QTSE/view?usp=drive_link,,
1671,เทศบาลตำบล,หนองฮี,หนองฮี,หนองฮี,ร้อยเอ็ด,"4,312.28",2554,สจป.7 ขอนแก่น,เทศบาลตำบลหนองฮี,15.608733,103.989016,50,https://drive.google.com/file/d/1Onxao0FSxhTPNrzsPH7cyq0cjBHdV4pl/view?usp=drive_link,,
1672,เทศบาลตำบล,โพนเมือง,โพนเมือง,อาจสามารถ,ร้อยเอ็ด,"1,007.89",2554,สจป.7 ขอนแก่น,เทศบาลตำบลโพนเมือง,15.9152475,103.8699804,45,https://drive.google.com/file/d/1VfKv-_UvPwBQXoly0y2KKj0fYbWAL99T/view?usp=drive_link,,
1673,องค์การบริหารส่วนตำบล,หนองขาม,หนองขาม,อาจสามารถ,ร้อยเอ็ด,"2,525.21",2554,สจป.7 ขอนแก่น,องค์การบริหารส่วนตำบลหนองขาม,15.8080937,103.8715339,50,https://drive.google.com/file/d/1BGFgsXhh7OmYoW8ma26pAbzWta9LBf6T/view?usp=drive_link,,
1674,เทศบาลตำบล,หนองหมื่นถ่าน,หนองหมื่นถ่าน,อาจสามารถ,ร้อยเอ็ด,"10,342.80",2554,สจป.7 ขอนแก่น,เทศบาลตำบลหนองหมื่นถ่าน,15.7540058,103.9181485,50,https://drive.google.com/file/d/1RMewtHy1PtVWR8Dvvycum7rgFc4grJlr/view?usp=drive_link,,
1675,องค์การบริหารส่วนตำบล,หน่อม,หน่อม,อาจสามารถ,ร้อยเอ็ด,7.43,2554,สจป.7 ขอนแก่น,องค์การบริหารส่วนตำบลหน่อม,15.8054046,103.9360289,0,https://drive.google.com/file/d/19loxBbYYcaep1vOFMyeXVG2zNM-FQRPt/view?usp=drive_link,,
1676,เทศบาลตำบล, จ.ป.ร.,จ.ป.ร.,กระบุรี,ระนอง,"30,365.69",2555,สจป.11 สุราษฎร์ธานี,เทศบาลตำบล จ.ป.ร.,10.5278103,98.9027138,50,,,
1677,องค์การบริหารส่วนตำบล,น้ำจืด,น้ำจืด,กระบุรี,ระนอง,"11,814.33",2555,สจป.11 สุราษฎร์ธานี,องค์การบริหารส่วนตำบลน้ำจืด,10.3860654,98.77102,45,,,
1678,องค์การบริหารส่วนตำบล,น้ำจืดน้อย,น้ำจืดน้อย,กระบุรี,ระนอง,519.56,2555,สจป.11 สุราษฎร์ธานี,องค์การบริหารส่วนตำบลน้ำจืดน้อย,10.4302072,98.7899656,45,,,
1679,องค์การบริหารส่วนตำบล,บางใหญ่,บางใหญ่,กระบุรี,ระนอง,"16,728.31",255,สจป.11 สุราษฎร์ธานี,องค์การบริหารส่วนตำบลบางใหญ่,10.2964166,98.7669475,50,,,
1680,องค์การบริหารส่วนตำบล,ปากจั่น,ปากจั่น,กระบุรี,ระนอง,"14,413.13",2555,สจป.11 สุราษฎร์ธานี,องค์การบริหารส่วนตำบลปากจั่น,10.5204222,98.8313038,0,,,
1681,องค์การบริหารส่วนตำบล,มะมุ,มะมุ,กระบุรี,ระนอง,"14,535.92",2555,สจป.11 สุราษฎร์ธานี,องค์การบริหารส่วนตำบลมะมุ,10.4758509,98.811499,0,,,
1682,เทศบาลตำบล,ลำเลียง,ลำเลียง,กระบุรี,ระนอง,"55,198.32",2555,สจป.11 สุราษฎร์ธานี,เทศบาลตำบลลำเลียง,10.3429694,98.7766714,45,,,
1683,องค์การบริหารส่วนตำบล,กะเปอร์,กะเปอร์,กะเปอร์,ระนอง,"2,947.03",2565,สจป.11 สุราษฎร์ธานี,องค์การบริหารส่วนตำบลกะเปอร์,9.5818522,98.6011,0,,,
1684,องค์การบริหารส่วนตำบล,บางหิน,บางหิน,กะเปอร์,ระนอง,"8,114.15",2555,สจป.11 สุราษฎร์ธานี,องค์การบริหารส่วนตำบลบางหิน,9.5373369,98.5796482,0,,,
1685,องค์การบริหารส่วนตำบล,บ้านนา,บ้านนา,กะเปอร์,ระนอง,"5,521.00",2565,สจป.11 สุราษฎร์ธานี,องค์การบริหารส่วนตำบลบ้านนา,9.5698337,98.7055049,0,https://drive.google.com/file/d/17j8dHh9ed6D--UfFLrPJCnKt-y5I2jbn/view?usp=drive_link,,
1686,องค์การบริหารส่วนตำบล,ม่วงกลวง,ม่วงกลวง,กะเปอร์,ระนอง,"2,404.42",2565,สจป.11 สุราษฎร์ธานี,องค์การบริหารส่วนตำบลม่วงกลวง,9.606208429,98.54137659,0,,,
1687,องค์การบริหารส่วนตำบล,เกาะพยาม,เกาะพยาม,เมืองระนอง,ระนอง,"7,147.86",2555,สจป.11 สุราษฎร์ธานี,องค์การบริหารส่วนตำบลเกาะพยาม,9.743701,98.4211924,5,,,
1688,องค์การบริหารส่วนตำบล,ทรายแดง,ทรายแดง,เมืองระนอง,ระนอง,"6,469.34",2555,สจป.11 สุราษฎร์ธานี,องค์การบริหารส่วนตำบลทรายแดง,10.13701541,98.6891681,0,,,
1689,เทศบาลตำบล,บางนอน,บางนอน,เมืองระนอง,ระนอง,"7,935.51",2555,สจป.11 สุราษฎร์ธานี,เทศบาลตำบลบางนอน,9.9922636,98.6506635,0,,,
1690,เทศบาลเมือง,บางริ้น,บางริ้น,เมืองระนอง,ระนอง,"3,690.25",2555,สจป.11 สุราษฎร์ธานี,เทศบาลเมืองบางริ้น,9.889473344,98.62760961,0,,,
1691,เทศบาลตำบล,ปากน้ำท่าเรือ,ปากน้ำ,เมืองระนอง,ระนอง,"6,062.17",2555,สจป.11 สุราษฎร์ธานี,เทศบาลตำบลปากน้ำท่าเรือ,9.9912522,98.6120102,0,,,
1692,เทศบาลตำบล,ราชกรูด,ราชกรูด,เมืองระนอง,ระนอง,"12,154.24",2555,สจป.11 สุราษฎร์ธานี,เทศบาลตำบลราชกรูด,9.7572533,98.5914962,0,,,
1693,องค์การบริหารส่วนตำบล,หงาว,หงาว,เมืองระนอง,ระนอง,"6,344.21",2555,สจป.11 สุราษฎร์ธานี,องค์การบริหารส่วนตำบลหงาว,9.8512095,98.6194906,0,,,
1694,องค์การบริหารส่วนตำบล,หาดส้มแป้น,หาดส้มแป้น,เมืองระนอง,ระนอง,"15,441.22",2555,สจป.11 สุราษฎร์ธานี,องค์การบริหารส่วนตำบลหาดส้มแป้น,9.952847,98.690467,5,,,
1695,เทศบาลตำบล,บางแก้ว,บางแก้ว,ละอุ่น,ระนอง,"23,732.19",2555,สจป.11 สุราษฎร์ธานี,เทศบาลตำบลบางแก้ว,10.1790938,98.7122245,45,,,
1696,องค์การบริหารส่วนตำบล,บางพระเหนือ,บางพระเหนือ,ละอุ่น,ระนอง,"21,520.21",2555,สจป.11 สุราษฎร์ธานี,องค์การบริหารส่วนตำบลบางพระเหนือ,10.074902,98.7255331,45,,,
1697,เทศบาลตำบล,ละอุ่น,ละอุ่นใต้,ละอุ่น,ระนอง,"10,672.10",2555,สจป.11 สุราษฎร์ธานี,เทศบาลตำบลละอุ่น,10.1128177,98.7544908,0,,,
1698,องค์การบริหารส่วนตำบล,ละอุ่นเหนือ,ละอุ่นเหนือ,ละอุ่น,ระนอง,"13,886.24",2555,สจป.11 สุราษฎร์ธานี,องค์การบริหารส่วนตำบลละอุ่นเหนือ,10.0848865,98.7844298,0,,,
1699,เทศบาลตำบล,กำพวน,กำพวน,สุขสำราญ,ระนอง,"5,835.26",2555,สจป.11 สุราษฎร์ธานี,เทศบาลตำบลกำพวน,9.378654756,98.42113853,0,,,
1700,องค์การบริหารส่วนตำบล,นาคา,นาคา,สุขสำราญ,ระนอง,"16,306.88",2555,สจป.11 สุราษฎร์ธานี,องค์การบริหารส่วนตำบลนาคา,9.432212854,98.46776605,0,,,
1701,องค์การบริหารส่วนตำบล,กระแสบน,กระแสบน,แกลง,ระยอง,"16,004.07",2548,สจป.9 ชลบุรี,องค์การบริหารส่วนตำบลกระแสบน,12.84658416,101.6208315,25,,https://drive.google.com/file/d/1H0e04iky6iWPc1oUf-H8rvjiO4B6NigB/view?usp=drive_link,https://drive.google.com/file/d/1slJt1l4I4xlH1VMpkK-yG8g_iuPY6A8-/view?usp=drive_link
1702,องค์การบริหารส่วนตำบล,กองดิน,กองดิน,แกลง,ระยอง,"12,341.94",2555,สจป.9 ชลบุรี,องค์การบริหารส่วนตำบลกองดิน,12.7894053,101.7718047,25,https://drive.google.com/file/d/1f_BLs1sqT2epEehksKBymfybfVm1BXp2/view?usp=drive_link,,
1703,องค์การบริหารส่วนตำบล,ทุ่งควายกิน,ทุ่งควายกิน,แกลง,ระยอง,"3,323.05",2555,สจป.9 ชลบุรี,องค์การบริหารส่วนตำบลทุ่งควายกิน,12.80531307,101.7262234,20,https://drive.google.com/file/d/1MeXpGgJVwAgaE-IXj8Pg5yFHPxK7OkBq/view?usp=drive_link,,
1704,เทศบาลตำบล,เนินฆ้อ,เนินฆ้อ,แกลง,ระยอง,3.7,2548,สจป.9 ชลบุรี,เทศบาลตำบลเนินฆ้อ,12.71095546,101.646459,0,,https://drive.google.com/file/d/1jSm_8ip3iaS5rGJOThJlRDfcx-eLlrUl/view?usp=drive_link,https://drive.google.com/file/d/15HNXApeUbrmtOrP03LjMfyJtuzNkuF-P/view?usp=drive_link
1705,เทศบาลตำบล,ปากน้ำประแส,ปากน้ำประแส,แกลง,ระยอง,1.65,2548,สจป.9 ชลบุรี,เทศบาลตำบลปากน้ำประแส,12.7098026,101.7099652,0,,https://drive.google.com/file/d/1-rEFsvEeoRyotnjQlM5p1nv8nw_UVi_O/view?usp=drive_link,https://drive.google.com/file/d/1KVc0U0YH33MMUp9USakAW740Cv_BsNss/view?usp=drive_link
1706,เทศบาลตำบล,สองสลึง,สองสลึง,แกลง,ระยอง,"1,899.88",2555,สจป.9 ชลบุรี,เทศบาลตำบลสองสลึง,12.74297469,101.5624559,20,https://drive.google.com/file/d/1_FlEDBFaJ7-IhpZs2w7UHoQLAZKDzH1Y/view?usp=drive_link,,
1707,องค์การบริหารส่วนตำบล,เขาน้อย,เขาน้อย,เขาชะเมา,ระยอง,"3,690.96",2567,สจป.9 ชลบุรี,องค์การบริหารส่วนตำบลเขาน้อย,13.0876354,101.5997059,25,https://drive.google.com/file/d/1V1g9_R0kja-syZgIwDmy8I6DBE3IyD_m/view?usp=drive_link,,
1708,เทศบาลตำบล,ชำฆ้อ,ชำฆ้อ,เขาชะเมา,ระยอง,"1,328.72",2567,สจป.9 ชลบุรี,เทศบาลตำบลชำฆ้อ,12.92551548,101.6723835,25,https://drive.google.com/file/d/1WfAtaVOATBnGCNvtMU5mE-mLV9VDllcW/view?usp=drive_link,,
1709,องค์การบริหารส่วนตำบล,น้ำเป็น,น้ำเป็น,เขาชะเมา,ระยอง,"1,536.06",2567,สจป.9 ชลบุรี,องค์การบริหารส่วนตำบลน้ำเป็น,12.86004618,101.7381835,25,https://drive.google.com/file/d/13EtezrLUdfRbIlWcEOUtNeLzyetRHE3n/view?usp=drive_link,,
1710,องค์การบริหารส่วนตำบล,เขาชะเมา,ห้วยทับมอญ,เขาชะเมา,ระยอง,"9,250.63",2567,สจป.9 ชลบุรี,องค์การบริหารส่วนตำบลเขาชะเมา,12.98613927,101.6725174,25,https://drive.google.com/file/d/1Sk-5FNpno4ePgjNCwmyXizOcYv41IDgs/view?usp=drive_link,,
1711,เทศบาลตำบล,ชากบก,ชากบก,บ้านค่าย,ระยอง,261.88,2548,สจป.9 ชลบุรี,เทศบาลตำบลชากบก,12.78865473,101.3423281,20,,https://drive.google.com/file/d/1DvceVjBMaFnLMYctWrh0PDsSE_L6kt2a/view?usp=drive_link,https://drive.google.com/file/d/1XcZ9wHjO7-K5xeTwZ4QDVG12unzuIUl7/view?usp=drive_link
1712,เทศบาลตำบล,หนองบัว,หนองบัว,บ้านค่าย,ระยอง,"3,214.30",2548,สจป.9 ชลบุรี,เทศบาลตำบลหนองบัว,12.8449076,101.3118694,20,,https://drive.google.com/file/d/16jGO0d45pLY7_HKqjYUPx71q34sMLftN/view?usp=drive_link,https://drive.google.com/file/d/16qG4QxFcof0V7NWqhZaHwo-s1YeOpmID/view?usp=drive_link
1713,เทศบาลตำบล,บ้านฉาง,บ้านฉาง,บ้านฉาง,ระยอง,"8,431.26",2555,สจป.9 ชลบุรี,เทศบาลตำบลบ้านฉาง,12.7208581,101.0667789,25,https://drive.google.com/file/d/1cSkCMz_f1-szMRbJDwX7Vl0vkkwZD9n1/view?usp=drive_link,,
1714,เทศบาลตำบล,พลา,พลา,บ้านฉาง,ระยอง,695.16,2555,สจป.9 ชลบุรี,เทศบาลตำบลพลา,12.665092,101.034705,20,https://drive.google.com/file/d/1F13801vSsJ74QQ3D3z3yMS7pskHnyHJq/view?usp=drive_link,,
1715,เทศบาลตำบล,ชากหมาก,สำนักท้อน,บ้านฉาง,ระยอง,106.75,2548,สจป.9 ชลบุรี,เทศบาลตำบลชากหมาก,12.7694116,101.0195648,25,,https://drive.google.com/file/d/167Pn0Ze4fSlGGg95simVZjh9ECEuiNhv/view?usp=drive_link,https://drive.google.com/file/d/1QUK-FeJZf81lkNK5BbsCSynOCVqnvfSV/view?usp=drive_link
1716,องค์การบริหารส่วนตำบล,กะเฉด,กะเฉด,เมืองระยอง,ระยอง,"2,013.91",2555,สจป.9 ชลบุรี,องค์การบริหารส่วนตำบลกะเฉด,12.71963237,101.4896446,20,https://drive.google.com/file/d/1xuFCp6hVxen_9iPjqc4XpXzslrVcmXNH/view?usp=drive_link,,
1717,องค์การบริหารส่วนตำบล,แกลง,แกลง,เมืองระยอง,ระยอง,"2,809.52",2548,สจป.9 ชลบุรี,องค์การบริหารส่วนตำบลแกลง,12.6435991,101.4833148,20,,https://drive.google.com/file/d/1_veHOi4lPyVxmPLIlPFr18mkVSqQSpch/view?usp=drive_link,https://drive.google.com/file/d/1yAuaP2L4vkKp9Q1MVFCzmu380rVCr-NH/view?usp=drive_link
1718,องค์การบริหารส่วนตำบล,ตะพง,ตะพง,เมืองระยอง,ระยอง,"4,467.74",2555,สจป.9 ชลบุรี,องค์การบริหารส่วนตำบลตะพง,12.65759994,101.3724876,20,https://drive.google.com/file/d/1uhI0ZLmxLvJpZ9ovarHnit7KOACiug7N/view?usp=drive_link,,
1719,เทศบาลตำบล,นาตาขวัญ,นาตาขวัญ,เมืองระยอง,ระยอง,"1,984.72",2548,สจป.9 ชลบุรี,เทศบาลตำบลนาตาขวัญ,12.718319,101.338054,20,,https://drive.google.com/file/d/12n8Wb61-RdZuqNBriQZCnRU60-Klr2ym/view?usp=drive_link,https://drive.google.com/file/d/19Zayn0Zpjpo4E-0pYJWn4Dw3bdq1Zr4s/view?usp=drive_link
1720,เทศบาลเมือง,เนินพระ,เนินพระ,เมืองระยอง,ระยอง,508.49,2555,สจป.9 ชลบุรี,เทศบาลเมืองเนินพระ,12.6830469,101.2119241,20,https://drive.google.com/file/d/1Cv83hbrB8RAO7Fxr8LJ-XQVW9TeM_RZ-/view?usp=drive_link,,
1721,องค์การบริหารส่วนตำบล,บ้านแลง,บ้านแลง,เมืองระยอง,ระยอง,"3,103.15",2555,สจป.9 ชลบุรี,องค์การบริหารส่วนตำบลบ้านแลง,12.6997187,101.3351474,20,https://drive.google.com/file/d/1aMs3vnzmhWM4m1_7H54RjG56LL-PQOBs/view?usp=drive_link,,
1722,องค์การบริหารส่วนตำบล,เพ,เพ,เมืองระยอง,ระยอง,"1,903.48",2548,สจป.9 ชลบุรี,องค์การบริหารส่วนตำบลเพ,12.64677024,101.4296264,20,,https://drive.google.com/file/d/1QBZ7VGbP9fp6nESIoHPrwUE1lF140mf6/view?usp=drive_link,https://drive.google.com/file/d/15_FnkZIJIRdcXXuC3Hf00DBt7PRs1Yas/view?usp=drive_link
1723,เทศบาลนคร,มาบตาพุด,มาบตาพุด,เมืองระยอง,ระยอง,"5,537.84",2555,สจป.9 ชลบุรี,เทศบาลนครมาบตาพุด,12.72513719,101.1266479,25,https://drive.google.com/file/d/1-Had5x9merPek6gKEupchZt9pxXvaPEa/view?usp=drive_link,,
1724,องค์การบริหารส่วนตำบล,สำนักทอง,สำนักทอง,เมืองระยอง,ระยอง,"10,466.00",2555,สจป.9 ชลบุรี,องค์การบริหารส่วนตำบลสำนักทอง,12.76675956,101.484248,25,https://drive.google.com/file/d/1ZuH71ItkCcQlqrR5VTsuh1kmR_-8pTkZ/view?usp=drive_link,,
1725,องค์การบริหารส่วนตำบล,ชุมแสง,ชุมแสง,วังจันทร์,ระยอง,"22,708.26",2548,สจป.9 ชลบุรี,องค์การบริหารส่วนตำบลชุมแสง,12.938872,101.5278211,25,,https://drive.google.com/file/d/1wtunwJn-sPnKx0W4rUFxFaou0Ud0fDnD/view?usp=drive_link,https://drive.google.com/file/d/1-BwcvgLOvNj9qtFOjU6GoQ7FIUrSsHLp/view?usp=drive_link
1726,องค์การบริหารส่วนตำบล,แก้มอ้น,แก้มอ้น,จอมบึง,ราชบุรี,"9,418.71",2548,สจป.10 ราชบุรี,องค์การบริหารส่วนตำบลแก้มอ้น,13.75272467,99.43011478,25,,https://drive.google.com/file/d/1lfWT4RZVnSazxCGSTmuMMBgWDa4d7fEO/view?usp=drive_link,https://drive.google.com/file/d/1P09SxLw3QPIXLAgnDD3HjVnlBD-AoVXH/view?usp=drive_link
1727,เทศบาลเมือง,จอมพล,จอมบึง,จอมบึง,ราชบุรี,"6,147.00",2568,สจป.10 ราชบุรี,เทศบาลเมืองจอมพล,13.6306226,99.6042578,25,https://drive.google.com/file/d/1KSQEVMdMJ8oz_gGcvYNIgvug5RshxrXT/view?usp=drive_link,https://drive.google.com/file/d/1wXQpjJK0okSwXlUGyl7h_1aH3BuTq-Ry/view?usp=drive_link,https://drive.google.com/file/d/17HozgRfaZZRzI5_IJc1hnVxFLWXLW3pB/view?usp=drive_link
1728,องค์การบริหารส่วนตำบล,ด่านทับตะโก,ด่านทับตะโก,จอมบึง,ราชบุรี,"14,814.58",2548,สจป.10 ราชบุรี,องค์การบริหารส่วนตำบลด่านทับตะโก,13.6839035,99.4548745,25,,https://drive.google.com/file/d/1VvZCMR1EY2tCBHmvL0MmLeJW5QM7GLzi/view?usp=drive_link,https://drive.google.com/file/d/13yvpuQkxxDdyC7DS3iRtrdp5Ug2mypRV/view?usp=drive_link
1729,องค์การบริหารส่วนตำบล,เบิกไพร,เบิกไพร,จอมบึง,ราชบุรี,"3,336.92",2548,สจป.10 ราชบุรี,องค์การบริหารส่วนตำบลเบิกไพร,13.6489384,99.5272738,25,,https://drive.google.com/file/d/1sq47uinRC9aK-cn5B6bR4X0PC4-E49Ts/view?usp=drive_link,https://drive.google.com/file/d/1G2y7aqx4JzkyYvFE1-c1ak2C6e6HQN8E/view?usp=drive_link
1730,องค์การบริหารส่วนตำบล,ปากช่อง,ปากช่อง,จอมบึง,ราชบุรี,949.46,2548,สจป.10 ราชบุรี,องค์การบริหารส่วนตำบลปากช่อง,13.6434531,99.6854684,25,,https://drive.google.com/file/d/1asgUfCUO85UmZNIyS-4U2icj38d8S8sY/view?usp=drive_link,https://drive.google.com/file/d/18lOkyG_M0cMtJv2kf61eh30-kOcEtqyf/view?usp=drive_link
1731,องค์การบริหารส่วนตำบล,รางบัว,รางบัว,จอมบึง,ราชบุรี,"28,722.48",2548,สจป.10 ราชบุรี,องค์การบริหารส่วนตำบลรางบัว,13.59378076,99.51973513,25,,https://drive.google.com/file/d/1YUCYC8fvuZ4dq2CyifldnBt8Gi3CTOds/view?usp=drive_link,https://drive.google.com/file/d/1efKi8B_hjYmkUGJ1rZTjLw3ASVijJeRG/view?usp=drive_link
1732,องค์การบริหารส่วนตำบล,บ้านคา,บ้านคา,บ้านคา,ราชบุรี,"19,317.94",2555,สจป.10 ราชบุรี,องค์การบริหารส่วนตำบลบ้านคา,13.4309074,99.4099647,25,https://drive.google.com/file/d/1lp5Owr20jICV-fitSMX_dJaRPGJpKy2E/view?usp=drive_link,,
1733,องค์การบริหารส่วนตำบล,บ้านบึง,บ้านบึง,บ้านคา,ราชบุรี,"10,727.88",2555,สจป.10 ราชบุรี,องค์การบริหารส่วนตำบลบ้านบึง,13.3365618,99.4501644,25,https://drive.google.com/file/d/1p9tgI9aIMgegKQgInW6F7qu5AuW5r70t/view?usp=drive_link,,
1734,องค์การบริหารส่วนตำบล,หนองพันจันทร์,หนองพันจันทร์,บ้านคา,ราชบุรี,"8,385.21",2555,สจป.10 ราชบุรี,องค์การบริหารส่วนตำบลหนองพันจันทร์,13.4762794,99.4333617,25,https://drive.google.com/file/d/1waWJ6MjOTRXu_l0mV4p4CgT9cqK38LSk/view?usp=drive_link,,
1735,องค์การบริหารส่วนตำบล,เขาขลุง,เขาขลุง,บ้านโป่ง,ราชบุรี,"1,727.92",2554,สจป.10 ราชบุรี,องค์การบริหารส่วนตำบลเขาขลุง,13.80039702,99.71804559,25,https://drive.google.com/file/d/1cy7IZJSPIRtGG2CUt8M7WdvkB2yXCpS6/view?usp=drive_link,,
1736,เทศบาลตำบล,ทุ่งหลวง,ทุ่งหลวง,ปากท่อ,ราชบุรี,"12,054.34",2554,สจป.10 ราชบุรี,เทศบาลตำบลทุ่งหลวง,13.4305605,99.7173382,25,https://drive.google.com/file/d/1kmYPoA1IymQL-AQ00A_LWD8R4NM0Hx38/view?usp=drive_link,,
1737,องค์การบริหารส่วนตำบล,ยางหัก,ยางหัก,ปากท่อ,ราชบุรี,"63,825.73",2548,สจป.10 ราชบุรี,องค์การบริหารส่วนตำบลยางหัก,13.2673806,99.5929541,30,,https://drive.google.com/file/d/1i5twGSGRiCKYHquIgyMMdhsxx6LqfNLT/view?usp=drive_link,https://drive.google.com/file/d/14wVSxm4jvOnU921CikmbX4rGubP485tS/view?usp=drive_link
1738,องค์การบริหารส่วนตำบล,ห้วยยางโทน,ห้วยยางโทน,ปากท่อ,ราชบุรี,"6,896.08",2550,สจป.10 ราชบุรี,องค์การบริหารส่วนตำบลห้วยยางโทน,13.3329124,99.7209667,25,,https://drive.google.com/file/d/1afqq9R28XxuPRm3DhkYtIg8aJfXxHbRr/view?usp=drive_link,https://drive.google.com/file/d/1RbVc3ZIQhHUkGdh6vqGIwd0KwTOHTb7J/view?usp=drive_link
1739,องค์การบริหารส่วนตำบล,อ่างหิน,อ่างหิน,ปากท่อ,ราชบุรี,"11,743.75",2548,สจป.10 ราชบุรี,องค์การบริหารส่วนตำบลอ่างหิน,13.46346189,99.68356848,25,,https://drive.google.com/file/d/12_flwwcgqf_fMJ-GVfUY6ELRJ4-YnCsY/view?usp=drive_link,https://drive.google.com/file/d/1luvkC22E-GYuHLTpuJ6UlImDf5uKo6t5/view?usp=drive_link
1740,องค์การบริหารส่วนตำบล,หนองกวาง,หนองกวาง,โพธาราม,ราชบุรี,"4,192.00",2568,สจป.10 ราชบุรี,องค์การบริหารส่วนตำบลหนองกวาง,13.72465386,99.59794006,25,https://drive.google.com/file/d/1hc4TRYNL65BB6Q7UKspKQNSvZugglpTa/view?usp=drive_link,,
1741,องค์การบริหารส่วนตำบล,เกาะพลับพลา,เกาะพลับพลา,เมืองราชบุรี,ราชบุรี,"2,566.00",2568,สจป.10 ราชบุรี,องค์การบริหารส่วนตำบลเกาะพลับพลา,13.59038894,99.75007653,25,https://drive.google.com/file/d/1kxVJvLPtj9ghKKE4XKereC_bocLFMFyH/view?usp=drive_link,,
1742,องค์การบริหารส่วนตำบล,น้ำพุ,น้ำพุ,เมืองราชบุรี,ราชบุรี,"4,746.56",2548,สจป.10 ราชบุรี,องค์การบริหารส่วนตำบลน้ำพุ,13.5107355,99.6681348,25,,https://drive.google.com/file/d/1lD95ODKXSMW2uSKWoJMGZqr_jmw-3Lsc/view?usp=drive_link,https://drive.google.com/file/d/12S7ZA-vEa-flbhLyIGoMwv-v0EMklc48/view?usp=drive_link
1743,เทศบาลตำบล,หินกอง,หินกอง,เมืองราชบุรี,ราชบุรี,"8,433.37",2555,สจป.10 ราชบุรี,เทศบาลตำบลหินกอง,13.5473968,99.7252639,25,https://drive.google.com/file/d/1tO6EOypmwgjzhISCMjPO8mBbkm6q3OhC/view?usp=drive_link,,
1744,องค์การบริหารส่วนตำบล,ตะนาวศรี,ตะนาวศรี,สวนผึ้ง,ราชบุรี,"68,990.87",2554,สจป.10 ราชบุรี,องค์การบริหารส่วนตำบลตะนาวศรี,13.50981771,99.33859777,55,https://drive.google.com/file/d/1tVvAMAsPOowmeGiFMIiFHmJwTDSjzqWD/view?usp=drive_link,,
1745,องค์การบริหารส่วนตำบล,ท่าเคย,ท่าเคย,สวนผึ้ง,ราชบุรี,"2,285.65",2554,สจป.10 ราชบุรี,องค์การบริหารส่วนตำบลท่าเคย,13.54249674,99.38319325,25,https://drive.google.com/file/d/1Ro3IUtJcnqFtsR8IR5N_QulPDKCBKl-T/view?usp=drive_link,,
1746,องค์การบริหารส่วนตำบล,ป่าหวาย,ป่าหวาย,สวนผึ้ง,ราชบุรี,"3,898.00",2548,สจป.10 ราชบุรี,องค์การบริหารส่วนตำบลป่าหวาย,13.663335,99.358292,25,,https://drive.google.com/file/d/1lqJYZDP_Jcd2qG9cN8OZiw-GME8H70oi/view?usp=drive_link,
1747,องค์การบริหารส่วนตำบล,โคกเจริญ,โคกเจริญ,โคกเจริญ,ลพบุรี,"5,662.64",2556,สจป.5 สระบุรี,องค์การบริหารส่วนตำบลโคกเจริญ,15.3674857,100.8021321,25,https://drive.google.com/file/d/1EP5ygCwCL8h6BWzSazJDPwuWAk0DRbzq/view?usp=drive_link,,https://drive.google.com/file/d/1CoeaabgDbxWFsoKuj-TQcz-R-QLovGhS/view?usp=drive_link
1748,องค์การบริหารส่วนตำบล,โคกแสมสาร,โคกแสมสาร,โคกเจริญ,ลพบุรี,"21,241.71",2556,สจป.5 สระบุรี,องค์การบริหารส่วนตำบลโคกแสมสาร,15.3362162,100.8312569,25,https://drive.google.com/file/d/1DPrEo9tZ26osTFMWKqx0z0C3kRw9jSYe/view?usp=drive_link,,
1749,องค์การบริหารส่วนตำบล,ยางราก,ยางราก,โคกเจริญ,ลพบุรี,"26,547.15",2550,สจป.5 สระบุรี,องค์การบริหารส่วนตำบลยางราก,15.375767,100.9646425,25,,https://drive.google.com/file/d/1MgT2vsF_FkHR9aY8A7CZIc1sHeHpTbc1/view?usp=drive_link,
1750,องค์การบริหารส่วนตำบล,วังทอง,วังทอง,โคกเจริญ,ลพบุรี,"11,088.63",2556,สจป.5 สระบุรี,องค์การบริหารส่วนตำบลวังทอง,15.428885,100.8615605,25,https://drive.google.com/file/d/1UlWVLIWuhR8vz1MAzXwKquAt6ci1S3N5/view?usp=drive_link,,
1751,องค์การบริหารส่วนตำบล,เพนียด,เพนียด,โคกสำโรง,ลพบุรี,"19,444.18",2549,สจป.5 สระบุรี,องค์การบริหารส่วนตำบลเพนียด,15.0754903,100.7939172,25,,https://drive.google.com/file/d/1e8YZKWXWGVxd_EC1Da7al3lxx9QwXc8T/view?usp=drive_link,https://drive.google.com/file/d/1P4-HSjPCmFheDZD4jnoklPBi585knRnX/view?usp=drive_link
1752,องค์การบริหารส่วนตำบล,เขาแหลม,เขาแหลม,ชัยบาดาล,ลพบุรี,"42,740.85",2550,สจป.5 สระบุรี,องค์การบริหารส่วนตำบลเขาแหลม,15.0778209,100.9628383,25,,https://drive.google.com/file/d/1X8mdYZQFm_pH1wF90KRRu9oDpyqRJTgc/view?usp=drive_link,https://drive.google.com/file/d/1zlD4tinaugIqXVFnY4LxiETOQUSpa-b3/view?usp=drive_link
1753,องค์การบริหารส่วนตำบล,ซับตะเคียน,ซับตะเคียน,ชัยบาดาล,ลพบุรี,"38,306.05",2548,สจป.5 สระบุรี,องค์การบริหารส่วนตำบลซับตะเคียน,15.117811,101.30436,25,,https://drive.google.com/file/d/1o0t-C5TTuefB4FRaoL_iTPh4_gUQUtFZ/view?usp=drive_link,https://drive.google.com/file/d/1xCteTH4zuQUTk0TtW2aJMHS78jgD_gZJ/view?usp=drive_link
1754,องค์การบริหารส่วนตำบล,นาโสม,นาโสม,ชัยบาดาล,ลพบุรี,"11,742.58",2549,สจป.5 สระบุรี,องค์การบริหารส่วนตำบลนาโสม,15.244083,101.265138,25,,https://drive.google.com/file/d/1y1fNQ89OQIGKWRCrxh3EFp5v0H6jn-zZ/view?usp=drive_link,https://drive.google.com/file/d/1Kfh6kE4cSCr0N75Oz-GzriFF8Cssy_Rg/view?usp=drive_link
1755,องค์การบริหารส่วนตำบล,บัวชุม,บัวชุม,ชัยบาดาล,ลพบุรี,"55,136.04",2556,สจป.5 สระบุรี,องค์การบริหารส่วนตำบลบัวชุม,15.227566,101.1987913,30,https://drive.google.com/file/d/18vHpM_aHARE37P4XkqZDSQ4slMGvNDrF/view?usp=drive_link,,
1756,องค์การบริหารส่วนตำบล,บ้านใหม่สามัคคี,บ้านใหม่สามัคคี,ชัยบาดาล,ลพบุรี,"25,919.77",2549,สจป.5 สระบุรี,องค์การบริหารส่วนตำบลบ้านใหม่สามัคคี,15.2508304,101.0566905,25,,https://drive.google.com/file/d/1WMDBOERZ-JElWxSuqQcBd2xlZas-CUtN/view?usp=drive_link,https://drive.google.com/file/d/1_o2iOq1HKeAKk3VLZRt_y29UfQlq2aEt/view?usp=drive_link
1757,องค์การบริหารส่วนตำบล,ศิลาทิพย์,ศิลาทิพย์,ชัยบาดาล,ลพบุรี,"7,579.81",2550,สจป.5 สระบุรี,องค์การบริหารส่วนตำบลศิลาทิพย์,15.311212,101.124982,25,,https://drive.google.com/file/d/1fQ8g3AKfAOBGyYj-1Zcwc8wrtadsKI9E/view?usp=drive_link,https://drive.google.com/file/d/1sfU3uvZ7vJhqg6mMSC3eERS1kWwGocR-/view?usp=drive_link
1758,องค์การบริหารส่วนตำบล,หนองยายโต๊ะ,หนองยายโต๊ะ,ชัยบาดาล,ลพบุรี,"7,605.56",2557,สจป.5 สระบุรี,องค์การบริหารส่วนตำบลหนองยายโต๊ะ,15.242209,101.2431874,25,https://drive.google.com/file/d/1wQbmt2a3ps7xPvGf7ImodAaAutOeQi2a/view?usp=drive_link,,
1759,องค์การบริหารส่วนตำบล,ห้วยหิน,ห้วยหิน,ชัยบาดาล,ลพบุรี,"11,832.22",2549,สจป.5 สระบุรี,องค์การบริหารส่วนตำบลห้วยหิน,15.15502625,101.0547729,25,,https://drive.google.com/file/d/1UOzwFlVNOs1nHQ1ceKhqZsFqB6fnjAzY/view?usp=drive_link,https://drive.google.com/file/d/17pGW8uYBZw8HI8gdsVvnEaszeANz-M7K/view?usp=drive_link
1760,องค์การบริหารส่วนตำบล,แก่งผักกูด,แก่งผักกูด,ท่าหลวง,ลพบุรี,"10,759.53",2556,สจป.5 สระบุรี,องค์การบริหารส่วนตำบลแก่งผักกูด,15.0300254,101.0947154,5,https://drive.google.com/file/d/1jyo4F8Ko58Z2px4uGTN_2cejVaXjjWDx/view?usp=drive_link,,
1761,องค์การบริหารส่วนตำบล,ซับจำปา,ซับจำปา,ท่าหลวง,ลพบุรี,"28,400.66",2556,สจป.5 สระบุรี,องค์การบริหารส่วนตำบลซับจำปา,15.0542374,101.2230405,25,https://drive.google.com/file/d/1E6rJDakhO9Lv3mg9aDxHPy7Y5177kIg4/view?usp=drive_link,,
1762,องค์การบริหารส่วนตำบล,ท่าหลวง,ท่าหลวง,ท่าหลวง,ลพบุรี,"43,302.67",2557,สจป.5 สระบุรี,องค์การบริหารส่วนตำบลท่าหลวง,15.0860596,101.1114167,5,https://drive.google.com/file/d/1xNq8jsSNcaeGtY79znMUjRFiP_BTN0KG/view?usp=sharing,,
1763,เทศบาลตำบล,บ้านท่าหลวง,บ้านท่าหลวง,ท่าหลวง,ลพบุรี,"10,476.25",2556,สจป.5 สระบุรี,เทศบาลตำบลบ้านท่าหลวง,15.0686148,101.1206543,0,,,
1764,องค์การบริหารส่วนตำบล,หนองผักแว่น,หนองผักแว่น,ท่าหลวง,ลพบุรี,"43,671.20",2556,สจป.5 สระบุรี,องค์การบริหารส่วนตำบลหนองผักแว่น,15.131403,101.2016291,5,https://drive.google.com/file/d/1Jnxbcd6RCYwhTFDRBJeHbeWgxSf0PLVc/view?usp=drive_link,,
1765,องค์การบริหารส่วนตำบล,หัวลำ,หัวลำ,ท่าหลวง,ลพบุรี,"35,212.45",2557,สจป.5 สระบุรี,องค์การบริหารส่วนตำบลหัวลำ,15.0334859,101.2837604,25,https://drive.google.com/file/d/1yhN-nEW_xgHl7SczZh4wg0wNgjAUX1PA/view?usp=drive_link,,
1766,องค์การบริหารส่วนตำบล,กุดตาเพชร,กุดตาเพชร,ลำสนธิ,ลพบุรี,"26,647.01",2550,สจป.5 สระบุรี,องค์การบริหารส่วนตำบลกุดตาเพชร,15.4955104,101.3388969,25,,https://drive.google.com/file/d/1szN7wP77M20OzcJpGPS6-wX_5ZwzV8Vd/view?usp=drive_link,https://drive.google.com/file/d/17ocVDqQrnhR-Kv90IpiFZ6m697LMAWf9/view?usp=drive_link
1767,องค์การบริหารส่วนตำบล,เขาน้อย,เขาน้อย,ลำสนธิ,ลพบุรี,"1,829.84",2550,สจป.5 สระบุรี,องค์การบริหารส่วนตำบลเขาน้อย,15.1095441,101.3675129,25,,https://drive.google.com/file/d/1O2c0TP-WKgyLxQ4GDhIXSfAdKzRJzT9Y/view?usp=drive_link,https://drive.google.com/file/d/1K9Iw2Za121LuqUCroYWUGTry2mWFbTF1/view?usp=drive_link
1768,องค์การบริหารส่วนตำบล,เขารวก,เขารวก,ลำสนธิ,ลพบุรี,"9,128.40",2550,สจป.5 สระบุรี,องค์การบริหารส่วนตำบลเขารวก,15.2760515,101.3438569,25,,https://drive.google.com/file/d/1mYxXvWYmD4DjGZ6R5qaMp1dfMnbeG4H5/view?usp=drive_link,https://drive.google.com/file/d/1rdDhV2dZrAmgX8qZ7DgDtxqso_L2xf3t/view?usp=drive_link
1769,องค์การบริหารส่วนตำบล,ซับสมบูรณ์,ซับสมบูรณ์,ลำสนธิ,ลพบุรี,"13,417.99",2549,สจป.5 สระบุรี,องค์การบริหารส่วนตำบลซับสมบูรณ์,15.2010194,101.3526849,5,,https://drive.google.com/file/d/1fA1kHrbu5NzWthxA_nypOdbmfiM0-2om/view?usp=drive_link,https://drive.google.com/file/d/1KhrgImgvqZIV19myuBHQZRDf4rIuzFbk/view?usp=drive_link
1770,องค์การบริหารส่วนตำบล,ลำสนธิ,ลำสนธิ,ลำสนธิ,ลพบุรี,"3,570.85",2549,สจป.5 สระบุรี,องค์การบริหารส่วนตำบลลำสนธิ,15.3042317,101.3593908,20,,https://drive.google.com/file/d/1l8X9nHU-zptUPOUDb_RNiglLgf5v53c5/view?usp=drive_link,https://drive.google.com/file/d/1Vh2i_ams-txRRalm1gIuntTzv8TDUIOU/view?usp=drive_link
1771,องค์การบริหารส่วนตำบล,นิยมชัย,นิยมชัย,สระโบสถ์,ลพบุรี,"44,867.97",2550,สจป.5 สระบุรี,องค์การบริหารส่วนตำบลนิยมชัย,15.1920883,100.8757658,25,,https://drive.google.com/file/d/1pmrWKM7jX8F27HDAN0VoSXFyt0D6u_-B/view?usp=drive_link,https://drive.google.com/file/d/1O94Sxi4vq3z4iulUDn8yZns-UA3H_yqV/view?usp=drive_link
1772,องค์การบริหารส่วนตำบล,มหาโพธิ,มหาโพธิ,สระโบสถ์,ลพบุรี,"25,124.50",2550,สจป.5 สระบุรี,องค์การบริหารส่วนตำบลมหาโพธิ,15.2831304,100.8400737,25,,https://drive.google.com/file/d/1sdQl5SPovF3wsDeRCSsA9tIMXCBYVliB/view?usp=drive_link,https://drive.google.com/file/d/1yIwTsRRmJIWpv4end7NJO64YFhOUtUPr/view?usp=drive_link
1773,เทศบาลตำบล,สระโบสถ์,สระโบสถ์,สระโบสถ์,ลพบุรี,"11,067.32",2549,สจป.5 สระบุรี,เทศบาลตำบลสระโบสถ์,15.20844584,100.833935,25,,https://drive.google.com/file/d/1klEPgPEFkpMYVzDHm4yMPlUl1kQGVIIW/view?usp=drive_link,https://drive.google.com/file/d/1iUcQCIYnoMvtNP6wFWtky79ATyzXP_uT/view?usp=drive_link
1774,เทศบาลตำบล,เกาะคาแม่ยาว,เกาะคา,เกาะคา,ลำปาง,150.2,2554,สจป.3 ลำปาง,เทศบาลตำบลเกาะคาแม่ยาว,18.20841905,99.3663919,45,https://drive.google.com/file/d/1P1biU-Xg04FXktbM0foJZKVothbj7Brn/view?usp=drive_link,,
1775,เทศบาลตำบล,นาแก้ว,นาแก้ว,เกาะคา,ลำปาง,"27,425.04",2554,สจป.3 ลำปาง,เทศบาลตำบลนาแก้ว,18.1117729,99.3363101,55,https://drive.google.com/file/d/1at8hTm_TbzNAp_8UOq8mdbGsQwTt2FRX/view?usp=drive_link,,
1776,องค์การบริหารส่วนตำบล,นาแส่ง,นาแส่ง,เกาะคา,ลำปาง,"61,900.21",2550,สจป.3 ลำปาง,องค์การบริหารส่วนตำบลนาแส่ง,18.0830673,99.3509719,80,,https://drive.google.com/file/d/1JXsrL7cbplcgdZIAxRo7ucjxfYC9VYP3/view?usp=drive_link,https://drive.google.com/file/d/1UJ4QOBME4HRrVBkOflUZUXmwo0EjVZFW/view?usp=drive_link
1777,เทศบาลตำบล,วังพร้าว,วังพร้าว,เกาะคา,ลำปาง,"1,701.12",2555,สจป.3 ลำปาง,เทศบาลตำบลวังพร้าว,18.14782582,99.40035202,50,https://drive.google.com/file/d/1rRRNtUKoJDFBoXoMkP0t3XJgqgRMn7ar/view?usp=drive_link,,
1778,องค์การบริหารส่วนตำบล,ใหม่พัฒนา,ใหม่พัฒนา,เกาะคา,ลำปาง,"16,383.11",2549,สจป.3 ลำปาง,องค์การบริหารส่วนตำบลใหม่พัฒนา,18.2482788,99.3248668,50,,https://drive.google.com/file/d/1P0xTGwAyTWsfKO0MtDxjMCxgbqGah_9G/view?usp=drive_link,https://drive.google.com/file/d/17FVSNnXwo6t4qF8Dq87t62GeuZxxUQPd/view?usp=drive_link
1779,เทศบาลตำบล,ไหล่หิน,ไหล่หิน,เกาะคา,ลำปาง,"41,024.09",2555,สจป.3 ลำปาง,เทศบาลตำบลไหล่หิน,18.21651354,99.34183091,55,https://drive.google.com/file/d/108puc-WZATekKV_nRx5ULTjylvfoi9Zc/view?usp=drive_link,,
1780,องค์การบริหารส่วนตำบล,นาแก,นาแก,งาว,ลำปาง,"40,923.60",2554,สจป.3 ลำปาง,องค์การบริหารส่วนตำบลนาแก,18.784968,99.9707306,50,https://drive.google.com/file/d/14uOoOSrChfrPWn0Kn4U9RBf7jfK3Dp3K/view?usp=drive_link,,
1781,องค์การบริหารส่วนตำบล,บ้านโป่ง,บ้านโป่ง,งาว,ลำปาง,"45,125.67",2554,สจป.3 ลำปาง,องค์การบริหารส่วนตำบลบ้านโป่ง,18.7151429,99.9387559,50,https://drive.google.com/file/d/1ohB0bWg7M2VyGSdyYLyFHfHCnwGqBinG/view?usp=drive_link,,
1782,องค์การบริหารส่วนตำบล,บ้านร้อง,บ้านร้อง,งาว,ลำปาง,"192,118.64",2549,สจป.3 ลำปาง,องค์การบริหารส่วนตำบลบ้านร้อง,18.883556,99.945213,100,,https://drive.google.com/file/d/1SqQl_yz3RLGCZM3DdIDKQ9cbEdE-fzoY/view?usp=drive_link,
1783,องค์การบริหารส่วนตำบล,บ้านหวด,บ้านหวด,งาว,ลำปาง,"190,042.94",2555,สจป.3 ลำปาง,องค์การบริหารส่วนตำบลบ้านหวด,18.680087,99.933065,100,https://drive.google.com/file/d/1gTMJAbBWMnq38n6RnNwo6C5AwGqQwWyt/view?usp=drive_link,,
1784,องค์การบริหารส่วนตำบล,บ้านแหง,บ้านแหง,งาว,ลำปาง,"52,250.87",2550,สจป.3 ลำปาง,องค์การบริหารส่วนตำบลบ้านแหง,18.7633971,100.0089413,55,,https://drive.google.com/file/d/15y43AQXvchMg95P1ivIRNQI3clUnwMWF/view?usp=drive_link,https://drive.google.com/file/d/1nKu_dku63xlrPzNrqbtFut4tbwM1p8TF/view?usp=drive_link
1785,องค์การบริหารส่วนตำบล,บ้านอ้อน,บ้านอ้อน,งาว,ลำปาง,"61,586.98",2554,สจป.3 ลำปาง,องค์การบริหารส่วนตำบลบ้านอ้อน,18.7697706,99.9159807,70,https://drive.google.com/file/d/1Yk2-z8908Ri5XMKCl7drsBo3GT1uu6Bb/view?usp=drive_link,,
1786,องค์การบริหารส่วนตำบล,ปงเตา,ปงเตา,งาว,ลำปาง,"77,509.94",2554,สจป.3 ลำปาง,องค์การบริหารส่วนตำบลปงเตา,18.82754449,99.93623391,80,https://drive.google.com/file/d/1jvA_nzMfKlkJ9hAVw4KvDrCMGInAumhF/view?usp=drive_link,,
1787,องค์การบริหารส่วนตำบล,แม่ตีบ,แม่ตีบ,งาว,ลำปาง,"130,147.38",2554,สจป.3 ลำปาง,องค์การบริหารส่วนตำบลแม่ตีบ,18.61338647,100.0366491,80,https://drive.google.com/file/d/1gVIpX17Y6zfS2KhEXoY4etn1BS-Kn9bG/view?usp=drive_link,,
1788,เทศบาลตำบล,หลวงใต้,หลวงใต้,งาว,ลำปาง,"6,780.21",2555,สจป.3 ลำปาง,เทศบาลตำบลหลวงใต้,18.73418,99.97103,50,https://drive.google.com/file/d/1ZxtB7hLQ5MCjRior0l7V9oB_0jvnhyiN/view?usp=drive_link,,
1789,เทศบาลตำบล,หลวงเหนือ,หลวงเหนือ,งาว,ลำปาง,"1,171.67",2554,สจป.3 ลำปาง,เทศบาลตำบลหลวงเหนือ,18.75343889,99.9826616,50,https://drive.google.com/file/d/1WW4HDOntDTGjvxwtSasOqSvvoLYMHOk6/view?usp=drive_link,,
1790,องค์การบริหารส่วนตำบล,แจ้ห่ม,แจ้ห่ม,แจ้ห่ม,ลำปาง,"39,184.70",2554,สจป.3 ลำปาง,องค์การบริหารส่วนตำบลแจ้ห่ม,18.7122116,99.5818125,50,https://drive.google.com/file/d/1F0pAupz7oBBK4JhqTk0yxv-inkUULcwD/view?usp=drive_link,,
1791,เทศบาลตำบล,ทุ่งผึ้ง,ทุ่งผึ้ง,แจ้ห่ม,ลำปาง,"110,417.91",2554,สจป.3 ลำปาง,เทศบาลตำบลทุ่งผึ้ง,18.92429029,99.66292114,75,https://drive.google.com/file/d/1ZMVQdNdY6TNWVOy_EcRbhPJTHFLzi7t7/view?usp=drive_link,,
1792,เทศบาลตำบล,บ้านสา,บ้านสา,แจ้ห่ม,ลำปาง,"66,699.43",2549,สจป.3 ลำปาง,เทศบาลตำบลบ้านสา,18.62887184,99.54042524,80,,https://drive.google.com/file/d/1EjGTxIK8XejKOJmU8quJZSuGKIEqLYWN/view?usp=drive_link,https://drive.google.com/file/d/1GWOujcdhae-pPLdOpuQNUD0mo6bVS6tY/view?usp=drive_link
1793,องค์การบริหารส่วนตำบล,ปงดอน,ปงดอน,แจ้ห่ม,ลำปาง,"179,830.89",2555,สจป.3 ลำปาง,องค์การบริหารส่วนตำบลปงดอน,18.744067,99.607253,95,https://drive.google.com/file/d/1EcImMVp0k2lg_Aj7QtCqjfdMMmI6TSnJ/view?usp=drive_link,,
1794,องค์การบริหารส่วนตำบล,เมืองมาย,เมืองมาย,แจ้ห่ม,ลำปาง,"125,627.95",2554,สจป.3 ลำปาง,องค์การบริหารส่วนตำบลเมืองมาย,18.611917,99.626416,75,https://drive.google.com/file/d/1zmYtrFq2C_GGMeVSMAQHWocPZaO5g8Xp/view?usp=drive_link,,
1795,องค์การบริหารส่วนตำบล,แม่สุก,แม่สุก,แจ้ห่ม,ลำปาง,"47,819.03",2554,สจป.3 ลำปาง,องค์การบริหารส่วนตำบลแม่สุก,18.7854136,99.5764584,55,https://drive.google.com/file/d/1b6d0rJmcF36kEvUS9uQ9SBYDIa7Wj4RS/view?usp=drive_link,,
1796,องค์การบริหารส่วนตำบล,วิเชตนคร,วิเชตนคร,แจ้ห่ม,ลำปาง,"6,781.55",2550,สจป.3 ลำปาง,องค์การบริหารส่วนตำบลวิเชตนคร,18.7041239,99.55867426,50,,https://drive.google.com/file/d/1sWCC2dPZHUL7Z0by5VOOdWvkvuHjCiCO/view?usp=drive_link,https://drive.google.com/file/d/1DVzAcSoUyGsP0ixqq6KyHl0zVGNOlJ5A/view?usp=drive_link
1797,เทศบาลตำบล,เถินบุรี,เถินบุรี,เถิน,ลำปาง,"1,786.10",2555,สจป.3 ลำปาง,เทศบาลตำบลเถินบุรี,17.5669628,99.2038571,50,https://drive.google.com/file/d/1yEzFJr3EmNsr2CDHTjHRlmG4UGgXZhoH/view?usp=drive_link,,
1798,องค์การบริหารส่วนตำบล,นาโป่ง,นาโป่ง,เถิน,ลำปาง,"18,696.06",2555,สจป.3 ลำปาง,องค์การบริหารส่วนตำบลนาโป่ง,17.64456391,99.16297853,50,https://drive.google.com/file/d/1_pL6jGgh3R7v8QNBil84kMe4pX7nmror/view?usp=drive_link,,
1799,องค์การบริหารส่วนตำบล,แม่ถอด,แม่ถอด,เถิน,ลำปาง,"79,781.58",2555,สจป.3 ลำปาง,องค์การบริหารส่วนตำบลแม่ถอด,17.758835,99.2256084,80,https://drive.google.com/file/d/1U78WTRSJIbRP89VjkE7040WGEqnx0A3W/view?usp=drive_link,,
1800,องค์การบริหารส่วนตำบล,แม่ปะ,แม่ปะ,เถิน,ลำปาง,"64,846.88",2555,สจป.3 ลำปาง,องค์การบริหารส่วนตำบลแม่ปะ,17.6514136,99.2673,75,https://drive.google.com/file/d/1_VdFf-SlUdbeQUHi__EvOXPgR_3WDN27/view?usp=drive_link,,
1801,เทศบาลตำบล,แม่มอก,แม่มอก,เถิน,ลำปาง,"132,700.07",2554,สจป.3 ลำปาง,เทศบาลตำบลแม่มอก,17.32179844,99.40704346,80,https://drive.google.com/file/d/1QMY1-KnVjBoO5kLKjojAlqnfBItXeITV/view?usp=drive_link,,
1802,องค์การบริหารส่วนตำบล,แม่วะ,แม่วะ,เถิน,ลำปาง,"2,569.22",2555,สจป.3 ลำปาง,องค์การบริหารส่วนตำบลแม่วะ,17.4907841,99.1949336,50,https://drive.google.com/file/d/1okdboJ8_ng1yMlmqaV1FkExmhzbz0a_L/view?usp=drive_link,,
1803,เทศบาลเมือง,ล้อมแรด,ล้อมแรด,เถิน,ลำปาง,"7,141.86",2555,สจป.3 ลำปาง,เทศบาลเมืองล้อมแรด,17.6099592,99.2234027,50,https://drive.google.com/file/d/1AWBy14_jvwn0lEFj3x5pcIO04S44Bl_3/view?usp=drive_link,,
1804,เทศบาลตำบล,เวียงมอก,เวียงมอก,เถิน,ลำปาง,"133,016.39",2555,สจป.3 ลำปาง,เทศบาลตำบลเวียงมอก,17.4719918,99.3567495,100,https://drive.google.com/file/d/1PDCxcgZcIvt5XNJ2HejZ_S5--tKHVsKF/view?usp=drive_link,,
1805,องค์การบริหารส่วนตำบล,แจ้ซ้อน,แจ้ซ้อน,เมืองปาน,ลำปาง,"30,307.25",2555,สจป.3 ลำปาง,องค์การบริหารส่วนตำบลแจ้ซ้อน,18.817445,99.50021,55,https://drive.google.com/file/d/1VKSYCuZLCZMoZgnqNRLURtXNM29h3Nrn/view?usp=drive_link,,
1806,องค์การบริหารส่วนตำบล,ทุ่งกว๋าว,ทุ่งกว๋าว,เมืองปาน,ลำปาง,"15,899.78",2555,สจป.3 ลำปาง,องค์การบริหารส่วนตำบลทุ่งกว๋าว,18.5352042,99.4776836,50,https://drive.google.com/file/d/1-vlMLzT6NOuUdQkXxNbrXDGbvoGG_Pdt/view?usp=drive_link,,
1807,เทศบาลตำบล,บ้านขอ,บ้านขอ,เมืองปาน,ลำปาง,"28,812.12",2555,สจป.3 ลำปาง,เทศบาลตำบลบ้านขอ,18.6618998,99.4965299,55,https://drive.google.com/file/d/1LPrH6_rDkvitey_5f81oZb-1PvZmbcxg/view?usp=drive_link,,
1808,เทศบาลตำบล,เมืองปาน,เมืองปาน,เมืองปาน,ลำปาง,"14,065.05",2554,สจป.3 ลำปาง,เทศบาลตำบลเมืองปาน,18.7658191,99.5177003,50,https://drive.google.com/file/d/1JT1z3NHQGcXrCF0w5Hhqb-hUZrCzbcgi/view?usp=drive_link,,
1809,องค์การบริหารส่วนตำบล,หัวเมือง,หัวเมือง,เมืองปาน,ลำปาง,"27,684.47",2550,สจป.3 ลำปาง,องค์การบริหารส่วนตำบลหัวเมือง,18.963448,99.5209624,50,,https://drive.google.com/file/d/1QuIaXP6u6WRmio38XbcMOGkpgyTS80YX/view?usp=drive_link,https://drive.google.com/file/d/1nW0HMNc5KTGqPr15etkQj0Fsea6gBPoc/view?usp=drive_link
1810,เทศบาลตำบล,ต้นธงชัย,ต้นธงชัย,เมืองลำปาง,ลำปาง,"13,994.00",2567,สจป.3 ลำปาง,เทศบาลตำบลต้นธงชัย,18.3375985,99.5332733,50,https://drive.google.com/file/d/1twObHmkTRuBKKCoo1SKWm76K4gfWe3QJ/view?usp=drive_linkhttps://drive.google.com/file/d/1twObHmkTRuBKKCoo1SKWm76K4gfWe3QJ/view?usp=drive_link,,
1811,องค์การบริหารส่วนตำบล,นิคมพัฒนา,นิคมพัฒนา,เมืองลำปาง,ลำปาง,"37,975.99",2555,สจป.3 ลำปาง,องค์การบริหารส่วนตำบลนิคมพัฒนา,18.4202242,99.5437009,55,,,
1812,องค์การบริหารส่วนตำบล,บ้านค่า,บ้านค่า,เมืองลำปาง,ลำปาง,"15,238.54",2550,สจป.3 ลำปาง,องค์การบริหารส่วนตำบลบ้านค่า,18.4795203,99.4723031,50,,https://drive.google.com/file/d/1ZYKti9uMi0emFLsnVE9JOoqLvP9nD3H0/view?usp=drive_link,https://drive.google.com/file/d/1o7-ycBdcV_t5Wvk1LFh9M8mQ0VdtKFZr/view?usp=drive_link
1813,องค์การบริหารส่วนตำบล,บ้านเป้า,บ้านเป้า,เมืองลำปาง,ลำปาง,"8,701.00",2567,สจป.3 ลำปาง,องค์การบริหารส่วนตำบลบ้านเป้า,18.3391724,99.43159,50,,,
1814,องค์การบริหารส่วนตำบล,บ้านแลง,บ้านแลง,เมืองลำปาง,ลำปาง,"113,923.58",2554,สจป.3 ลำปาง,องค์การบริหารส่วนตำบลบ้านแลง,18.5064843,99.647834,80,https://drive.google.com/file/d/1WMm-GSX0vsQKNnC2Xyu5QK9K3g5oGppI/view?usp=drive_link,,
1815,องค์การบริหารส่วนตำบล,บ้านเสด็จ,บ้านเสด็จ,เมืองลำปาง,ลำปาง,"29,689.62",2555,สจป.3 ลำปาง,องค์การบริหารส่วนตำบลบ้านเสด็จ,18.3904795,99.6188284,50,https://drive.google.com/file/d/1moj4bY4tMXvH8Cj5N7qbftNd1BPUZkh1/view?usp=drive_link,,
1816,องค์การบริหารส่วนตำบล,บ้านเอื้อม,บ้านเอื้อม,เมืองลำปาง,ลำปาง,"6,148.47",2554,สจป.3 ลำปาง,องค์การบริหารส่วนตำบลบ้านเอื้อม,18.4245245,99.4427564,50,https://drive.google.com/file/d/1SmTCHz7Kr2hf4Psxkx-2XUoLKj6-iFG2/view?usp=drive_link,,
1817,องค์การบริหารส่วนตำบล,บุญนาคพัฒนา,บุญนาคพัฒนา,เมืองลำปาง,ลำปาง,"23,985.80",2550,สจป.3 ลำปาง,องค์การบริหารส่วนตำบลบุญนาคพัฒนา,18.48612133,99.59999084,50,,https://drive.google.com/file/d/1Q2eDEaW6bGGinEBCjECnLjQ4wh99bba2/view?usp=drive_link,https://drive.google.com/file/d/1o0lCfG1gM1ftp8QV6yzYvrqQLtCnHlZY/view?usp=drive_link
1818,เทศบาลเมือง,เขลางค์นคร,พระบาท,เมืองลำปาง,ลำปาง,120.76,2555,สจป.3 ลำปาง,เทศบาลเมืองเขลางค์นคร,18.26154995,99.47354078,55,,,
1819,องค์การบริหารส่วนตำบล,พิชัย,พิชัย,เมืองลำปาง,ลำปาง,"18,712.98",2555,สจป.3 ลำปาง,องค์การบริหารส่วนตำบลพิชัย,18.291707,99.5273533,50,https://drive.google.com/file/d/10QU_IUgM69dCrwzjF5kGYvrXhylUSYbj/view?usp=drive_link,,
1820,องค์การบริหารส่วนตำบล,ดอนไฟ,ดอนไฟ,แม่ทะ,ลำปาง,"26,032.95",2554,สจป.3 ลำปาง,องค์การบริหารส่วนตำบลดอนไฟ,18.17977829,99.63569641,55,https://drive.google.com/file/d/1kJ0ixcTycrOZCwIpSEea9Bj83ax0kJaH/view?usp=drive_link,,
1821,เทศบาลตำบล,น้ำโจ้,น้ำโจ้,แม่ทะ,ลำปาง,"2,629.37",2554,สจป.3 ลำปาง,เทศบาลตำบลน้ำโจ้,18.15445636,99.44822073,50,https://drive.google.com/file/d/12gRxasWZLeH2jzG6QnjLF5w0Fd6Id71O/view?usp=drive_link,,
1822,องค์การบริหารส่วนตำบล,บ้านกิ่ว,บ้านกิ่ว,แม่ทะ,ลำปาง,"18,299.06",2554,สจป.3 ลำปาง,องค์การบริหารส่วนตำบลบ้านกิ่ว,18.060578,99.540113,50,https://drive.google.com/file/d/10PRRRGzsky4xy2V-9WMxOMPn4a5ydjlj/view?usp=drive_link,,
1823,องค์การบริหารส่วนตำบล,บ้านบอม,บ้านบอม,แม่ทะ,ลำปาง,"22,916.08",2550,สจป.3 ลำปาง,องค์การบริหารส่วนตำบลบ้านบอม,18.0561289,99.4996891,50,,https://drive.google.com/file/d/14p8KiV6li10_bjsT86DkY_EPTqm45u4q/view?usp=drive_link,https://drive.google.com/file/d/1bFCv0Ran1QQqNEHP0q95YYm0DYwAMkqa/view?usp=drive_link
1824,เทศบาลตำบล,ป่าตันนาครัว,"ป่าตัน,นาครัว",แม่ทะ,ลำปาง,"16,963.00",2567,สจป.3 ลำปาง,เทศบาลตำบลป่าตันนาครัว,18.1277163,99.5071302,50,https://drive.google.com/file/d/1TQNkOX_bwgIzxcwrE0Jhk2DkcQeWS7ft/view?usp=drive_link,,
1825,เทศบาลตำบล,แม่ทะ,แม่ทะ,แม่ทะ,ลำปาง,"18,329.29",2554,สจป.3 ลำปาง,เทศบาลตำบลแม่ทะ,18.15740669,99.54121667,50,https://drive.google.com/file/d/18q8FvEJBpYEpOhU2QMxG9P9v0vimcOGB/view?usp=drive_link,,
1826,องค์การบริหารส่วนตำบล,วังเงิน,วังเงิน,แม่ทะ,ลำปาง,"27,625.42",2554,สจป.3 ลำปาง,องค์การบริหารส่วนตำบลวังเงิน,18.121183,99.627007,50,https://drive.google.com/file/d/1Q5Hb9njdWifZfUsUC1JIYklYj08MK1DL/view?usp=drive_link,,
1827,เทศบาลตำบล,สิริราช,สันดอนแก้ว,แม่ทะ,ลำปาง,"39,873.56",2554,สจป.3 ลำปาง,เทศบาลตำบลสิริราช,18.0049452,99.4833708,55,,,
1828,องค์การบริหารส่วนตำบล,หัวเสือ,หัวเสือ,แม่ทะ,ลำปาง,"82,655.13",2554,สจป.3 ลำปาง,องค์การบริหารส่วนตำบลหัวเสือ,18.1518057,99.67553258,60,,,
1829,องค์การบริหารส่วนตำบล,แม่พริก,"แม่พริก,ผาปัง",แม่พริก,ลำปาง,"259,369.04",2567,สจป.3 ลำปาง,องค์การบริหารส่วนตำบลแม่พริก,17.4462731,99.1205324,100,,,
1830,เทศบาลตำบล,พระบาทวังตวง,พระบาทวังตวง,แม่พริก,ลำปาง,"7,524.00",2555,สจป.3 ลำปาง,เทศบาลตำบลพระบาทวังตวง,17.4382313,99.1576334,50,,,
1831,เทศบาลตำบล,แม่ปุ,แม่ปุ,แม่พริก,ลำปาง,"15,733.00",2555,สจป.3 ลำปาง,เทศบาลตำบลแม่ปุ,17.5120178,99.1600287,50,,,
1832,องค์การบริหารส่วนตำบล,จางเหนือ,จางเหนือ,แม่เมาะ,ลำปาง,"232,265.13",2554,สจป.3 ลำปาง,องค์การบริหารส่วนตำบลจางเหนือ,18.4063808,99.8669017,100,,,
1833,องค์การบริหารส่วนตำบล,นาสัก,นาสัก,แม่เมาะ,ลำปาง,"83,372.37",2554,สจป.3 ลำปาง,องค์การบริหารส่วนตำบลนาสัก,18.32007,99.8536528,70,,,
1834,องค์การบริหารส่วนตำบล,บ้านดง,บ้านดง,แม่เมาะ,ลำปาง,"139,873.93",2555,สจป.3 ลำปาง,องค์การบริหารส่วนตำบลบ้านดง,18.4186349,99.7270899,100,,,
1835,เทศบาลตำบล,แม่เมาะ,แม่เมาะ,แม่เมาะ,ลำปาง,"62,009.96",2555,สจป.3 ลำปาง,เทศบาลตำบลแม่เมาะ,18.27290465,99.6507892,50,,,
1836,องค์การบริหารส่วนตำบล,สบป้าด,สบป้าด,แม่เมาะ,ลำปาง,"64,880.00",2554,สจป.3 ลำปาง,องค์การบริหารส่วนตำบลสบป้าด,18.2650749,99.76286,55,,,
1837,องค์การบริหารส่วนตำบล,ทุ่งฮั้ว,ทุ่งฮั้ว,วังเหนือ,ลำปาง,"17,935.01",2554,สจป.3 ลำปาง,องค์การบริหารส่วนตำบลทุ่งฮั้ว,19.2317527,99.63377595,50,,,
1838,เทศบาลตำบล,บ้านใหม่,บ้านใหม่,วังเหนือ,ลำปาง,0,2555,สจป.3 ลำปาง,เทศบาลตำบลบ้านใหม่,19.1769549,99.6212809,0,,,
1839,องค์การบริหารส่วนตำบล,ร่องเคาะ,ร่องเคาะ,วังเหนือ,ลำปาง,"29,481.25",2555,สจป.3 ลำปาง,องค์การบริหารส่วนตำบลร่องเคาะ,19.01259909,99.61003755,50,,,
1840,องค์การบริหารส่วนตำบล,วังแก้ว,วังแก้ว,วังเหนือ,ลำปาง,"2,734.52",2554,สจป.3 ลำปาง,องค์การบริหารส่วนตำบลวังแก้ว,19.2749378,99.6376713,50,,,
1841,องค์การบริหารส่วนตำบล,วังซ้าย,วังซ้าย,วังเหนือ,ลำปาง,"12,579.51",2555,สจป.3 ลำปาง,องค์การบริหารส่วนตำบลวังซ้าย,19.1448344,99.6225934,50,,,
1842,องค์การบริหารส่วนตำบล,วังใต้,วังใต้,วังเหนือ,ลำปาง,"3,349.32",2554,สจป.3 ลำปาง,องค์การบริหารส่วนตำบลวังใต้,19.07462828,99.61837336,50,,,
1843,องค์การบริหารส่วนตำบล,วังทรายคำ,วังทรายคำ,วังเหนือ,ลำปาง,"11,855.52",2554,สจป.3 ลำปาง,องค์การบริหารส่วนตำบลวังทรายคำ,19.094564,99.648056,50,,,
1844,องค์การบริหารส่วนตำบล,วังทอง,วังทอง,วังเหนือ,ลำปาง,"67,371.13",2554,สจป.3 ลำปาง,องค์การบริหารส่วนตำบลวังทอง,19.1157099,99.697864,60,,,
1845,เทศบาลตำบล,วังเหนือ,วังเหนือ,วังเหนือ,ลำปาง,46.28,2549,สจป.3 ลำปาง,เทศบาลตำบลวังเหนือ,19.1454676,99.6215122,50,,https://drive.google.com/file/d/1Kb-aMYyEYaHZsfLuexm0R3HJjHZKPFef/view?usp=drive_link,https://drive.google.com/file/d/1vDRQcnIK2ajlHvHpm30jvM3WIksVfhDu/view?usp=drive_link
1846,องค์การบริหารส่วนตำบล,นายาง,นายาง,สบปราบ,ลำปาง,"28,567.75",2554,สจป.3 ลำปาง,องค์การบริหารส่วนตำบลนายาง,17.9094173,99.3106595,50,,,
1847,องค์การบริหารส่วนตำบล,แม่กัวะ,แม่กัวะ,สบปราบ,ลำปาง,"39,967.73",2550,สจป.3 ลำปาง,องค์การบริหารส่วนตำบลแม่กัวะ,17.95181,99.35002,55,,https://drive.google.com/file/d/1y7XYuntMG12Q61JEtAMOkr0wNgNDEGM-/view?usp=drive_link,https://drive.google.com/file/d/1XPjl_X75EFrNNvho6XHluDpI54o6KWiI/view?usp=drive_link
1848,องค์การบริหารส่วนตำบล,สบปราบ,สบปราบ,สบปราบ,ลำปาง,"21,766.22",2555,สจป.3 ลำปาง,องค์การบริหารส่วนตำบลสบปราบ,17.8752482,99.3463643,50,,,
1849,องค์การบริหารส่วนตำบล,สมัย,สมัย,สบปราบ,ลำปาง,"9,117.56",2555,สจป.3 ลำปาง,องค์การบริหารส่วนตำบลสมัย,17.8863447,99.3873269,50,,,
1850,เทศบาลตำบล,ทุ่งงาม,ทุ่งงาม,เสริมงาม,ลำปาง,"26,529.33",2554,สจป.3 ลำปาง,เทศบาลตำบลทุ่งงาม,18.0654701,99.2497796,50,,,
1851,องค์การบริหารส่วนตำบล,เสริมกลาง,เสริมกลาง,เสริมงาม,ลำปาง,"75,018.68",2554,สจป.3 ลำปาง,องค์การบริหารส่วนตำบลเสริมกลาง,18.05487,99.181237,80,,,
1852,องค์การบริหารส่วนตำบล,เสริมขวา,เสริมขวา,เสริมงาม,ลำปาง,"83,255.87",2554,สจป.3 ลำปาง,องค์การบริหารส่วนตำบลเสริมขวา,18.1069525,99.2078713,80,,,
1853,เทศบาลตำบล,เสริมซ้าย,เสริมซ้าย,เสริมงาม,ลำปาง,"95,109.43",2554,สจป.3 ลำปาง,เทศบาลตำบลเสริมซ้าย,18.0022405,99.1890758,80,,,
1854,เทศบาลตำบล,เมืองยาว,เมืองยาว,ห้างฉัตร,ลำปาง,"21,965.57",2549,สจป.3 ลำปาง,เทศบาลตำบลเมืองยาว,18.29281898,99.24087527,50,,https://drive.google.com/file/d/1HQsPZWmSdN9_wDtkWz73pNzkP47hUCpg/view?usp=drive_link,https://drive.google.com/file/d/1IOo6zZTmf7rnJW6NHUpaJudZlxsVujnm/view?usp=drive_link
1855,องค์การบริหารส่วนตำบล,แม่สัน,แม่สัน,ห้างฉัตร,ลำปาง,"11,970.42",2554,สจป.3 ลำปาง,องค์การบริหารส่วนตำบลแม่สัน,18.2951697,99.281525,50,,,
1856,เทศบาลตำบล,เวียงตาล,เวียงตาล,ห้างฉัตร,ลำปาง,"65,782.44",2554,สจป.3 ลำปาง,เทศบาลตำบลเวียงตาล,18.318739,99.325612,80,,,
1857,องค์การบริหารส่วนตำบล,ตะเคียนปม,ตะเคียนปม,ทุ่งหัวช้าง,ลำพูน,"29,676.11",2566,สจป.1 เชียงใหม่,องค์การบริหารส่วนตำบลตะเคียนปม,18.09017682,99.0120922,50,,,
1858,องค์การบริหารส่วนตำบล,ทุ่งหัวช้าง,ทุ่งหัวช้าง,ทุ่งหัวช้าง,ลำพูน,"31,960.79",2556,สจป.1 เชียงใหม่,องค์การบริหารส่วนตำบลทุ่งหัวช้าง,17.99272258,99.04946325,55,https://drive.google.com/file/d/1LyVuloXcfEgyZX4bd8jyJdK0uMmnX0Jl/view?usp=drive_link,,
1859,องค์การบริหารส่วนตำบล,บ้านปวง,บ้านปวง,ทุ่งหัวช้าง,ลำพูน,"80,810.85",2556,สจป.1 เชียงใหม่,องค์การบริหารส่วนตำบลบ้านปวง,17.87094611,99.06925142,80,https://drive.google.com/file/d/1aivPV3ZT82uX9dcRnH7f_T9g95zyIjQy/view?usp=drive_link,,
1860,เทศบาลตำบล,บ้านธิ,บ้านธิ,บ้านธิ,ลำพูน,"8,707.30",2548,สจป.1 เชียงใหม่,เทศบาลตำบลบ้านธิ,18.63742606,99.10972382,50,,https://drive.google.com/file/d/1cTIfPYMLNERKNEgkLrx3EuGBuSe0tUUn/view?usp=drive_link,https://drive.google.com/file/d/1CKYbt7HNBooCDedAtprXblm2whrsPOVt/view?usp=drive_link
1861,องค์การบริหารส่วนตำบล,ห้วยยาบ,ห้วยยาบ,บ้านธิ,ลำพูน,"3,134.38",2548,สจป.1 เชียงใหม่,องค์การบริหารส่วนตำบลห้วยยาบ,18.67979622,99.14890297,50,,https://drive.google.com/file/d/1hiMev8rb3K1yFsGlxafUasePyeh2VaTA/view?usp=drive_link,https://drive.google.com/file/d/10g2nL-tluGY7vKKsgKX4zL8bf_no0UIx/view?usp=drive_link
1862,เทศบาลตำบล,บ้านโฮ่ง,บ้านโฮ่ง,บ้านโฮ่ง,ลำพูน,0,2566,สจป.1 เชียงใหม่,เทศบาลตำบลบ้านโฮ่ง,18.336363,98.818709,0,,,
1863,องค์การบริหารส่วนตำบล,เวียงกานต์,บ้านโฮ่ง,บ้านโฮ่ง,ลำพูน,"19,003.09",2559,สจป.1 เชียงใหม่,องค์การบริหารส่วนตำบลเวียงกานต์,18.30365,98.80103,50,,,
1864,องค์การบริหารส่วนตำบล,ป่าพลู,ป่าพลู,บ้านโฮ่ง,ลำพูน,"120,511.38",2550,สจป.1 เชียงใหม่,องค์การบริหารส่วนตำบลป่าพลู,18.21407869,98.83619785,80,,https://drive.google.com/file/d/1-N1fXYkt60TAL_BEwRXdmY1QMulxUrGJ/view?usp=drive_link,https://drive.google.com/file/d/1-JMsvS2W425WwHRuuhyU6NqXTJxZHUKi/view?usp=drive_link
1865,เทศบาลตำบล,ศรีเตี้ย,ศรีเตี้ย,บ้านโฮ่ง,ลำพูน,0,2566,สจป.1 เชียงใหม่,เทศบาลตำบลศรีเตี้ย,18.3847324,98.7303361,0,,,
1866,องค์การบริหารส่วนตำบล,เหล่ายาว,เหล่ายาว,บ้านโฮ่ง,ลำพูน,"10,403.85",2550,สจป.1 เชียงใหม่,องค์การบริหารส่วนตำบลเหล่ายาว,18.36591,98.810939,50,,https://drive.google.com/file/d/1YoXHXImJQ84Eb3R3oZcrX5kHynKu7zwA/view?usp=drive_link,https://drive.google.com/file/d/1swNMJYdM95jwRqLgs4W9MmZ_Nn7mLBat/view?usp=drive_link
1867,องค์การบริหารส่วนตำบล,นครเจดีย์,นครเจดีย์,ป่าซาง,ลำพูน,"27,374.04",2566,สจป.1 เชียงใหม่,องค์การบริหารส่วนตำบลนครเจดีย์,18.40987064,98.8715041,55,,,
1868,องค์การบริหารส่วนตำบล,น้ำดิบ,น้ำดิบ,ป่าซาง,ลำพูน,"12,334.93",2566,สจป.1 เชียงใหม่,องค์การบริหารส่วนตำบลน้ำดิบ,18.4649818,98.8253757,50,,,
1869,เทศบาลตำบล,มะกอก,มะกอก,ป่าซาง,ลำพูน,"5,397.72",2566,สจป.1 เชียงใหม่,เทศบาลตำบลมะกอก,18.464813,98.922862,50,,,
1870,เทศบาลตำบล,ป่าสัก,ป่าสัก,เมืองลำพูน,ลำพูน,"5,459.33",2550,สจป.1 เชียงใหม่,เทศบาลตำบลป่าสัก,18.54832414,99.0354825,50,,https://drive.google.com/file/d/10y4KfgdMAM6M1VRAtfMuP1IbfmZ7z4ks/view?usp=drive_link,https://drive.google.com/file/d/1uF0SfpS8xPaeb3s-ucD0kbcgpwmVld5W/view?usp=drive_link
1871,เทศบาลตำบล,มะเขือแจ้,มะเขือแจ้,เมืองลำพูน,ลำพูน,"17,973.40",2548,สจป.1 เชียงใหม่,เทศบาลตำบลมะเขือแจ้,18.5910535,99.080516,50,,https://drive.google.com/file/d/1lhgZpkrklSEvKJoe7bcSn8HIgKtZawvH/view?usp=drive_link,https://drive.google.com/file/d/1Np2hNqnDVBsHfgyzCqGnN8EObbCyXaxt/view?usp=drive_link
1872,เทศบาลตำบล,ศรีบัวบาน,ศรีบัวบาน,เมืองลำพูน,ลำพูน,"45,485.86",2566,สจป.1 เชียงใหม่,เทศบาลตำบลศรีบัวบาน,18.519005,99.08138,60,,,
1873,เทศบาลตำบล,เหมืองจี้,เหมืองจี้,เมืองลำพูน,ลำพูน,"2,656.12",2566,สจป.1 เชียงใหม่,เทศบาลตำบลเหมืองจี้,18.46889252,98.96790784,50,,,
1874,เทศบาลตำบล,ทากาศเหนือ,ทากาศ,แม่ทา,ลำพูน,"6,038.46",2566,สจป.1 เชียงใหม่,เทศบาลตำบลทากาศเหนือ,18.41720081,99.01688397,50,,https://drive.google.com/file/d/13oQaioHdpHjbra0FpPhTXcYACwyvXwdl/view?usp=drive_link,https://drive.google.com/file/d/1jlqz3lIlRzpsfi4Lda7gu346ntRySi6v/view?usp=drive_link
1875,เทศบาลตำบล,ทาขุมเงิน,ทาขุมเงิน,แม่ทา,ลำพูน,"33,080.26",2550,สจป.1 เชียงใหม่,เทศบาลตำบลทาขุมเงิน,18.37668236,98.95832062,50,,https://drive.google.com/file/d/1xYpegI3Em81EteqanEFeXmaUe7IhgIYO/view?usp=drive_link,https://drive.google.com/file/d/1rAQee1XfIQJXyCpA_5zpXlbp2OgWmyF_/view?usp=drive_link
1876,เทศบาลตำบล,ทาทุ่งหลวง,ทาทุ่งหลวง,แม่ทา,ลำพูน,"10,068.32",2550,สจป.1 เชียงใหม่,เทศบาลตำบลทาทุ่งหลวง,18.42753251,99.03836444,50,,https://drive.google.com/file/d/1qe9WXvSNGtYBawJd107dyvM1ieSf6Lz8/view?usp=drive_link,https://drive.google.com/file/d/1GFoLvla9Ct-lnc5qkjOrvcvv1vA2AcBK/view?usp=drive_link
1877,เทศบาลตำบล,ทาปลาดุก,ทาปลาดุก,แม่ทา,ลำพูน,"31,437.72",2566,สจป.1 เชียงใหม่,เทศบาลตำบลทาปลาดุก,18.52641051,99.23106909,55,,,
1878,องค์การบริหารส่วนตำบล,ทาแม่ลอบ,ทาแม่ลอบ,แม่ทา,ลำพูน,"25,564.31",2555,สจป.1 เชียงใหม่,องค์การบริหารส่วนตำบลทาแม่ลอบ,18.26627225,98.94043297,50,https://drive.google.com/file/d/1fQiuRQMMdJeY_d9LYnD-tiqjx5MpANM5/view?usp=drive_link,,
1879,เทศบาลตำบล,ทาสบชัย,ทาสบเส้า,แม่ทา,ลำพูน,"2,290.62",2548,สจป.1 เชียงใหม่,เทศบาลตำบลทาสบชัย,18.45611184,99.11669697,50,,https://drive.google.com/file/d/1T7YKBSIbu5HrH4KiwwpLDSw7SfgVqWMZ/view?usp=drive_link,https://drive.google.com/file/d/1ilimzEWQcGZNHXLvs8VizFYXKrSs-JYS/view?usp=drive_link
1880,เทศบาลตำบล,ก้อ,ก้อ,ลี้,ลำพูน,"2,453.41",2566,สจป.1 เชียงใหม่,เทศบาลตำบลก้อ,17.6391629,98.785359,50,,,
1881,เทศบาลตำบล,ดงดำ,ดงดำ,ลี้,ลำพูน,"14,093.43",2549,สจป.1 เชียงใหม่,เทศบาลตำบลดงดำ,17.73687405,99.03661966,50,,https://drive.google.com/file/d/1Fn2wCbgIyU_z8xj0J3vb2d0cPVSV_it7/view?usp=drive_link,https://drive.google.com/file/d/1ODfDuTspGv8_MoWwfG0NyRUM0CVMt6An/view?usp=drive_link
1882,องค์การบริหารส่วนตำบล,นาทราย,นาทราย,ลี้,ลำพูน,"92,118.92",2550,สจป.1 เชียงใหม่,องค์การบริหารส่วนตำบลนาทราย,17.6894117,98.9789777,80,,https://drive.google.com/file/d/1FOJ0_HvutTtomJ0RSR7ZkWjL3U335Qqe/view?usp=drive_link,https://drive.google.com/file/d/1_Tf1AnsT9PcS6_Biwe92xZGdxwfV-F7x/view?usp=drive_link
1883,เทศบาลตำบล,ป่าไผ่,ป่าไผ่,ลี้,ลำพูน,"44,787.51",2549,สจป.1 เชียงใหม่,เทศบาลตำบลป่าไผ่,17.8560456,98.9270043,55,,https://drive.google.com/file/d/1UvrCBi8wY6uCwYt0TuXTHrUgv1rI-Zsq/view?usp=drive_link,https://drive.google.com/file/d/1d4NUt6mWIGMZTgpxeISCGGnhx2vsJ3zP/view?usp=drive_link
1884,องค์การบริหารส่วนตำบล,เวียงแก้ว,แม่ตืน,ลี้,ลำพูน,"68,508.65",2555,สจป.1 เชียงใหม่,องค์การบริหารส่วนตำบลเวียงแก้ว,17.93620136,98.90550524,60,https://drive.google.com/file/d/1_iJsw9JoUAHS25Jyx78JqDfsMwxDfCRG/view?usp=drive_link,,
1885,องค์การบริหารส่วนตำบล,แม่ลาน,แม่ลาน,ลี้,ลำพูน,"46,615.57",2555,สจป.1 เชียงใหม่,องค์การบริหารส่วนตำบลแม่ลาน,17.7390508,98.8381889,55,https://drive.google.com/file/d/1kuIN9M2CBVj1jSqeE88p2jp85v-NbUcw/view?usp=drive_link,,
1886,เทศบาลตำบล,ลี้,ลี้,ลี้,ลำพูน,"45,096.68",2550,สจป.1 เชียงใหม่,เทศบาลตำบลลี้,17.76983285,98.96212648,50,,https://drive.google.com/file/d/1PeynNY3IBz4KAczfN-qpQfrWtsEZce0U/view?usp=drive_link,https://drive.google.com/file/d/1qQrC_oZyiH8NeOhNSpYVfug4ToXE7YVx/view?usp=drive_link
1887,เทศบาลตำบล,วังดิน,ลี้,ลี้,ลำพูน,46.46,2566,สจป.1 เชียงใหม่,เทศบาลตำบลวังดิน,17.80169323,98.94712374,45,,,
1888,เทศบาลตำบล,ศรีวิชัย,ศรีวิชัย,ลี้,ลำพูน,"73,388.02",2550,สจป.1 เชียงใหม่,เทศบาลตำบลศรีวิชัย,18.053522,98.8819642,80,,https://drive.google.com/file/d/1KiTQ5CVCFIqOETJSxxg0PU-F8oR3KWZC/view?usp=drive_link,https://drive.google.com/file/d/1ewyNK8xtot1xEqyoHVh8I3hI4bq-G506/view?usp=drive_link
1889,เทศบาลตำบล,เขาแก้ว,เขาแก้ว,เชียงคาน,เลย,"46,067.45",2550,สจป.6 อุดรธานี,เทศบาลตำบลเขาแก้ว,17.8000256,101.731689,55,,https://drive.google.com/file/d/1O47DNXHB0heOlq3NOPotJbwPpmI1X2vF/view?usp=drive_link,https://drive.google.com/file/d/1d_e_bXa2uxma2XXXgehOX9iG0JC5VPnt/view?usp=drive_link
1890,องค์การบริหารส่วนตำบล,จอมศรี,จอมศรี,เชียงคาน,เลย,392.68,2554,สจป.6 อุดรธานี,องค์การบริหารส่วนตำบลจอมศรี,17.7571,101.7305,50,https://drive.google.com/file/d/1N5AdPXL-LVVQbPGGwuH8gRQliS8DsGup/view?usp=drive_link,,
1891,องค์การบริหารส่วนตำบล,เชียงคาน,เชียงคาน,เชียงคาน,เลย,"10,156.93",2549,สจป.6 อุดรธานี,องค์การบริหารส่วนตำบลเชียงคาน,17.8979591,101.698111,50,,https://drive.google.com/file/d/1NmHm7ImkuLlZB9VythLqMDJl6-sKKrjv/view?usp=drive_link,https://drive.google.com/file/d/1CGd0bpvdKvlhNQb5JtXr_jpYKJX9MVua/view?usp=drive_link
1892,เทศบาลตำบล,ธาตุ,ธาตุ,เชียงคาน,เลย,"44,982.70",2549,สจป.6 อุดรธานี,เทศบาลตำบลธาตุ,17.7063119,101.7194589,50,,https://drive.google.com/file/d/1fKYRs_DWP283LSbnnZz0g_vfFLrtRFFK/view?usp=drive_link,https://drive.google.com/file/d/17qLLOKL5st-QCZ6A5DsFurc9fgVqrwWJ/view?usp=drive_link
1893,องค์การบริหารส่วนตำบล,นาซ่าว,นาซ่าว,เชียงคาน,เลย,"4,995.19",2549,สจป.6 อุดรธานี,องค์การบริหารส่วนตำบลนาซ่าว,17.823614,101.6693182,50,,https://drive.google.com/file/d/1D__D-LBCHEI4CLdTITU5Lnl6ELwoHXax/view?usp=drive_link,https://drive.google.com/file/d/1QMiUiSyCWgNaGsajRhNayO4feMdQcWAd/view?usp=drive_link
1894,องค์การบริหารส่วนตำบล,บุฮม,บุฮม,เชียงคาน,เลย,"94,015.45",2554,สจป.6 อุดรธานี,องค์การบริหารส่วนตำบลบุฮม,17.9560164,101.7421877,60,https://drive.google.com/file/d/1sgRTmEx6_wif90RvEK0t6KPL7IPKNpqR/view?usp=drive_link,,
1895,องค์การบริหารส่วนตำบล,ปากตม,ปากตม,เชียงคาน,เลย,"25,951.05",2554,สจป.6 อุดรธานี,องค์การบริหารส่วนตำบลปากตม,17.7806338,101.5779007,50,,,
1896,องค์การบริหารส่วนตำบล,กกสะทอน,กกสะทอน,ด่านซ้าย,เลย,"34,648.44",2554,สจป.6 อุดรธานี,องค์การบริหารส่วนตำบลกกสะทอน,17.0907735,101.110287,50,https://drive.google.com/file/d/1eBsWr8YEO9WtrZSepb3QiY2VczanNEf1/view?usp=drive_link,,
1897,องค์การบริหารส่วนตำบล,โคกงาม,โคกงาม,ด่านซ้าย,เลย,"43,865.94",2554,สจป.6 อุดรธานี,องค์การบริหารส่วนตำบลโคกงาม,17.3575064,101.245959,50,https://drive.google.com/file/d/1Q3n4DaWOPIXzIoRKu2IJQzuJdM_PqGtI/view?usp=drive_link,,
1898,เทศบาลตำบล,ศรีสองรัก,ด่านซ้าย,ด่านซ้าย,เลย,"68,750.00",2549,สจป.6 อุดรธานี,เทศบาลตำบลศรีสองรัก,17.2737198,101.1452807,55,,https://drive.google.com/file/d/1a0ElXzhRGNXT41T9Qnt8Kz45H58QZkzs/view?usp=drive_link,https://drive.google.com/file/d/1RDAhRtM8tHr3CSoSXQK2jgNtYDDoyFz0/view?usp=drive_link
1899,องค์การบริหารส่วนตำบล,นาดี,นาดี,ด่านซ้าย,เลย,"62,883.16",2549,สจป.6 อุดรธานี,องค์การบริหารส่วนตำบลนาดี,17.3896436,101.1582512,60,,https://drive.google.com/file/d/1GIyCs_IldaRJkRMzOMJBQPvRSYVMK7Bs/view?usp=drive_link,https://drive.google.com/file/d/1xuPA4DsyPlw5W9j3AYs87XaaYznnHSLN/view?usp=drive_link
1900,องค์การบริหารส่วนตำบล,นาหอ,นาหอ,ด่านซ้าย,เลย,"9,794.82",2554,สจป.6 อุดรธานี,องค์การบริหารส่วนตำบลนาหอ,17.34129867,101.1453107,50,https://drive.google.com/file/d/1-PEVNV16S5kU3KyCFAcnK0oRcOItrhyh/view?usp=drive_link,,
1901,องค์การบริหารส่วนตำบล,ปากหมัน,ปากหมัน,ด่านซ้าย,เลย,"46,012.65",2554,สจป.6 อุดรธานี,องค์การบริหารส่วนตำบลปากหมัน,17.4790541,101.1937932,55,https://drive.google.com/file/d/1EB8loPyU6o4oVYF02rjQYQY7G0bvtMFt/view?usp=drive_link,,
1902,องค์การบริหารส่วนตำบล,โป่ง,โป่ง,ด่านซ้าย,เลย,"82,232.13",2554,สจป.6 อุดรธานี,องค์การบริหารส่วนตำบลโป่ง,17.182013,101.1583723,60,https://drive.google.com/file/d/1TRLcSvM-uPMZPU75JfGLPCScPqm2r0z_/view?usp=drive_link,,
1903,องค์การบริหารส่วนตำบล,โพนสูง,โพนสูง,ด่านซ้าย,เลย,"15,016.86",2549,สจป.6 อุดรธานี,องค์การบริหารส่วนตำบลโพนสูง,17.28640548,101.253444,50,,https://drive.google.com/file/d/1R83QXkcQi0SMy2GFelYTtYPbHJ6ICVY3/view?usp=drive_link,https://drive.google.com/file/d/12rN3wGuKS5Xfr6S8PoIXZzOjLVRr5Ktq/view?usp=drive_link
1904,องค์การบริหารส่วนตำบล,วังยาว,วังยาว,ด่านซ้าย,เลย,"29,339.19",2554,สจป.6 อุดรธานี,องค์การบริหารส่วนตำบลวังยาว,17.2135019,101.3307714,60,https://drive.google.com/file/d/1pWfiMN5vXDqxFKOO8VfQgbfKcqCXll-n/view?usp=drive_link,,
1905,องค์การบริหารส่วนตำบล,อิปุ่ม,อิปุ่ม,ด่านซ้าย,เลย,"78,507.67",2554,สจป.6 อุดรธานี,องค์การบริหารส่วนตำบลอิปุ่ม,17.14029828,101.2424254,60,https://drive.google.com/file/d/1dCdBPPgeHn3k5XkJb3qg3gxpPEAAGMBJ/view?usp=drive_link,,
1906,องค์การบริหารส่วนตำบล,โคกใหญ่,โคกใหญ่,ท่าลี่,เลย,"40,084.50",2549,สจป.6 อุดรธานี,องค์การบริหารส่วนตำบลโคกใหญ่,17.5786043,101.4941787,55,,https://drive.google.com/file/d/11WVv71xbjzJQBOUQlVTrDNBa_0uS6s6-/view?usp=drive_link,https://drive.google.com/file/d/1keTWtbX2YgwjRo8Y36l7ygRfFKmgwAIj/view?usp=drive_link
1907,องค์การบริหารส่วนตำบล,ท่าลี่,ท่าลี่,ท่าลี่,เลย,"64,338.60",2554,สจป.6 อุดรธานี,องค์การบริหารส่วนตำบลท่าลี่,17.643214,101.4059978,60,https://drive.google.com/file/d/1VRu9FvTb6d9jkuvXVB_uH8JmiN71PVZN/view?usp=drive_link,,
1908,องค์การบริหารส่วนตำบล,น้ำแคม,น้ำแคม,ท่าลี่,เลย,"81,238.89",2549,สจป.6 อุดรธานี,องค์การบริหารส่วนตำบลน้ำแคม,17.7019081,101.5266638,55,,https://drive.google.com/file/d/1fudkI0wwlOL-OhNBiVc1I_cMxfjQw3-G/view?usp=drive_link,https://drive.google.com/file/d/1AlLM_0wBcGhWOQf07DMKVYaBgRYTwkO6/view?usp=drive_link
1909,องค์การบริหารส่วนตำบล,หนองผือ,หนองผือ,ท่าลี่,เลย,"24,978.19",2554,สจป.6 อุดรธานี,องค์การบริหารส่วนตำบลหนองผือ,17.6616717,101.4268441,50,https://drive.google.com/file/d/1kzvE275u9XYOYxeVckCibQOe6zwK_asV/view?usp=drive_link,,
1910,องค์การบริหารส่วนตำบล,อาฮี,อาฮี,ท่าลี่,เลย,"17,019.33",2549,สจป.6 อุดรธานี,องค์การบริหารส่วนตำบลอาฮี,17.664719,101.354979,50,,https://drive.google.com/file/d/1ZPzgYdAIgC96UKHqDw3Dfr0-r5VOA-zB/view?usp=drive_link,https://drive.google.com/file/d/1mIHuoRJvnw36kVP-1fAC33WFTyukgx_8/view?usp=drive_link
1911,องค์การบริหารส่วนตำบล,ท่าสวรรค์,ท่าสวรรค์,นาด้วง,เลย,"3,178.91",2554,สจป.6 อุดรธานี,องค์การบริหารส่วนตำบลท่าสวรรค์,17.42684,101.93412,50,https://drive.google.com/file/d/1fcl4M0FJ4euHB7PX2gZGsS0-2k6dvISs/view?usp=drive_link,,
1912,องค์การบริหารส่วนตำบล,ท่าสะอาด,ท่าสะอาด,นาด้วง,เลย,"5,802.36",2554,สจป.6 อุดรธานี,องค์การบริหารส่วนตำบลท่าสะอาด,17.4902206,101.9316088,50,https://drive.google.com/file/d/13L5Lc51IDJIIzX63yagfJdGdyRWT4rXN/view?usp=drive_link,,
1913,องค์การบริหารส่วนตำบล,แก้วเมธี,นาด้วง,นาด้วง,เลย,234.76,2554,สจป.6 อุดรธานี,องค์การบริหารส่วนตำบลแก้วเมธี,17.49999012,102.0400031,50,https://drive.google.com/file/d/1hN5ExHhLjB6X3_4Q0XMy4T-qXQBYUE-y/view?usp=drive_link,,
1914,เทศบาลตำบล,นาดอกคำ,นาดอกคำ,นาด้วง,เลย,"119,230.83",2554,สจป.6 อุดรธานี,เทศบาลตำบลนาดอกคำ,17.5405156,101.9749924,60,https://drive.google.com/file/d/1Zbg6h2yJ5eWHPTaJXoL5ZyMB8Jb-4KW7/view?usp=drive_link,,
1915,องค์การบริหารส่วนตำบล,นาพึง,นาพึง,นาแห้ว,เลย,"68,818.90",2550,สจป.6 อุดรธานี,องค์การบริหารส่วนตำบลนาพึง,17.4179561,101.0487929,80,,https://drive.google.com/file/d/1z8qk0rINCD3w0aMjKX7bZCrVh5DXJtTs/view?usp=drive_link,https://drive.google.com/file/d/1PQ0PxgWzueoMIsFbrvH-5HMcVc_91aXF/view?usp=drive_link
1916,องค์การบริหารส่วนตำบล,นามาลา,นามาลา,นาแห้ว,เลย,"106,620.47",2554,สจป.6 อุดรธานี,องค์การบริหารส่วนตำบลนามาลา,17.3550094,101.0574118,80,https://drive.google.com/file/d/1XS_JE4J9wE5C1ngre3XiuDzRYQ6GCPwD/view?usp=drive_link,,
1917,เทศบาลตำบล,นาแห้ว,นาแห้ว,นาแห้ว,เลย,"45,320.00",2549,สจป.6 อุดรธานี,เทศบาลตำบลนาแห้ว,17.49725382,101.0732237,55,,https://drive.google.com/file/d/1QEOG6sr7STubKy9JPslSXCczb4fmDUFH/view?usp=drive_link,https://drive.google.com/file/d/1dDZ9KxzfPIYrFgE8j2GjyrmKVgjt8D65/view?usp=drive_link
1918,องค์การบริหารส่วนตำบล,แสงภา,แสงภา,นาแห้ว,เลย,"39,233.87",2554,สจป.6 อุดรธานี,องค์การบริหารส่วนตำบลแสงภา,17.4880973,100.9962738,50,https://drive.google.com/file/d/1MbSxq50AOqCnS-3xRcWx2X5T4airo7g9/view?usp=drive_link,,
1919,องค์การบริหารส่วนตำบล,เหล่ากอหก,เหล่ากอหก,นาแห้ว,เลย,"50,119.37",2554,สจป.6 อุดรธานี,องค์การบริหารส่วนตำบลเหล่ากอหก,17.49896212,100.8772781,55,https://drive.google.com/file/d/1iD11BCn6xqJk4-v7alsAYT-6HvAkHJ-p/view?usp=drive_link,,
1920,องค์การบริหารส่วนตำบล,ชมเจริญ,ชมเจริญ,ปากชม,เลย,"32,346.14",2549,สจป.6 อุดรธานี,องค์การบริหารส่วนตำบลชมเจริญ,17.7324051,101.9066048,50,,https://drive.google.com/file/d/14jqCgN6W8Bn16Q5-sWi3hM9nlvjIBjTi/view?usp=drive_link,
1921,เทศบาลตำบล,คอนสา,เชียงกลม,ปากชม,เลย,"84,233.12",2554,สจป.6 อุดรธานี,เทศบาลตำบลคอนสา,17.72002861,101.9830849,55,https://drive.google.com/file/d/1Y0_lz_U4ZtrYRzj40_qN3rQFXfxrS-rV/view?usp=drive_link,,
1922,เทศบาลตำบล,ปากชม,ปากชม,ปากชม,เลย,"66,977.06",2550,สจป.6 อุดรธานี,เทศบาลตำบลปากชม,18.0188087,101.8819046,55,,https://drive.google.com/file/d/1EM77xMaoV1tdl7IrgV6W42S0b07H1yNs/view?usp=drive_link,https://drive.google.com/file/d/1_LNplKrVzCCbsSKC2gY8lNq7E0cXebbi/view?usp=drive_link
1923,องค์การบริหารส่วนตำบล,ห้วยบ่อซืน,ห้วยบ่อซืน,ปากชม,เลย,"83,265.93",2550,สจป.6 อุดรธานี,องค์การบริหารส่วนตำบลห้วยบ่อซืน,17.74083892,101.9895172,50,,https://drive.google.com/file/d/1aMyPiC_hqAfrQ0_WamNGw4H8ZtgKdlgr/view?usp=drive_link,https://drive.google.com/file/d/143-5tU_dg5ypd33uviy2s6ed5qt-aNwc/view?usp=drive_link
1924,องค์การบริหารส่วนตำบล,ห้วยพิชัย,ห้วยพิชัย,ปากชม,เลย,"65,398.48",2554,สจป.6 อุดรธานี,องค์การบริหารส่วนตำบลห้วยพิชัย,18.08756598,101.9522989,50,https://drive.google.com/file/d/1iK7hckULlUOWFpI8TN0zpgVD_L5VUYDy/view?usp=drive_link,,
1925,องค์การบริหารส่วนตำบล,หาดคัมภีร์,หาดคัมภีร์,ปากชม,เลย,"66,573.66",2554,สจป.6 อุดรธานี,องค์การบริหารส่วนตำบลหาดคัมภีร์,18.200021,102.05931,50,https://drive.google.com/file/d/1eM9LtgztFVXjaCnS37C3FxuBpN1wJrmD/view?usp=drive_link,,
1926,เทศบาลตำบล,ท่าช้างคล้อง,ท่าช้างคล้อง,ผาขาว,เลย,"11,727.26",2554,สจป.6 อุดรธานี,เทศบาลตำบลท่าช้างคล้อง,17.0145264,102.0862678,50,https://drive.google.com/file/d/1J8cvv36oxlFxqclybSy6VE4cAduZCXQR/view?usp=drive_link,,
1927,เทศบาลตำบล,โนนปอแดง,โนนปอแดง,ผาขาว,เลย,"23,293.64",2554,สจป.6 อุดรธานี,เทศบาลตำบลโนนปอแดง,17.0612462,102.0253615,50,https://drive.google.com/file/d/1GUGJF-MrP4wxwMtLnn0V5cnxoDWG6k72/view?usp=drive_link,,
1928,องค์การบริหารส่วนตำบล,โนนป่าซาง,โนนป่าซาง,ผาขาว,เลย,"3,226.67",2554,สจป.6 อุดรธานี,องค์การบริหารส่วนตำบลโนนป่าซาง,17.100999,102.053912,50,https://drive.google.com/file/d/1ENq1uc_zz4k5HkT8cWX9jY_yQ7fiXlwE/view?usp=drive_link,,
1929,องค์การบริหารส่วนตำบล,บ้านเพิ่ม,บ้านเพิ่ม,ผาขาว,เลย,"8,806.29",2554,สจป.6 อุดรธานี,องค์การบริหารส่วนตำบลบ้านเพิ่ม,17.10866717,101.9211262,50,https://drive.google.com/file/d/1OpxHDBOAemeTo7OpjZVPjOX8GP78P81Y/view?usp=drive_link,,
1930,องค์การบริหารส่วนตำบล,ผาขาว,ผาขาว,ผาขาว,เลย,"17,297.59",2554,สจป.6 อุดรธานี,องค์การบริหารส่วนตำบลผาขาว,17.02461613,101.9555283,50,https://drive.google.com/file/d/1oR7IERdT_lgyi_2kv-EbQmiEralau6te/view?usp=drive_link,,
1931,องค์การบริหารส่วนตำบล,ผานกเค้า,ผานกเค้า,ภูกระดึง,เลย,"39,752.46",2550,สจป.6 อุดรธานี,องค์การบริหารส่วนตำบลผานกเค้า,16.8564796,101.9348459,55,,https://drive.google.com/file/d/1oe2xUQ5tg9xAR0I4HhnmNMeAFlZITlcY/view?usp=drive_link,https://drive.google.com/file/d/1wgoGSq6CwsYfxdv8KUBiVaXMWiVagy36/view?usp=drive_link
1932,องค์การบริหารส่วนตำบล,ภูกระดึง,ภูกระดึง,ภูกระดึง,เลย,"14,159.47",2548,สจป.6 อุดรธานี,องค์การบริหารส่วนตำบลภูกระดึง,16.8702886,101.907726,50,,https://drive.google.com/file/d/1z4e-D1kts-6E2HBijS51iPMVCwcNZwdq/view?usp=drive_link,https://drive.google.com/file/d/10xUyjKIET6bYam_qvjD9dgty7RT5em1J/view?usp=drive_link
1933,องค์การบริหารส่วนตำบล,ห้วยส้ม,ห้วยส้ม,ภูกระดึง,เลย,"7,440.61",2554,สจป.6 อุดรธานี,องค์การบริหารส่วนตำบลห้วยส้ม,16.896117,101.913863,50,https://drive.google.com/file/d/12JQbP2sYFvUIINQ0Qad5z034iwuZDjJr/view?usp=drive_link,,
1934,องค์การบริหารส่วนตำบล,ท่าศาลา,ท่าศาลา,ภูเรือ,เลย,"7,866.10",2554,สจป.6 อุดรธานี,องค์การบริหารส่วนตำบลท่าศาลา,17.4213577,101.4587268,50,https://drive.google.com/file/d/17R-efhRISNCzyypv3Q9-E-anThMZXFno/view?usp=drive_link,,
1935,องค์การบริหารส่วนตำบล,ปลาบ่า,ปลาบ่า,ภูเรือ,เลย,"34,796.42",2554,สจป.6 อุดรธานี,องค์การบริหารส่วนตำบลปลาบ่า,17.393762,101.3668,55,https://drive.google.com/file/d/13G-5bkjYxtPLDLBRlzXBczTSz0s-edoE/view?usp=drive_link,,
1936,เทศบาลตำบล,ร่องจิก,ร่องจิก,ภูเรือ,เลย,"11,473.83",2550,สจป.6 อุดรธานี,เทศบาลตำบลร่องจิก,17.3610409,101.3074247,50,,https://drive.google.com/file/d/1my1SDnaAVpyquIISFr9T5cIzVe8X21Tk/view?usp=drive_link,https://drive.google.com/file/d/1_pfNGF-hR_19f6zkFJxw6XongJ--f58B/view?usp=drive_link
1937,องค์การบริหารส่วนตำบล,ลาดค่าง,ลาดค่าง,ภูเรือ,เลย,"16,523.33",2554,สจป.6 อุดรธานี,องค์การบริหารส่วนตำบลลาดค่าง,17.43277,101.27973,50,https://drive.google.com/file/d/1p7NGFP_Y8cFLYhswvaQpf-OhJJCxDslb/view?usp=drive_link,,
1938,องค์การบริหารส่วนตำบล,สานตม,สานตม,ภูเรือ,เลย,"29,434.23",2554,สจป.6 อุดรธานี,องค์การบริหารส่วนตำบลสานตม,17.44494069,101.4726877,55,https://drive.google.com/file/d/1E0U4HoBE0rHJfiCOvudWHyrg4c5pb8bH/view?usp=drive_link,,
1939,องค์การบริหารส่วนตำบล,หนองบัว,หนองบัว,ภูเรือ,เลย,"13,438.03",2550,สจป.6 อุดรธานี,องค์การบริหารส่วนตำบลหนองบัว,17.4430393,101.3310359,50,,https://drive.google.com/file/d/1B52wGxeMbuu3wp8S_M7tu4S-hvjpgokQ/view?usp=drive_link,https://drive.google.com/file/d/1woZ2fwEAdiBltg1MrqJxO8Zwsw7Z5RwX/view?usp=drive_link
1940,องค์การบริหารส่วนตำบล,แก่งศรีภูมิ,แก่งศรีภูมิ,ภูหลวง,เลย,"7,726.64",2554,สจป.6 อุดรธานี,องค์การบริหารส่วนตำบลแก่งศรีภูมิ,17.1016235,101.6946641,50,https://drive.google.com/file/d/1PUPLDJ1u1NKqqhYF12qiy3wuZO38WCO4/view?usp=drive_link,,
1941,เทศบาลตำบล,ภูหอ,ภูหอ,ภูหลวง,เลย,"7,152.29",2550,สจป.6 อุดรธานี,เทศบาลตำบลภูหอ,17.16512775,101.6428524,50,,https://drive.google.com/file/d/1Jkegvqis-ZrhtXOpiJ2jjPd8Y10tCJ4a/view?usp=drive_link,https://drive.google.com/file/d/1x9sV00ml6U_BJKQRxeeA7cjyT1BoFMLZ/view?usp=drive_link
1942,องค์การบริหารส่วนตำบล,เลยวังไสย์,เลยวังไสย์,ภูหลวง,เลย,"51,842.74",2550,สจป.6 อุดรธานี,องค์การบริหารส่วนตำบลเลยวังไสย์,17.0573885,101.54,55,,https://drive.google.com/file/d/16PV1FgKBz92TSRrx14hs7AM0zhnQF9pm/view?usp=drive_link,https://drive.google.com/file/d/1t1NWGOoO2ESsfei78e46QkvLobCoUvUP/view?usp=drive_link
1943,องค์การบริหารส่วนตำบล,หนองคัน,หนองคัน,ภูหลวง,เลย,118.87,2554,สจป.6 อุดรธานี,องค์การบริหารส่วนตำบลหนองคัน,17.130302,101.69294,45,https://drive.google.com/file/d/1ylf5L7XVlbHFSh4hE7i3EPZWM77AE6Vd/view?usp=drive_link,,
1944,องค์การบริหารส่วนตำบล,ห้วยสีเสียด,ห้วยสีเสียด,ภูหลวง,เลย,"6,496.15",2554,สจป.6 อุดรธานี,องค์การบริหารส่วนตำบลห้วยสีเสียด,17.1374556,101.7373168,50,https://drive.google.com/file/d/1Pxi07O2LLghJ_1Z_vT0PyzSbis1FHVkf/view?usp=drive_link,,
1945,องค์การบริหารส่วนตำบล,กกดู่,กกดู่,เมืองเลย,เลย,"37,069.31",2554,สจป.6 อุดรธานี,องค์การบริหารส่วนตำบลกกดู่,17.6115526,101.6344626,50,https://drive.google.com/file/d/1J4agvXrawiky8XPG5x2gAjEG5ZS91EKr/view?usp=drive_link,,
1946,องค์การบริหารส่วนตำบล,กกทอง,กกทอง,เมืองเลย,เลย,"34,343.99",2554,สจป.6 อุดรธานี,องค์การบริหารส่วนตำบลกกทอง,17.5247035,101.5699853,50,https://drive.google.com/file/d/1KvPtOx979IFLSy7ToQY94jvqQgJDABSD/view?usp=drive_link,,
1947,องค์การบริหารส่วนตำบล,ชัยพฤกษ์,ชัยพฤกษ์,เมืองเลย,เลย,"15,685.30",2554,สจป.6 อุดรธานี,องค์การบริหารส่วนตำบลชัยพฤกษ์,17.5283514,101.7388994,50,https://drive.google.com/file/d/1ls58A_k3hFtiKJ_zXzp7jZsODqrXP6Rw/view?usp=drive_link,,
1948,องค์การบริหารส่วนตำบล,นาแขม,นาแขม,เมืองเลย,เลย,"14,094.96",2549,สจป.6 อุดรธานี,องค์การบริหารส่วนตำบลนาแขม,17.6925133,101.6809811,50,,https://drive.google.com/file/d/1EpiFA_B1vkGuJrl0B1qNAsdmq2WBYTqN/view?usp=drive_link,https://drive.google.com/file/d/1xaShRUfdJjxCiRoIovrEZwKg9PZDKnyY/view?usp=drive_link
1949,เทศบาลตำบล,นาดินดำ,นาดินดำ,เมืองเลย,เลย,"8,846.17",2554,สจป.6 อุดรธานี,เทศบาลตำบลนาดินดำ,17.4644134,101.8129849,50,,,
1950,เทศบาลตำบล,นาโป่ง,นาโป่ง,เมืองเลย,เลย,"32,459.45",2550,สจป.6 อุดรธานี,เทศบาลตำบลนาโป่ง,17.41895744,101.7133191,50,https://drive.google.com/file/d/1xFhwGJlmeupfEnu9tdmMvm93xfVdFcg1/view?usp=drive_link,https://drive.google.com/file/d/1G3kM7TqSePIaJViuyCccWvMha3WNUkQf/view?usp=drive_link,
1951,เทศบาลตำบล,นาอ้อ,นาอ้อ,เมืองเลย,เลย,"6,048.76",2549,สจป.6 อุดรธานี,เทศบาลตำบลนาอ้อ,17.5879274,101.7293631,50,,https://drive.google.com/file/d/1zVHZsOEe4ZtHIqD3rwq2ZxvfBl-hdZAI/view?usp=drive_link,https://drive.google.com/file/d/1K0p4ldgOmelmtsKTNQ9y1RoPfNy2izvm/view?usp=drive_link
1952,เทศบาลตำบล,นาอาน,นาอาน,เมืองเลย,เลย,"9,570.94",2548,สจป.6 อุดรธานี,เทศบาลตำบลนาอาน,17.45409728,101.7281768,45,,https://drive.google.com/file/d/1E2DzEcNWBCB-WLHHUnuj4blR1z-r_hfH/view?usp=drive_link,https://drive.google.com/file/d/1ttmb3Vw9PSgNADW3uNdym1shF4LltmkW/view?usp=drive_link
1953,องค์การบริหารส่วนตำบล,น้ำสวย,น้ำสวย,เมืองเลย,เลย,"37,021.06",2548,สจป.6 อุดรธานี,องค์การบริหารส่วนตำบลน้ำสวย,17.61556333,101.8249433,55,,https://drive.google.com/file/d/12FShxgLeZZxyW8E_FwCtEaaO07y_uSvZ/view?usp=drive_link,https://drive.google.com/file/d/1NcBx4cvS1N_Cq_gt79a9Q5sQcKTy6oZ7/view?usp=drive_link
1954,องค์การบริหารส่วนตำบล,น้ำหมาน,น้ำหมาน,เมืองเลย,เลย,"15,971.09",2550,สจป.6 อุดรธานี,องค์การบริหารส่วนตำบลน้ำหมาน,17.4863354,101.6801646,50,,https://drive.google.com/file/d/1juVkga1xbOzAPdfDVe9x70LJP9tCLF8R/view?usp=drive_link,https://drive.google.com/file/d/1Vwe5cjpnZeiPa6UNVLrYEiylZwPDCgY8/view?usp=drive_link
1955,องค์การบริหารส่วนตำบล,เมือง,เมือง,เมืองเลย,เลย,"8,696.03",2554,สจป.6 อุดรธานี,องค์การบริหารส่วนตำบลเมือง,17.5307509,101.7275346,50,,,
1956,องค์การบริหารส่วนตำบล,ศรีสองรัก,ศรีสองรัก,เมืองเลย,เลย,"31,599.12",2554,สจป.6 อุดรธานี,องค์การบริหารส่วนตำบลศรีสองรัก,17.5970295,101.7189274,55,https://drive.google.com/file/d/1bEnJHyHDX4t3_kxaI5NWRS4SV3-mtuVg/view?usp=drive_link,,
1957,องค์การบริหารส่วนตำบล,เสี้ยว,เสี้ยว,เมืองเลย,เลย,"56,311.14",2554,สจป.6 อุดรธานี,องค์การบริหารส่วนตำบลเสี้ยว,17.4808332,101.6619081,50,https://drive.google.com/file/d/1bC34T6INR3ocmf9ScreJ6JO8SS_a1l78/view?usp=drive_link,,
1958,องค์การบริหารส่วนตำบล,เขาหลวง,เขาหลวง,วังสะพุง,เลย,"6,235.41",2554,สจป.6 อุดรธานี,องค์การบริหารส่วนตำบลเขาหลวง,17.317681,101.6356264,50,https://drive.google.com/file/d/1X3bRSByWoAFxP9oqqeRj5EoNmstpLHAJ/view?usp=drive_link,,
1959,องค์การบริหารส่วนตำบล,ทรายขาว,ทรายขาว,วังสะพุง,เลย,"7,243.86",2554,สจป.6 อุดรธานี,องค์การบริหารส่วนตำบลทรายขาว,17.244296,101.6959799,50,https://drive.google.com/file/d/1dU-QukfxmwXVlOZTBRBtDWriN5ZN3h9A/view?usp=drive_link,https://drive.google.com/file/d/1ksD0Hq4P_KDHMHQhkIa4jXkOFkeh69y2/view?usp=drive_link,
1960,องค์การบริหารส่วนตำบล,วังสะพุง,วังสะพุง,วังสะพุง,เลย,19.53,2550,สจป.6 อุดรธานี,องค์การบริหารส่วนตำบลวังสะพุง,17.2538133,101.7389199,0,,https://drive.google.com/file/d/1sS0X22RtKL6yz05vLgOe3xEM_hKcKhMD/view?usp=drive_link,https://drive.google.com/file/d/16EmuiNL7Lq6UnBIOUQgYGzN4j9TowHc_/view?usp=drive_link
1961,เทศบาลตำบล,ศรีสงคราม,ศรีสงคราม,วังสะพุง,เลย,"13,984.15",2554,สจป.6 อุดรธานี,เทศบาลตำบลศรีสงคราม,17.2907459,101.7745128,50,https://drive.google.com/file/d/1hgBArILpMHlY8ZsZjAW4A-mN98dg2dB1/view?usp=drive_link,,
1962,องค์การบริหารส่วนตำบล,หนองงิ้ว,หนองงิ้ว,วังสะพุง,เลย,"24,458.51",2550,สจป.6 อุดรธานี,องค์การบริหารส่วนตำบลหนองงิ้ว,17.3478304,101.616404,50,,https://drive.google.com/file/d/13Q315spQjkfG7Hf4vBf1WDuVkzPD2ioB/view?usp=drive_link,
1963,องค์การบริหารส่วนตำบล,หนองหญ้าปล้อง,หนองหญ้าปล้อง,วังสะพุง,เลย,"6,794.13",2554,สจป.6 อุดรธานี,องค์การบริหารส่วนตำบลหนองหญ้าปล้อง,17.24180951,101.8739033,50,https://drive.google.com/file/d/1PC6qK1Fp6a0EIoA56u0DkF30mAMmWphS/view?usp=drive_link,,
1964,องค์การบริหารส่วนตำบล,ตาดข่า,ตาดข่า,หนองหิน,เลย,"6,051.17",2554,สจป.6 อุดรธานี,องค์การบริหารส่วนตำบลตาดข่า,17.019069,101.89561,50,,,
1965,องค์การบริหารส่วนตำบล,ปวนพุ,ปวนพุ,หนองหิน,เลย,"16,692.14",2554,สจป.6 อุดรธานี,องค์การบริหารส่วนตำบลปวนพุ,17.09509541,101.7938608,50,https://drive.google.com/file/d/11W9eboPHYhMqthAg2Hd6VPGyIgUW7gOH/view?usp=drive_link,,
1966,องค์การบริหารส่วนตำบล,หนองหิน,หนองหิน,หนองหิน,เลย,"8,428.04",2554,สจป.6 อุดรธานี,องค์การบริหารส่วนตำบลหนองหิน,17.1118126,101.8675396,50,https://drive.google.com/file/d/1zuCX0eBXzAeN2ksrAlXXGCkVZmq87fLz/view?usp=drive_link,,
1967,องค์การบริหารส่วนตำบล,ทรัพย์ไพวัลย์,ทรัพย์ไพวัลย์,เอราวัณ,เลย,"8,475.04",2554,สจป.6 อุดรธานี,องค์การบริหารส่วนตำบลทรัพย์ไพวัลย์,17.2313056,101.9880449,50,https://drive.google.com/file/d/1yuq8KRWIlmYB7m8thCnTp1fctDO2sXyR/view?usp=drive_link,,
1968,องค์การบริหารส่วนตำบล,ผาสามยอด,ผาสามยอด,เอราวัณ,เลย,"9,829.57",2550,สจป.6 อุดรธานี,องค์การบริหารส่วนตำบลผาสามยอด,17.252162,102.025082,50,,https://drive.google.com/file/d/11Ts4MsoAFmQcjYfIuFwkdLMW_h2JZTd7/view?usp=drive_link,https://drive.google.com/file/d/1LAoI8xqLPsorN1V19U_CLrLFnzhiOx5X/view?usp=drive_link
1969,เทศบาลตำบล,ผาอินทร์แปลง,ผาอินทร์แปลง,เอราวัณ,เลย,"11,329.87",2554,สจป.6 อุดรธานี,เทศบาลตำบลผาอินทร์แปลง,17.31266633,101.9649782,50,https://drive.google.com/file/d/1jL1sNTKfdJSw2on2yhjcCPj6YiIrBc6q/view?usp=drive_link,,
1970,เทศบาลตำบล,เอราวัณ,เอราวัณ,เอราวัณ,เลย,"1,441.12",2548,สจป.6 อุดรธานี,เทศบาลตำบลเอราวัณ,17.3688682,101.8837219,50,,https://drive.google.com/file/d/1-RFDucEbhNaNn44Ck0NWyRd5c3HR1u3M/view?usp=drive_link,https://drive.google.com/file/d/1QB3W46LJdDXW-SCgh_tYiIFq3diZs4Jz/view?usp=drive_link
1971,องค์การบริหารส่วนตำบล,กุดเสลา,กุดเสลา,กันทรลักษ์,ศรีสะเกษ,"1,340.94",2555,สจป.7 สาขาอุบลราชธานี,องค์การบริหารส่วนตำบลกุดเสลา,14.67072,104.831851,45,https://drive.google.com/file/d/1nQwFhOYGnZ27iUI1JV1hhhFqf-B8kXTU/view?usp=drive_link,,
1972,องค์การบริหารส่วนตำบล,ขนุน,ขนุน,กันทรลักษ์,ศรีสะเกษ,"1,804.04",2555,สจป.7 สาขาอุบลราชธานี,องค์การบริหารส่วนตำบลขนุน,14.6123175,104.8069249,45,https://drive.google.com/file/d/19HtET5MUyQ0AVYM6wAkEj_dy64oaF90I/view?usp=drive_link,,
1973,องค์การบริหารส่วนตำบล,บึงมะลู,บึงมะลู,กันทรลักษ์,ศรีสะเกษ,369.3,2555,สจป.7 สาขาอุบลราชธานี,องค์การบริหารส่วนตำบลบึงมะลู,14.52835,104.694697,45,https://drive.google.com/file/d/1znIUknT-W_wKIkE3LJBEq-QHYim5y7wZ/view?usp=drive_link,,
1974,องค์การบริหารส่วนตำบล,ภูผาหมอก,ภูผาหมอก,กันทรลักษ์,ศรีสะเกษ,"1,840.65",2555,สจป.7 สาขาอุบลราชธานี,องค์การบริหารส่วนตำบลภูผาหมอก,14.4776261,104.8418689,45,https://drive.google.com/file/d/1-LUPmt10FVtcUffwyMvpXkLoI21Q-r_U/view?usp=drive_link,,
1975,องค์การบริหารส่วนตำบล,เมือง,เมือง,กันทรลักษ์,ศรีสะเกษ,45.36,2555,สจป.7 สาขาอุบลราชธานี,องค์การบริหารส่วนตำบลเมือง,14.5964905,104.6454433,0,https://drive.google.com/file/d/1mizbv6GSEFNVu4asLB-A_UGxHERYNvZR/view?usp=drive_link,,
1976,องค์การบริหารส่วนตำบล,รุง,รุง,กันทรลักษ์,ศรีสะเกษ,726.34,2555,สจป.7 สาขาอุบลราชธานี,องค์การบริหารส่วนตำบลรุง,14.5223511,104.6194679,50,https://drive.google.com/file/d/13HqXyI0H0KXELFOqMYkqiPRNWMZZRSUZ/view?usp=drive_link,,
1977,องค์การบริหารส่วนตำบล,ละลาย,ละลาย,กันทรลักษ์,ศรีสะเกษ,"8,570.43",2555,สจป.7 สาขาอุบลราชธานี,องค์การบริหารส่วนตำบลละลาย,14.5086047,104.5383021,50,https://drive.google.com/file/d/1GfKrH0p9SHEQJJoXL-jO0loCYVGlD4LD/view?usp=drive_link,,
1978,เทศบาลตำบล,สวนกล้วย,สวนกล้วย,กันทรลักษ์,ศรีสะเกษ,0,2549,สจป.7 สาขาอุบลราชธานี,เทศบาลตำบลสวนกล้วย,14.6691706,104.7776374,0,,https://drive.google.com/file/d/1UD3jLwbv1Ku5NYwS2n2HAd6C2aKpiF0n/view?usp=drive_link,https://drive.google.com/file/d/1NPxFJxsYfCTJZxPEd4OGrBaqxshfbbsu/view?usp=drive_link
1979,องค์การบริหารส่วนตำบล,เสาธงชัย,เสาธงชัย,กันทรลักษ์,ศรีสะเกษ,"3,517.46",2555,สจป.7 สาขาอุบลราชธานี,องค์การบริหารส่วนตำบลเสาธงชัย,14.46321,104.730107,50,https://drive.google.com/file/d/1CJXec3pZjIcSc-w9LtUlJk_J46tQqRjD/view?usp=drive_link,,
1980,องค์การบริหารส่วนตำบล,ละทาย,ละทาย,กันทรารมย์,ศรีสะเกษ,674.27,2549,สจป.7 สาขาอุบลราชธานี,องค์การบริหารส่วนตำบลละทาย,15.1638216,104.5859533,45,,https://drive.google.com/file/d/1Gj8eiTb8_ggt8921-mKOnTBeT_sZyVJN/view?usp=drive_link,https://drive.google.com/file/d/1qfguTGvAMpz4TUvrjl-rde0jVRqU1p6N/view?usp=drive_link
1981,องค์การบริหารส่วนตำบล,หนองหัวช้าง,หนองหัวช้าง,กันทรารมย์,ศรีสะเกษ,376.08,2549,สจป.7 สาขาอุบลราชธานี,องค์การบริหารส่วนตำบลหนองหัวช้าง,15.0650828,104.6221911,45,,https://drive.google.com/file/d/1WBy0zo3oTb3CIfl0nn7FbJzzb8RNCvxj/view?usp=drive_link,
1982,องค์การบริหารส่วนตำบล,กฤษณา,กฤษณา,ขุขันธ์,ศรีสะเกษ,565.61,2559,สจป.7 สาขาอุบลราชธานี,องค์การบริหารส่วนตำบลกฤษณา,14.8694744,104.2666632,0,https://drive.google.com/file/d/1hw7ThcnNV1do9EKOt2eg2P3Te8NashdW/view?usp=drive_link,,
1983,องค์การบริหารส่วนตำบล,ปรือใหญ่,ปรือใหญ่,ขุขันธ์,ศรีสะเกษ,"5,391.87",2555,สจป.7 สาขาอุบลราชธานี,องค์การบริหารส่วนตำบลปรือใหญ่,14.6173218,104.2198692,50,https://drive.google.com/file/d/1Vh-xC_RqhraCO3R4pwRhDMVmPX2_dmdj/view?usp=drive_link,,
1984,เทศบาลตำบล,กันทรอม,กันทรอม,ขุนหาญ,ศรีสะเกษ,"2,386.79",2549,สจป.7 สาขาอุบลราชธานี,เทศบาลตำบลกันทรอม,14.58065019,104.3348046,45,,https://drive.google.com/file/d/12lU_eaCAYMjcFqnQPakOvbHcHyonSWvd/view?usp=drive_link,https://drive.google.com/file/d/1eio5fYNVP_vpg2IHIMB7PoaToZEnuZrI/view?usp=drive_link
1985,องค์การบริหารส่วนตำบล,เขิน,เขิน,น้ำเกลี้ยง,ศรีสะเกษ,"2,535.94",2555,สจป.7 สาขาอุบลราชธานี,องค์การบริหารส่วนตำบลเขิน,14.8555316,104.5815476,45,https://drive.google.com/file/d/1iYNAnbuCc-mSqWU3d6G-y_dvpSKGqkgN/view?usp=drive_link,,
1986,องค์การบริหารส่วนตำบล,คูบ,คูบ,น้ำเกลี้ยง,ศรีสะเกษ,"21,435.49",2555,สจป.7 สาขาอุบลราชธานี,องค์การบริหารส่วนตำบลคูบ,14.9614832,104.5465806,50,https://drive.google.com/file/d/1D7lJmSd_E2BZdFg5-TunTe3vmg-rcsSR/view?usp=drive_link,,
1987,องค์การบริหารส่วนตำบล,น้ำเกลี้ยง,น้ำเกลี้ยง,น้ำเกลี้ยง,ศรีสะเกษ,"12,749.56",2559,สจป.7 สาขาอุบลราชธานี,องค์การบริหารส่วนตำบลน้ำเกลี้ยง,14.9132324,104.5482915,50,https://drive.google.com/file/d/1FxAxCnH7p0kzzyBA-FEWIcUSCQ3Yianc/view?usp=drive_link,,
1988,องค์การบริหารส่วนตำบล,รุ่งระวี,รุ่งระวี,น้ำเกลี้ยง,ศรีสะเกษ,"7,617.12",2555,สจป.7 สาขาอุบลราชธานี,องค์การบริหารส่วนตำบลรุ่งระวี,14.8854885,104.5249315,45,https://drive.google.com/file/d/1oMX9Ib1L0U4C9pV3PQIzxN_38VnjCNul/view?usp=drive_link,,
1989,เทศบาลตำบล,ละเอาะ,ละเอาะ,น้ำเกลี้ยง,ศรีสะเกษ,"1,729.76",2555,สจป.7 สาขาอุบลราชธานี,เทศบาลตำบลละเอาะ,14.9370135,104.4662805,45,https://drive.google.com/file/d/1t5jPyCiU7JGzTmgkUSasNdkjcLcvEkre/view?usp=drive_link,,
1990,เทศบาลตำบล,บึงบูรพ์,บึงบูรพ์,บึงบูรพ์,ศรีสะเกษ,332.1,2555,สจป.7 สาขาอุบลราชธานี,เทศบาลตำบลบึงบูรพ์,15.3335672,104.045452,45,https://drive.google.com/file/d/1pF2NlwbODOkivpCUMEGVCrmV_ZzWqTOz/view?usp=drive_link,,
1991,องค์การบริหารส่วนตำบล,เป๊าะ,เป๊าะ,บึงบูรพ์,ศรีสะเกษ,"1,298.29",2555,สจป.7 สาขาอุบลราชธานี,องค์การบริหารส่วนตำบลเป๊าะ,15.2927075,104.0898799,45,https://drive.google.com/file/d/1AimnqxVSCluggewx98VN_aKQ5YWrXZfW/view?usp=drive_link,,
1992,องค์การบริหารส่วนตำบล,ท่าคล้อ,ท่าคล้อ,เบญจลักษ์,ศรีสะเกษ,2.88,2555,สจป.7 สาขาอุบลราชธานี,องค์การบริหารส่วนตำบลท่าคล้อ,14.776895,104.785388,0,https://drive.google.com/file/d/1C7ro952JyyQ7Khg70eJp6iu6ppT5FxeI/view?usp=drive_link,,
1993,องค์การบริหารส่วนตำบล,สมอ,สมอ,ปรางค์กู่,ศรีสะเกษ,148.63,2555,สจป.7 สาขาอุบลราชธานี,องค์การบริหารส่วนตำบลสมอ,14.81199783,104.0906417,45,https://drive.google.com/file/d/16Ka02eRaSRwEW1bVuXfzGe6g2W0Qi_WA/view?usp=drive_link,,
1994,องค์การบริหารส่วนตำบล,พรหมสวัสดิ์,พรหมสวัสดิ์,พยุห์,ศรีสะเกษ,765.6,2555,สจป.7 สาขาอุบลราชธานี,องค์การบริหารส่วนตำบลพรหมสวัสดิ์,14.8601022,104.4010331,45,https://drive.google.com/file/d/1cpsZpOSKQqdyYnhpxA_hqj4x_PMzANAC/view?usp=drive_link,,
1995,องค์การบริหารส่วนตำบล,เสียว,เสียว,โพธิ์ศรีสุวรรณ,ศรีสะเกษ,668.37,2555,สจป.7 สาขาอุบลราชธานี,องค์การบริหารส่วนตำบลเสียว,14.79527701,104.6683896,45,https://drive.google.com/file/d/192HZzHTgKigbKPh7enJF8YhEwxdLIMSB/view?usp=drive_link,,
1996,องค์การบริหารส่วนตำบล,อีเซ,อีเซ,โพธิ์ศรีสุวรรณ,ศรีสะเกษ,"2,112.33",2555,สจป.7 สาขาอุบลราชธานี,องค์การบริหารส่วนตำบลอีเซ,15.266521,104.0189673,45,https://drive.google.com/file/d/1tVB2ktNb5YAwCBuywok_Xb2yxrbm9fQz/view?usp=drive_link,,
1997,องค์การบริหารส่วนตำบล,โคกตาล,โคกตาล,ภูสิงห์,ศรีสะเกษ,"12,932.91",2555,สจป.7 สาขาอุบลราชธานี,องค์การบริหารส่วนตำบลโคกตาล,14.5505267,104.2032388,50,https://drive.google.com/file/d/10hvZi1iqgcAAfSL4fP8er1dojAa-FByb/view?usp=drive_link,,
1998,องค์การบริหารส่วนตำบล,ดงรัก,ดงรัก,ภูสิงห์,ศรีสะเกษ,"7,215.36",2549,สจป.7 สาขาอุบลราชธานี,องค์การบริหารส่วนตำบลดงรัก,14.46393696,104.1950226,45,,https://drive.google.com/file/d/1eg_xFXksjcBTFTyU66YuI9W5yTFFoY_l/view?usp=drive_link,https://drive.google.com/file/d/1_893FaYvDMeFrpDvKajplPeZnTIa2yGJ/view?usp=drive_link
1999,องค์การบริหารส่วนตำบล,ตะเคียนราม,ตะเคียนราม,ภูสิงห์,ศรีสะเกษ,0,2555,สจป.7 สาขาอุบลราชธานี,องค์การบริหารส่วนตำบลตะเคียนราม,14.5930832,104.1760498,0,https://drive.google.com/file/d/1vqYsohaN-zd_XH-NlyImi7SqhDmx8Qd1/view?usp=drive_link,,
2000,องค์การบริหารส่วนตำบล,ไพรพัฒนา,ไพรพัฒนา,ภูสิงห์,ศรีสะเกษ,0,2555,สจป.7 สาขาอุบลราชธานี,องค์การบริหารส่วนตำบลไพรพัฒนา,14.4684188,104.0683531,0,https://drive.google.com/file/d/1Wp2Zvjy3bAHv6dlPaku0M0HkZxKv0wbX/view?usp=drive_link,,
2001,องค์การบริหารส่วนตำบล,ห้วยตามอญ,ห้วยตามอญ,ภูสิงห์,ศรีสะเกษ,0,2555,สจป.7 สาขาอุบลราชธานี,องค์การบริหารส่วนตำบลห้วยตามอญ,14.53342186,104.0512964,0,https://drive.google.com/file/d/1QphPGhLkgKITT5P-8NgocV6ns3essWZD/view?usp=drive_link,,
2002,เทศบาลตำบล,เมืองจันทร์,เมืองจันทร์,เมืองจันทร์,ศรีสะเกษ,386.54,2555,สจป.7 สาขาอุบลราชธานี,เทศบาลตำบลเมืองจันทร์,15.1523319,104.0453605,45,https://drive.google.com/file/d/18sMjt7TpPi1INGN9yKot6oruRzE1JnBu/view?usp=drive_link,,
2003,องค์การบริหารส่วนตำบล,คูซอด,คูซอด,เมืองศรีสะเกษ,ศรีสะเกษ,"3,045.88",2549,สจป.7 สาขาอุบลราชธานี,องค์การบริหารส่วนตำบลคูซอด,15.2106679,104.2707539,50,,https://drive.google.com/file/d/19LauDASerQRJyKg5yVMDkA-bvEciscMo/view?usp=drive_link,https://drive.google.com/file/d/162gb08mSLWVITx2ZjE1rOegM3Z3hsDO1/view?usp=drive_link
2004,องค์การบริหารส่วนตำบล,คอนกาม,คอนกาม,ยางชุมน้อย,ศรีสะเกษ,963.08,2555,สจป.7 สาขาอุบลราชธานี,องค์การบริหารส่วนตำบลคอนกาม,15.2571833,104.3548912,45,https://drive.google.com/file/d/1UgrL5A9h9QQ-WUzKScaAqRVRHAA2eMNB/view?usp=drive_link,,
2005,องค์การบริหารส่วนตำบล,ลิ้นฟ้า,ลิ้นฟ้า,ยางชุมน้อย,ศรีสะเกษ,756.31,2555,สจป.7 สาขาอุบลราชธานี,องค์การบริหารส่วนตำบลลิ้นฟ้า,15.17431886,104.4155708,0,https://drive.google.com/file/d/1IMXvX4T4cB4zaLV1zU6-0D78AZ0pZwcM/view?usp=drive_link,,
2006,องค์การบริหารส่วนตำบล,ด่าน,ด่าน,ราษีไศล,ศรีสะเกษ,"6,400.90",2555,สจป.7 สาขาอุบลราชธานี,องค์การบริหารส่วนตำบลด่าน,15.42698594,104.0229656,45,https://drive.google.com/file/d/1hYMHUp485z8i2ebtlT5lSRdMcYWY5TD3/view?usp=drive_link,,
2007,เทศบาลตำบล,บัวหุ่ง,บัวหุ่ง,ราษีไศล,ศรีสะเกษ,"2,302.74",2555,สจป.7 สาขาอุบลราชธานี,เทศบาลตำบลบัวหุ่ง,15.3135611,104.1100538,45,https://drive.google.com/file/d/1I-djqFbNn0vTecConHAKW041GBLteWYj/view?usp=drive_link,,
2008,องค์การบริหารส่วนตำบล,หนองแค,หนองแค,ราษีไศล,ศรีสะเกษ,"6,227.96",2555,สจป.7 สาขาอุบลราชธานี,องค์การบริหารส่วนตำบลหนองแค,15.367947,104.1300443,45,https://drive.google.com/file/d/1pRrqgH9G25zRf16NrfbQDQf_6LLsZBOR/view?usp=drive_link,,
2009,องค์การบริหารส่วนตำบล,หนองหมี,หนองหมี,ราษีไศล,ศรีสะเกษ,"1,363.66",2555,สจป.7 สาขาอุบลราชธานี,องค์การบริหารส่วนตำบลหนองหมี,15.2704765,104.2901159,45,https://drive.google.com/file/d/1PvTVhEsaWWboqfazA76yJh4evEzpxq-2/view?usp=drive_link,,
2010,องค์การบริหารส่วนตำบล,ดวนใหญ่,ดวนใหญ่,วังหิน,ศรีสะเกษ,156.15,2549,สจป.7 สาขาอุบลราชธานี,องค์การบริหารส่วนตำบลดวนใหญ่,14.94580073,104.2626894,0,,https://drive.google.com/file/d/1ZMKCobaD6q7vO6_G7z8Yl93N2UF6AlLI/view?usp=drive_link,https://drive.google.com/file/d/18-nuXUKcBs2nVva28o-7Ab-QPCxEcDXw/view?usp=drive_link
2011,เทศบาลตำบล,บุสูง,บุสูง,วังหิน,ศรีสะเกษ,"2,011.34",2555,สจป.7 สาขาอุบลราชธานี,เทศบาลตำบลบุสูง,14.960541,104.165615,0,https://drive.google.com/file/d/13yMODBCkPQcWQJ60_NH4s2So5paOxAnk/view?usp=drive_link,,
2012,องค์การบริหารส่วนตำบล,ตูม,ตูม,ศรีรัตนะ,ศรีสะเกษ,"1,364.76",2555,สจป.7 สาขาอุบลราชธานี,องค์การบริหารส่วนตำบลตูม,14.88869787,104.0038401,0,https://drive.google.com/file/d/1L8Qap0WjHHut4ktBeCVK5AZOGVjCdhDb/view?usp=drive_link,,
2013,องค์การบริหารส่วนตำบล,พิงพวย,พิงพวย,ศรีรัตนะ,ศรีสะเกษ,541.54,2555,สจป.7 สาขาอุบลราชธานี,องค์การบริหารส่วนตำบลพิงพวย,14.7543068,104.4403573,0,https://drive.google.com/file/d/1wyyZbZDTVmr91pAiZLNdvVSzoNzLncIi/view?usp=drive_link,,
2014,องค์การบริหารส่วนตำบล,ศรีแก้ว,ศรีแก้ว,ศรีรัตนะ,ศรีสะเกษ,43.89,2555,สจป.7 สาขาอุบลราชธานี,องค์การบริหารส่วนตำบลศรีแก้ว,14.7627843,104.4575353,0,https://drive.google.com/file/d/1cf_Grw17NHAKVCLzDhB_9KIC28IfvV4O/view?usp=drive_link,,
2015,องค์การบริหารส่วนตำบล,ศรีโนนงาม,ศรีโนนงาม,ศรีรัตนะ,ศรีสะเกษ,"1,702.58",2555,สจป.7 สาขาอุบลราชธานี,องค์การบริหารส่วนตำบลศรีโนนงาม,14.8048582,104.3959345,0,https://drive.google.com/file/d/1I4QNriJQiK4UDt_xspXYKzqQ6xx4irji/view?usp=drive_link,,
2016,องค์การบริหารส่วนตำบล,สระเยาว์,สระเยาว์,ศรีรัตนะ,ศรีสะเกษ,27.53,2555,สจป.7 สาขาอุบลราชธานี,องค์การบริหารส่วนตำบลสระเยาว์,14.80674937,104.5232391,0,https://drive.google.com/file/d/1Gy1t9e2tPFpWQKmbw9HADRi4eCu0DeAp/view?usp=drive_link,,
2017,องค์การบริหารส่วนตำบล,สะพุง,สะพุง,ศรีรัตนะ,ศรีสะเกษ,63.86,2555,สจป.7 สาขาอุบลราชธานี,องค์การบริหารส่วนตำบลสะพุง,14.824024,104.459303,0,https://drive.google.com/file/d/1Y0Sud1ZWT5q-N27FSZXypBHzVLRBOCAT/view?usp=drive_link,,
2018,องค์การบริหารส่วนตำบล,เสื่องข้าว,เสื่องข้าว,ศรีรัตนะ,ศรีสะเกษ,117.84,2555,สจป.7 สาขาอุบลราชธานี,องค์การบริหารส่วนตำบลเสื่องข้าว,14.82400864,104.5575714,0,https://drive.google.com/file/d/1aVD4XTO-fM9YD2VD-_OZo33md7z4li50/view?usp=drive_link,,
2019,องค์การบริหารส่วนตำบล,หนองบัวดง,หนองบัวดง,ศิลาลาด,ศรีสะเกษ,649.73,2549,สจป.7 สาขาอุบลราชธานี,องค์การบริหารส่วนตำบลหนองบัวดง,15.457858,104.033554,45,,https://drive.google.com/file/d/1rQqByM4iX49o3wnwfeZsl-CHdTplElTk/view?usp=drive_link,https://drive.google.com/file/d/1Nr0f5C7DtEg0iQxIYDjGrjxMmsFsxZlc/view?usp=drive_link
2020,เทศบาลตำบล,จานแสนไชย,จานแสนไชย,ห้วยทับทัน,ศรีสะเกษ,"1,742.14",2555,สจป.7 สาขาอุบลราชธานี,เทศบาลตำบลจานแสนไชย,14.9632262,104.037037,0,https://drive.google.com/file/d/1Few3GadPqYNkaTl8NW04no0lHQTdg8VP/view?usp=drive_link,,
2021,องค์การบริหารส่วนตำบล,ปราสาท,ปราสาท,ห้วยทับทัน,ศรีสะเกษ,"3,309.77",2555,สจป.7 สาขาอุบลราชธานี,องค์การบริหารส่วนตำบลปราสาท,15.1049845,104.0347724,45,https://drive.google.com/file/d/1a_XBtRMkFyRNyY1Jko41oUmRuA55FZVd/view?usp=drive_link,,
2022,องค์การบริหารส่วนตำบล,ผักไหม,ผักไหม,ห้วยทับทัน,ศรีสะเกษ,"1,869.30",2549,สจป.7 สาขาอุบลราชธานี,องค์การบริหารส่วนตำบลผักไหม,14.9385263,104.0279374,5,,https://drive.google.com/file/d/1U8VLWr1H99Okq_25NTvoVZgqkmW7EnkO/view?usp=drive_link,https://drive.google.com/file/d/1FbIciSOktzgX8n6jn2Pd6vMYyvStmLe5/view?usp=drive_link
2023,องค์การบริหารส่วนตำบล,เมืองหลวง,เมืองหลวง,ห้วยทับทัน,ศรีสะเกษ,"1,116.16",2555,สจป.7 สาขาอุบลราชธานี,องค์การบริหารส่วนตำบลเมืองหลวง,15.0206648,104.0406848,45,https://drive.google.com/file/d/1ypGR7Y6eU6Y0_59JTG-b0PFDTq7Od8ur/view?usp=drive_link,,
2024,องค์การบริหารส่วนตำบล,ห้วยทับทัน,ห้วยทับทัน,ห้วยทับทัน,ศรีสะเกษ,97.31,2555,สจป.7 สาขาอุบลราชธานี,องค์การบริหารส่วนตำบลห้วยทับทัน,15.0511582,104.0232645,45,https://drive.google.com/file/d/1lMx-skzTK73LlKxBdJhgQtykc4v2WzzC/view?usp=drive_link,,
2025,องค์การบริหารส่วนตำบล,ก้านเหลือง,ก้านเหลือง,อุทุมพรพิสัย,ศรีสะเกษ,0,2555,สจป.7 สาขาอุบลราชธานี,องค์การบริหารส่วนตำบลก้านเหลือง,15.0692938,104.1302071,0,https://drive.google.com/file/d/1vXempGGXf4LeQNhiJWI0pg6Vo-0vWRZE/view?usp=drive_link,,
2026,องค์การบริหารส่วนตำบล,ขะยูง,ขะยูง,อุทุมพรพิสัย,ศรีสะเกษ,0,2555,สจป.7 สาขาอุบลราชธานี,องค์การบริหารส่วนตำบลขะยูง,15.1222193,104.2409057,0,https://drive.google.com/file/d/1LgweemQvTpX5lUGLftnfaH0__DoxLvE9/view?usp=drive_link,,
2027,องค์การบริหารส่วนตำบล,แข้,แข้,อุทุมพรพิสัย,ศรีสะเกษ,0,2555,สจป.7 สาขาอุบลราชธานี,องค์การบริหารส่วนตำบลแข้,15.0722162,104.202555,0,https://drive.google.com/file/d/1sBnLHzAu-6bDVSg7A4qZuDwx-dQjIbad/view?usp=drive_link,,
2028,องค์การบริหารส่วนตำบล,ทุ่งไชย,ทุ่งไชย,อุทุมพรพิสัย,ศรีสะเกษ,0,2555,สจป.7 สาขาอุบลราชธานี,องค์การบริหารส่วนตำบลทุ่งไชย,15.0227701,104.1009567,0,https://drive.google.com/file/d/1wTUMQEv1zirXr2Xiue4C7RA8L0IxAgIJ/view?usp=drive_link,,
2029,องค์การบริหารส่วนตำบล,ปะอาว,ปะอาว,อุทุมพรพิสัย,ศรีสะเกษ,0,2555,สจป.7 สาขาอุบลราชธานี,องค์การบริหารส่วนตำบลปะอาว,15.1074413,104.1946071,0,https://drive.google.com/file/d/1Yb4rUOLBuWUiqqqlrXRkMLT9N2Tj_Oey/view?usp=drive_link,,
2030,องค์การบริหารส่วนตำบล,รังแร้ง,รังแร้ง,อุทุมพรพิสัย,ศรีสะเกษ,"2,606.65",2555,สจป.7 สาขาอุบลราชธานี,องค์การบริหารส่วนตำบลรังแร้ง,15.20352224,104.2212982,45,https://drive.google.com/file/d/1zU5WsvbhEK0wlDYFDPQ1xRMzDdzvUUh2/view?usp=drive_link,,
2031,เทศบาลตำบล,กุดบาก,กุดบาก,กุดบาก,สกลนคร,"3,654.24",2549,สจป.6 สาขานครพนม,เทศบาลตำบลกุดบาก,17.08589969,103.820627,50,,https://drive.google.com/file/d/1d00Alpvi0wx84CpRWPv0VnAr58aVKA40/view?usp=drive_link,https://drive.google.com/file/d/1D1d6n5r9H0pkSfdeZ4R_BELFSrkZJSay/view?usp=drive_link
2032,เทศบาลตำบล,กุดไห,กุดไห,กุดบาก,สกลนคร,"13,913.48",2554,สจป.6 สาขานครพนม,เทศบาลตำบลกุดไห,17.11843904,103.7979913,50,https://drive.google.com/file/d/1hx-IU57bjsQ6nHv1OXkPDl09zEJ_rw3v/view?usp=drive_link,,
2033,เทศบาลตำบล,นาม่อง,นาม่อง,กุดบาก,สกลนคร,"3,399.75",2548,สจป.6 สาขานครพนม,เทศบาลตำบลนาม่อง,17.09485442,103.9093781,45,,https://drive.google.com/file/d/1ibqGSIP7SdsFwbsIESuOjNFAokB3AXzs/view?usp=drive_link,https://drive.google.com/file/d/1yFHpr1nQZlW8ivd8zPNMRb-HE-8d-2aE/view?usp=drive_link
2034,องค์การบริหารส่วนตำบล,กุสุมาลย์,กุสุมาลย์,กุสุมาลย์,สกลนคร,"1,400.83",2548,สจป.6 สาขานครพนม,องค์การบริหารส่วนตำบลกุสุมาลย์,17.3298136,104.3507284,50,,https://drive.google.com/file/d/1IzYMXsT6V7xrAC1Mw-P8F4uNCWkU54G8/view?usp=drive_link,https://drive.google.com/file/d/1wVbjKcB4liGuOqSJi1KDHHGbilNfDPgJ/view?usp=drive_link
2035,องค์การบริหารส่วนตำบล,นาเพียง,นาเพียง,กุสุมาลย์,สกลนคร,"5,393.15",2548,สจป.6 สาขานครพนม,องค์การบริหารส่วนตำบลนาเพียง,17.38820721,104.1998708,50,,https://drive.google.com/file/d/1ptzYIA2CbFGPF1BwmCqm2Z5zT9W3_FMo/view?usp=drive_link,https://drive.google.com/file/d/1DXyTdgHfeVkej0YGvPckwkadcFNdeAei/view?usp=drive_link
2036,องค์การบริหารส่วนตำบล,นาโพธิ์,นาโพธิ์,กุสุมาลย์,สกลนคร,"5,268.98",2548,สจป.6 สาขานครพนม,องค์การบริหารส่วนตำบลนาโพธิ์,17.348604,104.2850987,50,,https://drive.google.com/file/d/1ln5gP8DE5BFnjFjY9gadhA5FF56ZNlEf/view?usp=drive_link,https://drive.google.com/file/d/1PJhUnalrjlH9omsA1m5d-zHxg0PRFqmo/view?usp=drive_link
2037,องค์การบริหารส่วนตำบล,คำตากล้า,คำตากล้า,คำตากล้า,สกลนคร,982.39,2550,สจป.6 สาขานครพนม,องค์การบริหารส่วนตำบลคำตากล้า,17.83101,103.7571832,50,,https://drive.google.com/file/d/1w2kDc_CCAlpNcyZl3lZEv9CVA5BZwhBL/view?usp=drive_link,https://drive.google.com/file/d/1iQh3rxhbvkP_7lXjZ9zcUIIeo_JWTFd-/view?usp=drive_link
2038,องค์การบริหารส่วนตำบล,นาแต้,นาแต้,คำตากล้า,สกลนคร,"3,649.42",2549,สจป.6 สาขานครพนม,องค์การบริหารส่วนตำบลนาแต้,17.8583894,103.7198318,45,,https://drive.google.com/file/d/1OlEq_OIBpmLE3vdiRLbXaCN9ZENe3zhL/view?usp=drive_link,https://drive.google.com/file/d/1w-umZQZiveWUeF948ACnsUHNyQD1brzP/view?usp=drive_link
2039,เทศบาลตำบล,แพด,แพด,คำตากล้า,สกลนคร,"4,525.52",2550,สจป.6 สาขานครพนม,เทศบาลตำบลแพด,17.77978424,103.8289353,50,,https://drive.google.com/file/d/1UEpMv3382tPoJSPxpqb7-lfWCXR2q9iZ/view?usp=drive_link,https://drive.google.com/file/d/14F9WIKL8qNi_lnKsiZSnlUWoukOnc2cX/view?usp=drive_link
2040,เทศบาลตำบล,หนองบัวสิม,หนองบัวสิม,คำตากล้า,สกลนคร,"3,617.81",2549,สจป.6 สาขานครพนม,เทศบาลตำบลหนองบัวสิม,17.852684,103.869521,50,,https://drive.google.com/file/d/1BXNk4Sro8dJ-Y6nRmj-gENQNb-BsJnZ4/view?usp=drive_link,https://drive.google.com/file/d/1WBVnwFVI_y_SLEdwAl2EchNA1V8O0vhP/view?usp=drive_link
2041,เทศบาลตำบล,ตองโขบ,ตองโขบ,โคกศรีสุพรรณ,สกลนคร,"5,363.85",2550,สจป.6 สาขานครพนม,เทศบาลตำบลตองโขบ,17.0003425,104.2599642,50,,https://drive.google.com/file/d/1ani3mmLTu44eNr_lRy1k9puXM4LPPj4K/view?usp=drive_link,https://drive.google.com/file/d/1yMtWMzd0oDeIcjwYgHvEnBWyGw88tQO-/view?usp=drive_link
2042,องค์การบริหารส่วนตำบล,แมดนาท่ม,แมดนาท่ม,โคกศรีสุพรรณ,สกลนคร,"4,752.14",2550,สจป.6 สาขานครพนม,องค์การบริหารส่วนตำบลแมดนาท่ม,17.031058,104.33684,50,,https://drive.google.com/file/d/10CELS5zF6tTrMHc_F1BHvDGJkf5FWmID/view?usp=drive_link,https://drive.google.com/file/d/1N9yCGMIh7bcwU5WDidMNm3QIzBLXMDL5/view?usp=drive_link
2043,องค์การบริหารส่วนตำบล,เหล่าโพนค้อ,เหล่าโพนค้อ,โคกศรีสุพรรณ,สกลนคร,"5,988.98",2548,สจป.6 สาขานครพนม,องค์การบริหารส่วนตำบลเหล่าโพนค้อ,17.01239,104.3280575,50,,https://drive.google.com/file/d/1CDjnBTvW0O5TgplonNXrMJdLH1HtyMvv/view?usp=drive_link,https://drive.google.com/file/d/1U-6rXgqGH9tVtlQ0HCqelHObr3t5lItO/view?usp=drive_link
2044,องค์การบริหารส่วนตำบล,เจริญศิลป์,เจริญศิลป์,เจริญศิลป์,สกลนคร,466.35,2554,สจป.6 สาขานครพนม,องค์การบริหารส่วนตำบลเจริญศิลป์,17.5615433,103.5736801,50,https://drive.google.com/file/d/19ySPMeNgOVJZKB_jHfhexx-6vhTuFxeG/view?usp=drive_link,,
2045,องค์การบริหารส่วนตำบล,ทุ่งแก,ทุ่งแก,เจริญศิลป์,สกลนคร,"12,111.30",2549,สจป.6 สาขานครพนม,องค์การบริหารส่วนตำบลทุ่งแก,17.57171782,103.5276635,50,,https://drive.google.com/file/d/1zwC-OIARtuqxYtwiPY_-W55SO-svJQqD/view?usp=drive_link,https://drive.google.com/file/d/1SzHb1p8ov4r5udIkSzfH7LFzqRLUFFbi/view?usp=drive_link
2046,องค์การบริหารส่วนตำบล,บ้านเหล่า,บ้านเหล่า,เจริญศิลป์,สกลนคร,"20,987.27",2554,สจป.6 สาขานครพนม,องค์การบริหารส่วนตำบลบ้านเหล่า,17.6721777,103.5197589,50,https://drive.google.com/file/d/1KeOdhUNUOYjgTyNnrBcHEQkov4K9h3cV/view?usp=drive_link,,
2047,องค์การบริหารส่วนตำบล,หนองแปน,หนองแปน,เจริญศิลป์,สกลนคร,"2,121.04",2549,สจป.6 สาขานครพนม,องค์การบริหารส่วนตำบลหนองแปน,17.7027474,103.4349642,45,,https://drive.google.com/file/d/17PGrcxgNq-dmpQupsQ7y3lpsdhoS1ZlH/view?usp=drive_link,https://drive.google.com/file/d/1rfaewozpltfK0Uy3woZU0BLBehh_KTqV/view?usp=drive_link
2048,องค์การบริหารส่วนตำบล,นาตาล,นาตาล,เต่างอย,สกลนคร,"15,178.96",2550,สจป.6 สาขานครพนม,องค์การบริหารส่วนตำบลนาตาล,16.94308286,104.1322482,50,,https://drive.google.com/file/d/1kEg0ovxQas-fKixLzTGaHNYEAbM6P4X4/view?usp=drive_link,https://drive.google.com/file/d/1i5QtJPXKm5Cv5EXtn3WT6O97-v3iM6y7/view?usp=drive_link
2049,องค์การบริหารส่วนตำบล,นิคมน้ำอูน,นิคมน้ำอูน,นิคมน้ำอูน,สกลนคร,"2,275.61",2549,สจป.6 สาขานครพนม,องค์การบริหารส่วนตำบลนิคมน้ำอูน,17.2033374,103.6869438,45,,https://drive.google.com/file/d/1CwYfh7BbaRvKC8f6duogkur0P4eMEB2R/view?usp=drive_link,https://drive.google.com/file/d/1b_p4iVDnv1JDT69QGUXGuJEVQdrXusHw/view?usp=drive_link
2050,องค์การบริหารส่วนตำบล,หนองบัว,หนองบัว,นิคมน้ำอูน,สกลนคร,"6,614.78",2550,สจป.6 สาขานครพนม,องค์การบริหารส่วนตำบลหนองบัว,17.1638133,103.8367169,50,,https://drive.google.com/file/d/1jgm9o373kCMienHtDoUCZgTKdnlY-1N0/view?usp=drive_link,https://drive.google.com/file/d/1lt0Y_pQpNrYM3kS17__mSMq6hZT2ntbr/view?usp=drive_link
2051,องค์การบริหารส่วนตำบล,หนองปลิง,หนองปลิง,นิคมน้ำอูน,สกลนคร,"8,558.04",2549,สจป.6 สาขานครพนม,องค์การบริหารส่วนตำบลหนองปลิง,17.1823503,103.7200685,45,,https://drive.google.com/file/d/1uIe6XpKXI5G3G4xlUvSksXocbeBQvET1/view?usp=drive_link,https://drive.google.com/file/d/1w9gwuP9Hz8o8I_maTFo59yXSJByDIvcu/view?usp=drive_link
2052,องค์การบริหารส่วนตำบล,ดงหม้อทอง,ดงหม้อทอง,บ้านม่วง,สกลนคร,232.44,2554,สจป.6 สาขานครพนม,องค์การบริหารส่วนตำบลดงหม้อทอง,17.99710107,103.5170835,45,https://drive.google.com/file/d/1UxrmD6803AKGamqUYzqVQiGboFRtXD5p/view?usp=drive_link,,
2053,องค์การบริหารส่วนตำบล,ดงหม้อทองใต้,ดงหม้อทองใต้,บ้านม่วง,สกลนคร,808.6,2554,สจป.6 สาขานครพนม,องค์การบริหารส่วนตำบลดงหม้อทองใต้,17.918528,103.483009,45,https://drive.google.com/file/d/1wv_n0TlOyczbiLTAhgIx7ts4vw3nmch5/view?usp=drive_link,,
2054,องค์การบริหารส่วนตำบล,ดงเหนือ,ดงเหนือ,บ้านม่วง,สกลนคร,497.15,2549,สจป.6 สาขานครพนม,องค์การบริหารส่วนตำบลดงเหนือ,17.9880476,103.5666898,45,,https://drive.google.com/file/d/1KRKkTJ3KAknKUlt928MsxbFUz1Zbk7q-/view?usp=drive_link,https://drive.google.com/file/d/1PKtH2frzQOj3KjGcJdBux05L5cVrrsBW/view?usp=drive_link
2055,องค์การบริหารส่วนตำบล,ม่วง,ม่วง,บ้านม่วง,สกลนคร,0,2554,สจป.6 สาขานครพนม,องค์การบริหารส่วนตำบลม่วง,17.8810006,103.5598452,0,https://drive.google.com/file/d/1B0cHVMS0b9Usfbl_URz0iqpOIGJ_D_rz/view?usp=drive_link,,
2056,องค์การบริหารส่วนตำบล,มาย,มาย,บ้านม่วง,สกลนคร,"6,521.60",2554,สจป.6 สาขานครพนม,องค์การบริหารส่วนตำบลมาย,17.8642804,103.5046341,50,https://drive.google.com/file/d/1tFp9nzkR4tMZZZ0Ep70Wh097o4PGdDMi/view?usp=drive_link,,
2057,เทศบาลตำบล,นาใน,นาใน,พรรณานิคม,สกลนคร,"12,538.51",2550,สจป.6 สาขานครพนม,เทศบาลตำบลนาใน,17.1757451,103.853725,45,,https://drive.google.com/file/d/1xSJWO9ooPvz9RWE3vy5txnY0fp3iXX8d/view?usp=drive_link,https://drive.google.com/file/d/1zScd9kge6xpl16IG2G4VmF7P9vTBch96/view?usp=drive_link
2058,เทศบาลตำบล,นาหัวบ่อ,นาหัวบ่อ,พรรณานิคม,สกลนคร,"2,834.53",2550,สจป.6 สาขานครพนม,เทศบาลตำบลนาหัวบ่อ,17.275058,103.9691284,50,,https://drive.google.com/file/d/1LAoFVys3ZDU13s_LXYhBCeCrmfLH5-av/view?usp=drive_link,https://drive.google.com/file/d/1h_kWr-e2UNRi8jpeTXuZLazmf_1nnTdi/view?usp=drive_link
2059,เทศบาลตำบล,ไร่,ไร่,พรรณานิคม,สกลนคร,"15,272.92",2550,สจป.6 สาขานครพนม,เทศบาลตำบลไร่,17.3022281,103.8760942,50,,https://drive.google.com/file/d/1sQI_4I1BtsbRAKMX2iIAqYFUdBL6LGIb/view?usp=drive_link,https://drive.google.com/file/d/1WLft8sSU_M0T5rUliPyQ0V3aS7CX0_As/view?usp=drive_link
2060,เทศบาลตำบล,พังโคน,พังโคน,พังโคน,สกลนคร,59.28,2550,สจป.6 สาขานครพนม,เทศบาลตำบลพังโคน,17.39268421,103.7084471,0,,https://drive.google.com/file/d/1_cquaAj5v04fwOf8xC8wtKgis3YNpwVe/view?usp=drive_link,https://drive.google.com/file/d/1oWWdLS7yEbXs_-5UjvLkQuJ3BAWSNrrK/view?usp=drive_link
2061,เทศบาลตำบล,บ้านโพน,บ้านโพน,โพนนาแก้ว,สกลนคร,934.95,2554,สจป.6 สาขานครพนม,เทศบาลตำบลบ้านโพน,17.17187276,104.3280387,50,https://drive.google.com/file/d/1oae_r6aEGiTHZsc04R8lUTyygByfLmAs/view?usp=drive_link,,
2062,องค์การบริหารส่วนตำบล,กกปลาซิว,กกปลาซิว,ภูพาน,สกลนคร,"48,906.72",2548,สจป.6 สาขานครพนม,องค์การบริหารส่วนตำบลกกปลาซิว,16.98981543,104.0631866,55,,https://drive.google.com/file/d/1s4uudGbCDZgIdegOSfvYCfrG3oYW1UYN/view?usp=drive_link,https://drive.google.com/file/d/14ylgoCIlM-iXlr-v4rktc7UzXyRt9dq8/view?usp=drive_link
2063,เทศบาลตำบล,โคกภู,โคกภู,ภูพาน,สกลนคร,"17,921.83",2549,สจป.6 สาขานครพนม,เทศบาลตำบลโคกภู,17.00717555,103.9165664,50,,https://drive.google.com/file/d/1fKb8x9zBWMIoj30V8496nXIp1PgNgPP0/view?usp=drive_link,
2064,เทศบาลตำบล,สร้างค้อ,สร้างค้อ,ภูพาน,สกลนคร,"11,176.77",2548,สจป.6 สาขานครพนม,เทศบาลตำบลสร้างค้อ,16.901213,103.921263,50,https://drive.google.com/file/d/1WktVE5hDyHUQi8KLjVUs_I0WdKN2_EI8/view?usp=drive_link,https://drive.google.com/file/d/1SxaV14K6HhZzE9FWUGG2gaW_e_1ljvee/view?usp=drive_link,https://drive.google.com/file/d/1WgSygCJ6ZToZGqLc8MxQ7TNuxd8o8gbm/view?usp=drive_link
2065,องค์การบริหารส่วนตำบล,หลุบเลา,หลุบเลา,ภูพาน,สกลนคร,"26,564.74",2548,สจป.6 สาขานครพนม,องค์การบริหารส่วนตำบลหลุบเลา,16.9051234,103.9744846,50,,https://drive.google.com/file/d/1wGAIa-Pt1OAjbw9m_KrTcCunGY2Q-w4O/view?usp=drive_link,https://drive.google.com/file/d/1A7mwL1uOr4ztZ__RoDtwa7sVCdfJDgZ6/view?usp=drive_link
2066,องค์การบริหารส่วนตำบล,ขมิ้น,ขมิ้น,เมืองสกลนคร,สกลนคร,"3,337.70",2550,สจป.6 สาขานครพนม,องค์การบริหารส่วนตำบลขมิ้น,17.2759217,104.0104638,50,,https://drive.google.com/file/d/1qK9PgyAz-JcC--DFiHNvI13n0dzNLbHY/view?usp=drive_link,https://drive.google.com/file/d/1m3SDG1JbD_xE-JDyRSF69uw0LchFAl1G/view?usp=drive_link
2067,องค์การบริหารส่วนตำบล,ดงมะไฟ,ดงมะไฟ,เมืองสกลนคร,สกลนคร,"2,860.71",2550,สจป.6 สาขานครพนม,องค์การบริหารส่วนตำบลดงมะไฟ,17.0888658,104.1037776,50,,https://drive.google.com/file/d/1JAsXAt8zzrWPBU0dL_YQ7AP3BYqxJJpc/view?usp=drive_link,https://drive.google.com/file/d/1Jbnh_cC38Zk7YsXByR5_wLFQkLiYi_TO/view?usp=drive_link
2068,องค์การบริหารส่วนตำบล,ห้วยยาง,ห้วยยาง,เมืองสกลนคร,สกลนคร,"24,045.86",2550,สจป.6 สาขานครพนม,องค์การบริหารส่วนตำบลห้วยยาง,17.1251466,104.0590853,50,,https://drive.google.com/file/d/1jwLwTaaQHvWdDclepkNKiO1RvRnu4jwP/view?usp=drive_link,https://drive.google.com/file/d/1o9QyOpsgG9st-mZleGvuQ5tWLczQVGUf/view?usp=drive_link
2069,องค์การบริหารส่วนตำบล,ขัวก่าย,ขัวก่าย,วานรนิวาส,สกลนคร,"1,377.94",2549,สจป.6 สาขานครพนม,องค์การบริหารส่วนตำบลขัวก่าย,17.6007802,103.8055626,45,,https://drive.google.com/file/d/1bAF0rpFeFD619sgBueluy3DpO1Pdj2Pa/view?usp=drive_link,https://drive.google.com/file/d/1EdxRdVqJlfD9mjkUdxJA-8OduxZDhs40/view?usp=drive_link
2070,เทศบาลตำบล,คูสะคาม,คูสะคาม,วานรนิวาส,สกลนคร,"3,278.12",2554,สจป.6 สาขานครพนม,เทศบาลตำบลคูสะคาม,17.74508982,103.5797882,50,https://drive.google.com/file/d/1r4zkxq2qkELnXFfxHaclWRwQzs62lesN/view?usp=drive_link,,
2071,องค์การบริหารส่วนตำบล,ธาตุ,ธาตุ,วานรนิวาส,สกลนคร,"14,271.03",2550,สจป.6 สาขานครพนม,องค์การบริหารส่วนตำบลธาตุ,17.6182111,103.6539285,50,,https://drive.google.com/file/d/1M6a3S7vMdv4WiWKv1orjSzXMqSZztyhF/view?usp=drive_link,https://drive.google.com/file/d/1g6osHLzMdcuPeTgR6sWv3scVrIN72dMe/view?usp=drive_link
2072,เทศบาลตำบล,นาซอ,นาซอ,วานรนิวาส,สกลนคร,"13,216.60",2549,สจป.6 สาขานครพนม,เทศบาลตำบลนาซอ,17.6472453,103.8432721,50,,https://drive.google.com/file/d/1lUiLdpYaRm14Ls7UsvhE3lUjLDJf1745/view?usp=drive_link,https://drive.google.com/file/d/1cLrpcjbjkRKWVQRPRpg16TlZKad-_W7N/view?usp=drive_link
2073,เทศบาลตำบล,หนองแวง,หนองแวง,วานรนิวาส,สกลนคร,329.61,2550,สจป.6 สาขานครพนม,เทศบาลตำบลหนองแวง,17.7704664,103.7181735,45,,https://drive.google.com/file/d/1pJKok0AtCr5b1DSYJSsLKEXing0VW-5U/view?usp=drive_link,https://drive.google.com/file/d/1kXhvgn5yjEtu_ELKslnYHR18ILB_KeYc/view?usp=drive_link
2074,องค์การบริหารส่วนตำบล,ค้อเขียว,ค้อเขียว,วาริชภูมิ,สกลนคร,258.95,2554,สจป.6 สาขานครพนม,องค์การบริหารส่วนตำบลค้อเขียว,17.29204996,103.542767,45,https://drive.google.com/file/d/1vg-GW4D7-UPxRJAmOd15IPvz7LAjInoB/view?usp=drive_link,,
2075,เทศบาลตำบล,คำบ่อ,คำบ่อ,วาริชภูมิ,สกลนคร,"2,080.44",2549,สจป.6 สาขานครพนม,เทศบาลตำบลคำบ่อ,17.2477659,103.5635038,45,,https://drive.google.com/file/d/1sc4nm3fwm8Hanbba29WuOLpjFgJjcb9p/view?usp=drive_link,https://drive.google.com/file/d/1qJJenjk0uLzfS0JK1UZt4BhBKNP1u9xz/view?usp=drive_link
2076,เทศบาลตำบล,ปลาโหล,ปลาโหล,วาริชภูมิ,สกลนคร,508.44,2548,สจป.6 สาขานครพนม,เทศบาลตำบลปลาโหล,17.3334139,103.6709042,45,,https://drive.google.com/file/d/1ZLiCxHK6ajJHrFo1w18uuq-nB3PK2jjU/view?usp=drive_link,https://drive.google.com/file/d/1GMy5VGF0v5IV9Uu74DW25qMGokBVFOxd/view?usp=drive_link
2077,องค์การบริหารส่วนตำบล,วาริชภูมิ,วาริชภูมิ,วาริชภูมิ,สกลนคร,"2,135.84",2548,สจป.6 สาขานครพนม,องค์การบริหารส่วนตำบลวาริชภูมิ,17.24180951,103.6484528,45,,https://drive.google.com/file/d/1qPPS95FcOoU5ae-yeyuPubxRZkVCysb1/view?usp=drive_link,https://drive.google.com/file/d/17zoKFFu_LvK1QZw-2ouBNcZ-hzPkabtB/view?usp=drive_link
2078,องค์การบริหารส่วนตำบล,คำสะอาด,คำสะอาด,สว่างแดนดิน,สกลนคร,"1,163.75",2549,สจป.6 สาขานครพนม,องค์การบริหารส่วนตำบลคำสะอาด,17.48287925,103.3484638,45,,https://drive.google.com/file/d/1I_8xhQH4DeHq1SRDjAQn99yarK20tYQo/view?usp=drive_link,https://drive.google.com/file/d/14Tkyetnl_0RQAutDJZxcpZMhd48xUtBT/view?usp=drive_link
2079,เทศบาลตำบล,โคกสี,โคกสี,สว่างแดนดิน,สกลนคร,"3,148.84",2549,สจป.6 สาขานครพนม,เทศบาลตำบลโคกสี,17.6156075,103.4273848,50,,https://drive.google.com/file/d/1IDjcGs2ZBJKzrt3-VtR28Sg99iR3YLoc/view?usp=drive_link,https://drive.google.com/file/d/1FYETWIqXmjPfLWqOhewPtAxQweplAyTW/view?usp=drive_link
2080,องค์การบริหารส่วนตำบล,บงเหนือ,บงเหนือ,สว่างแดนดิน,สกลนคร,825.72,2550,สจป.6 สาขานครพนม,องค์การบริหารส่วนตำบลบงเหนือ,17.3516982,103.2884835,45,,https://drive.google.com/file/d/1JttlID_bRCXIadpsBSpJouGNwKNW51Cl/view?usp=drive_link,https://drive.google.com/file/d/1jE_xcP_Y-90ZoHqKxDVdOZ9_xN4u9OZ1/view?usp=drive_link
2081,เทศบาลตำบล,บ้านต้าย,บ้านต้าย,สว่างแดนดิน,สกลนคร,324.39,2548,สจป.6 สาขานครพนม,เทศบาลตำบลบ้านต้าย,17.4332297,103.4051404,45,,https://drive.google.com/file/d/1SQnnWyXV_VAooXTeMyn8ILbzcFYuNVeC/view?usp=drive_link,https://drive.google.com/file/d/1VVN-wNdT7eMXp9bZzrZdOQYvA8O0P6sL/view?usp=drive_link
2082,องค์การบริหารส่วนตำบล,โพนสูง,โพนสูง,สว่างแดนดิน,สกลนคร,"1,255.33",2550,สจป.6 สาขานครพนม,องค์การบริหารส่วนตำบลโพนสูง,17.5546118,103.40561,45,,https://drive.google.com/file/d/1h6naNsKPwbIza_CsJL8aiiGQlNag0Bg1/view?usp=drive_link,https://drive.google.com/file/d/1W2oKRM0iCq0ziaUN6T6bm-TrDLa9By_S/view?usp=drive_link
2083,เทศบาลเมือง,สว่างแดนดิน,สว่างแดนดิน,สว่างแดนดิน,สกลนคร,532.45,2548,สจป.6 สาขานครพนม,เทศบาลเมืองสว่างแดนดิน,17.46508589,103.4287576,45,,https://drive.google.com/file/d/13EVVnu9x4fzGw_tQYsh0MYI1sXC5C86A/view?usp=drive_link,https://drive.google.com/file/d/1t26DFif3Xi_XV7JV3KrQyk_eSnF3s0A6/view?usp=drive_link
2084,เทศบาลตำบล,หนองหลวง,หนองหลวง,สว่างแดนดิน,สกลนคร,27.78,2548,สจป.6 สาขานครพนม,เทศบาลตำบลหนองหลวง,17.404547,103.3860975,0,,https://drive.google.com/file/d/1rkQMTFu9PU-tV69JdhwlPK5f6CWoFnW0/view?usp=drive_link,https://drive.google.com/file/d/1id1Bj1o9_ddSkOz637t0-9Q4gVpv--kE/view?usp=drive_link
2085,เทศบาลตำบล,ท่าศิลา,ท่าศิลา,ส่องดาว,สกลนคร,"18,113.79",2550,สจป.6 สาขานครพนม,เทศบาลตำบลท่าศิลา,17.2511321,103.3695137,50,,https://drive.google.com/file/d/1mgJqX0LMpJ2wDrb7vC33J6YEYg1MZZZB/view?usp=drive_link,https://drive.google.com/file/d/1KQSA-niZNxqjlsiZAsOrxD40aSlYjSGD/view?usp=drive_link
2086,เทศบาลตำบล,ปทุมวาปี,ปทุมวาปี,ส่องดาว,สกลนคร,"5,697.00",2554,สจป.6 สาขานครพนม,เทศบาลตำบลปทุมวาปี,17.31422158,103.4701214,45,https://drive.google.com/file/d/1FZ1rejylogHd-jCtO4j-NaDpKrA_Aebr/view?usp=drive_link,,
2087,เทศบาลตำบล,วัฒนา,วัฒนา,ส่องดาว,สกลนคร,"8,174.57",2548,สจป.6 สาขานครพนม,เทศบาลตำบลวัฒนา,17.3636459,103.5490779,50,,https://drive.google.com/file/d/1HuwIIYuKsXafPnVjjDNs26KbDJgAiAfo/view?usp=drive_link,https://drive.google.com/file/d/1rVv2Zqvo7XzolQtKeNVxcK9Zs9XGZego/view?usp=drive_link
2088,เทศบาลตำบล,ส่องดาวหนองแดง,ส่องดาว,ส่องดาว,สกลนคร,"11,528.82",2549,สจป.6 สาขานครพนม,เทศบาลตำบลส่องดาวหนองแดง,17.3246788,103.4573494,50,,https://drive.google.com/file/d/1ZZlv3n5F77kZw3hY7aMotX_2SfeqBXKT/view?usp=drive_link,https://drive.google.com/file/d/13JMhCruKzTxPRNdT0SyWip5H61NQrdow/view?usp=drive_link
2089,เทศบาลตำบล,ท่าก้อน,ท่าก้อน,อากาศอำนวย,สกลนคร,"5,379.12",2549,สจป.6 สาขานครพนม,เทศบาลตำบลท่าก้อน,17.7680966,103.9628704,50,,https://drive.google.com/file/d/19YtUxlpFwPyElqHxI77aBUTrEeE5VSpp/view?usp=drive_link,https://drive.google.com/file/d/1sd3YIlxwnUBVMOW2El1Er9GgNo3zczIf/view?usp=drive_link
2090,องค์การบริหารส่วนตำบล,นาฮี,นาฮี,อากาศอำนวย,สกลนคร,"3,521.84",2550,สจป.6 สาขานครพนม,องค์การบริหารส่วนตำบลนาฮี,17.71872446,103.9230922,50,,https://drive.google.com/file/d/1Jo23CjurLSO6w4R7VfKLprtFLcxuG9j1/view?usp=drive_link,https://drive.google.com/file/d/1_-1PgfrZJCEXctKPW_9av3to30Jls--v/view?usp=drive_link
2091,เทศบาลตำบล,วาใหญ่,วาใหญ่,อากาศอำนวย,สกลนคร,592.71,2549,สจป.6 สาขานครพนม,เทศบาลตำบลวาใหญ่,17.63593616,103.9412466,50,,https://drive.google.com/file/d/1d71UDRuiLe_N7vSgZHkJd9X0V1wsZnBt/view?usp=drive_link,https://drive.google.com/file/d/1PtBRWdn2Kg3qde4OncRxxQa_i3JWk4jI/view?usp=drive_link
2092,องค์การบริหารส่วนตำบล,คลองหลา,คลองหลา,คลองหอยโข่ง,สงขลา,"7,627.80",2550,สจป.13 สงขลา,องค์การบริหารส่วนตำบลคลองหลา,6.8977525,100.3693047,0,https://drive.google.com/file/d/1ZvnszPlOvc4aEu-0EhtrOwhVbCpPOQ3c/view?usp=drive_link,https://drive.google.com/file/d/1U2qlXkiUChMaTDCIw89OWz9cVxMSI4Lj/view?usp=drive_link,https://drive.google.com/file/d/14oeLY3Div0J7BuPD6pme5Miu2QeaYycN/view?usp=drive_link
2093,องค์การบริหารส่วนตำบล,คลองหอยโข่ง,คลองหอยโข่ง,คลองหอยโข่ง,สงขลา,"19,793.80",2555,สจป.13 สงขลา,องค์การบริหารส่วนตำบลคลองหอยโข่ง,6.86829798,100.3710455,5,,,
2094,เทศบาลตำบล,โคกม่วง,โคกม่วง,คลองหอยโข่ง,สงขลา,"2,846.38",2555,สจป.13 สงขลา,เทศบาลตำบลโคกม่วง,6.9011607,100.4174724,0,https://drive.google.com/file/d/1enSzUwsJOwVndiLEXLShj0hPFfd3bu1a/view?usp=drive_link,,
2095,องค์การบริหารส่วนตำบล,ควนโส,ควนโส,ควนเนียง,สงขลา,"7,846.46",2549,สจป.13 สงขลา,องค์การบริหารส่วนตำบลควนโส,7.2335569,100.3696979,50,,https://drive.google.com/file/d/1KX7HMbhJoOyCBC_wyuE7y936dAt0j63s/view?usp=drive_link,https://drive.google.com/file/d/1MYw7mNYRyYm43jrUBMeUFlmvzbtqrJOy/view?usp=drive_link
2096,เทศบาลตำบล,บางเหรียง,บางเหรียง,ควนเนียง,สงขลา,3.09,2555,สจป.13 สงขลา,เทศบาลตำบลบางเหรียง,7.139450177,100.401742,0,https://drive.google.com/file/d/1RrKje-dRoN0H7bVuRuZV77R_Y46UPGrd/view?usp=drive_link,,
2097,องค์การบริหารส่วนตำบล,รัตภูมิ,รัตภูมิ,ควนเนียง,สงขลา,306.54,2555,สจป.13 สงขลา,องค์การบริหารส่วนตำบลรัตภูมิ,7.204947,100.348581,0,https://drive.google.com/file/d/1OxCva2GaXc4Gjt3ayscFtbnyKloarnkB/view?usp=drive_link,,
2098,องค์การบริหารส่วนตำบล,ห้วยลึก,ห้วยลึก,ควนเนียง,สงขลา,"6,642.34",2549,สจป.13 สงขลา,องค์การบริหารส่วนตำบลห้วยลึก,7.2618328,100.3583028,0,,https://drive.google.com/file/d/1eCz5Op5WX0Xb5xr9L7AyJSR6s5QANBKx/view?usp=drive_link,https://drive.google.com/file/d/1k2dQidUK0aZV2-yqz4m5Q5oloCHl_J-s/view?usp=drive_link
2099,องค์การบริหารส่วนตำบล,คลองเปียะ,คลองเปียะ,จะนะ,สงขลา,0,2555,สจป.13 สงขลา,องค์การบริหารส่วนตำบลคลองเปียะ,6.972456209,100.6683576,0,https://drive.google.com/file/d/1Z5VSqqH_TuFV4GHq21nAgQ08jY9qI4Yg/view?usp=drive_link,,
2100,องค์การบริหารส่วนตำบล,แค,แค,จะนะ,สงขลา,283.93,2549,สจป.13 สงขลา,องค์การบริหารส่วนตำบลแค,6.819611249,100.6693554,0,,https://drive.google.com/file/d/1zUIS363ZHg-wW16jRajP919AwkrPxC3n/view?usp=drive_link,https://drive.google.com/file/d/1vSIISPhqeqJ67ntzZF1gdDL0jppsTixs/view?usp=drive_link
2101,องค์การบริหารส่วนตำบล,จะโหนง,จะโหนง,จะนะ,สงขลา,"1,202.66",2555,สจป.13 สงขลา,องค์การบริหารส่วนตำบลจะโหนง,7.006551978,100.6713422,0,https://drive.google.com/file/d/1VhhACSYPEwdLBis_hnXX4MFf_tkVRz3J/view?usp=drive_link,,
2102,องค์การบริหารส่วนตำบล,ท่าหมอไทร,ท่าหมอไทร,จะนะ,สงขลา,"4,172.81",2549,สจป.13 สงขลา,องค์การบริหารส่วนตำบลท่าหมอไทร,6.798816281,100.7380682,0,,https://drive.google.com/file/d/1TvfZYXipLKA9v2blu_L6JP9K1IZ2fQYd/view?usp=drive_link,https://drive.google.com/file/d/177nyMAXGIb_m7XArEKrfMq8bg25JpEY-/view?usp=drive_link
2103,องค์การบริหารส่วนตำบล,นาหว้า,นาหว้า,จะนะ,สงขลา,0,2550,สจป.13 สงขลา,องค์การบริหารส่วนตำบลนาหว้า,6.9062147,100.6881846,0,,https://drive.google.com/file/d/130VzI9ZiaIyeFF9hRSDg_mBU-_w4Z1Cc/view?usp=drive_link,https://drive.google.com/file/d/1cMFSt27MFPJPgpNoXClNVAkrm5o_2U2-/view?usp=drive_link
2104,องค์การบริหารส่วนตำบล,น้ำขาว,น้ำขาว,จะนะ,สงขลา,0,2549,สจป.13 สงขลา,องค์การบริหารส่วนตำบลน้ำขาว,6.7978057,100.6700485,0,,https://drive.google.com/file/d/1TRBI8KHPWVD25ISycJJvdkzg_hCpIYe7/view?usp=drive_link,https://drive.google.com/file/d/1NiFA8kvCR2fgVFGqH0Ke7SH01cBnQhdY/view?usp=drive_link
2105,องค์การบริหารส่วนตำบล,สะพานไม้แก่น,สะพานไม้แก่น,จะนะ,สงขลา,"1,590.56",2555,สจป.13 สงขลา,องค์การบริหารส่วนตำบลสะพานไม้แก่น,6.8390364,100.7906519,0,https://drive.google.com/file/d/199GUyakV_6YdJq7Hg4O0LPvfXDjszN5Q/view?usp=drive_link,,
2106,องค์การบริหารส่วนตำบล,เกาะสะบ้า,เกาะสะบ้า,เทพา,สงขลา,"6,323.89",2555,สจป.13 สงขลา,องค์การบริหารส่วนตำบลเกาะสะบ้า,6.882800242,100.893631,0,https://drive.google.com/file/d/1XRHP4Jsg_TodG6b15Da1ZLbvmx2WSjOy/view?usp=drive_link,,
2107,องค์การบริหารส่วนตำบล,เทพา,เทพา,เทพา,สงขลา,735.04,2550,สจป.13 สงขลา,องค์การบริหารส่วนตำบลเทพา,6.8460817,100.9517597,0,,https://drive.google.com/file/d/16AWeJD6JtsNiPLoo8_lKTw2UL-2CEqdR/view?usp=drive_link,https://drive.google.com/file/d/1OTsbONMKMnJ5wiXvyprmHPlKOKQF1wN7/view?usp=drive_link
2108,องค์การบริหารส่วนตำบล,ปากบาง,ปากบาง,เทพา,สงขลา,"1,332.51",2555,สจป.13 สงขลา,องค์การบริหารส่วนตำบลปากบาง,6.8450904,100.9896282,0,https://drive.google.com/file/d/1VUbE23N9cy5Z8R3-Ef4Qe6caI8ahhDPe/view?usp=drive_link,,
2109,เทศบาลตำบล,ลำไพล,ลำไพล,เทพา,สงขลา,"8,078.41",2555,สจป.13 สงขลา,เทศบาลตำบลลำไพล,6.7369298,100.9316894,0,https://drive.google.com/file/d/1hzSQzze6JYsL8ito6deXOplMkgOKMkQT/view?usp=drive_link,,
2110,องค์การบริหารส่วนตำบล,วังใหญ่,วังใหญ่,เทพา,สงขลา,"13,564.16",2549,สจป.13 สงขลา,องค์การบริหารส่วนตำบลวังใหญ่,6.7419118,100.8693289,5,,https://drive.google.com/file/d/1MWq6n87kTEaV2zWZOOHiWCLzGOxRURLx/view?usp=drive_link,https://drive.google.com/file/d/1yTuIE-ndxZoj5_o0mD8KlzgIocAtrjJw/view?usp=drive_link
2111,องค์การบริหารส่วนตำบล,สะกอม,สะกอม,เทพา,สงขลา,"5,452.45",2555,สจป.13 สงขลา,องค์การบริหารส่วนตำบลสะกอม,6.9376161,100.7910309,0,https://drive.google.com/file/d/1JcgmnA4hq102N7Y_hWHU6hHLAjBLeHqV/view?usp=drive_link,,
2112,องค์การบริหารส่วนตำบล,คลองกวาง,คลองกวาง,นาทวี,สงขลา,"7,352.09",2555,สจป.13 สงขลา,องค์การบริหารส่วนตำบลคลองกวาง,6.6460431,100.6137745,0,https://drive.google.com/file/d/1ubttBMXB5964Qxwwrox-7JsjgFOBYXBO/view?usp=drive_link,,
2113,องค์การบริหารส่วนตำบล,คลองทราย,คลองทราย,นาทวี,สงขลา,"19,385.10",2549,สจป.13 สงขลา,องค์การบริหารส่วนตำบลคลองทราย,6.7458423,100.667611,5,,https://drive.google.com/file/d/1noOVbexqRM6MP5UDmizGni_YWoWcp0hQ/view?usp=drive_link,https://drive.google.com/file/d/139AWAJMWMVn8jYK34sBIkAwCvWAQEQlW/view?usp=drive_link
2114,เทศบาลตำบล,นาทวี,นาทวี,นาทวี,สงขลา,"23,992.42",2549,สจป.13 สงขลา,เทศบาลตำบลนาทวี,6.7254707,100.6940074,0,,https://drive.google.com/file/d/1_Gan2CGLUuzho4pzT9rQA3t3QgiAJcQB/view?usp=drive_link,https://drive.google.com/file/d/1DyuntE0d0_JyTqPCuZzeFtoaa3fSIf-v/view?usp=drive_link
2115,องค์การบริหารส่วนตำบล,ประกอบ,ประกอบ,นาทวี,สงขลา,"4,682.31",2555,สจป.13 สงขลา,องค์การบริหารส่วนตำบลประกอบ,6.5004873,100.6888668,0,https://drive.google.com/file/d/1WAJ06hsZlJcbaEymO4lwtgfSWd7_VCGi/view?usp=drive_link,,
2116,องค์การบริหารส่วนตำบล,คลองหรัง,คลองหรัง,นาหม่อม,สงขลา,"2,929.77",2549,สจป.13 สงขลา,องค์การบริหารส่วนตำบลคลองหรัง,6.9450149,100.5732992,0,,https://drive.google.com/file/d/1Hstr3SQijFos8GTB85ueNJV5NNiToaYM/view?usp=drive_link,https://drive.google.com/file/d/1yxe8THnQtoLDQsp45v3-7b6-H9nC6CA-/view?usp=drive_link
2117,องค์การบริหารส่วนตำบล,พิจิตร,พิจิตร,นาหม่อม,สงขลา,493.56,2550,สจป.13 สงขลา,องค์การบริหารส่วนตำบลพิจิตร,6.9888703,100.5729547,0,,https://drive.google.com/file/d/15P1GrdtUIa0izfCxkeBEfsE6HuMMzTr1/view?usp=drive_link,https://drive.google.com/file/d/1zuf_huNLt-u7q2W0Cyk7JdkDvIlGZlli/view?usp=drive_link
2118,เทศบาลเมือง,กำแพงเพชร,กำแพงเพชร,รัตภูมิ,สงขลา,"1,188.00",2555,สจป.13 สงขลา,เทศบาลเมืองกำแพงเพชร,7.1337538,100.2642537,0,https://drive.google.com/file/d/1qaGkt7snvM_MS-MkQPkY2AkBgpE9zNSk/view?usp=drive_link,,
2119,องค์การบริหารส่วนตำบล,เขาพระ,เขาพระ,รัตภูมิ,สงขลา,"20,231.08",2555,สจป.13 สงขลา,องค์การบริหารส่วนตำบลเขาพระ,7.0799755,100.1883494,0,https://drive.google.com/file/d/1o7fqSxZSmviq4z-wrhtnL9Tq4h7ytJNQ/view?usp=drive_link,,
2120,องค์การบริหารส่วนตำบล,ควนรู,ควนรู,รัตภูมิ,สงขลา,"1,092.59",2550,สจป.13 สงขลา,องค์การบริหารส่วนตำบลควนรู,7.1872949,100.3164731,0,,https://drive.google.com/file/d/1_MqPCqiumUuBBUVGVe_Xi-X6nw-sW-ZZ/view?usp=drive_link,https://drive.google.com/file/d/1-7T3xjceBHTwbGfs3l2gm0OJEbeUgNux/view?usp=drive_link
2121,องค์การบริหารส่วนตำบล,ท่าชะมวง,ท่าชะมวง,รัตภูมิ,สงขลา,"7,599.13",2556,สจป.13 สงขลา,องค์การบริหารส่วนตำบลท่าชะมวง,7.1244819,100.2241969,5,https://drive.google.com/file/d/1JrSmtnQJxusay9P9CkqJlVM-rFBi2lXz/view?usp=drive_link,,
2122,องค์การบริหารส่วนตำบล,เขามีเกียรติ,เขามีเกียรติ,สะเดา,สงขลา,"12,144.02",2555,สจป.13 สงขลา,องค์การบริหารส่วนตำบลเขามีเกียรติ,6.7688347,100.5037703,0,https://drive.google.com/file/d/10PjZN0SfLyhPmdfamSmwLvNGujgPkOwa/view?usp=drive_link,,
2123,องค์การบริหารส่วนตำบล,ท่าโพธิ์,ท่าโพธิ์,สะเดา,สงขลา,"2,369.44",2555,สจป.13 สงขลา,องค์การบริหารส่วนตำบลท่าโพธิ์,6.7901753,100.4082422,0,https://drive.google.com/file/d/1ppjzQpI468V9PP4QcJo0G65PCEYdepK5/view?usp=drive_link,,
2124,องค์การบริหารส่วนตำบล,ทุ่งหมอ,ทุ่งหมอ,สะเดา,สงขลา,"7,716.22",2555,สจป.13 สงขลา,องค์การบริหารส่วนตำบลทุ่งหมอ,6.7626173,100.3795569,0,https://drive.google.com/file/d/1lf5A6IA1VXuJvNjS9bnHetiTHTDbxRly/view?usp=drive_link,,
2125,องค์การบริหารส่วนตำบล,ปริก,ปริก,สะเดา,สงขลา,"11,170.87",2555,สจป.13 สงขลา,องค์การบริหารส่วนตำบลปริก,6.731439533,100.4493821,5,https://drive.google.com/file/d/1paUZ1UxBSOToTl4yCUDx2v1CwFcFDVEF/view?usp=drive_link,,
2126,เทศบาลตำบล,ปาดัง,ปาดังเบซาร์,สะเดา,สงขลา,"21,234.57",2555,สจป.13 สงขลา,เทศบาลตำบลปาดัง,6.714902883,100.3068924,0,https://drive.google.com/file/d/15nNGhmcW3WHq_ZNzEFfzHa_gUBPEx1YP/view?usp=drive_link,,
2127,เทศบาลเมือง,สะเดา,สะเดา,สะเดา,สงขลา,501.34,2555,สจป.13 สงขลา,เทศบาลเมืองสะเดา,6.639136793,100.4248963,0,https://drive.google.com/file/d/1Bt1FFbe4zFXD-rthsZlK7vznikPV7FDK/view?usp=drive_link,,
2128,องค์การบริหารส่วนตำบล,สำนักแต้ว,สำนักแต้ว,สะเดา,สงขลา,"7,535.81",2555,สจป.13 สงขลา,องค์การบริหารส่วนตำบลสำนักแต้ว,6.6361179,100.440522,0,https://drive.google.com/file/d/1i1NtOA-PQnQ5NWLLw4DjgfoFqN0Ee8_0/view?usp=drive_link,,
2129,องค์การบริหารส่วนตำบล,เขาแดง,เขาแดง,สะบ้าย้อย,สงขลา,"52,880.75",2555,สจป.13 สงขลา,องค์การบริหารส่วนตำบลเขาแดง,6.5297179,100.8197726,5,https://drive.google.com/file/d/1dyM49_ZWvWBCRNCpA9bT1FPIzTBrfSd_/view?usp=drive_link,,
2130,องค์การบริหารส่วนตำบล,คูหา,คูหา,สะบ้าย้อย,สงขลา,"17,892.86",2550,สจป.13 สงขลา,องค์การบริหารส่วนตำบลคูหา,6.599728,100.855554,5,,https://drive.google.com/file/d/1Hb62iLwuXdE3vcDS-5WCFl35xGNIQ5sw/view?usp=drive_link,https://drive.google.com/file/d/1zTvXBM97L_8LZceRC3JgP4LRh9Kw_jHu/view?usp=drive_link
2131,องค์การบริหารส่วนตำบล,จะแหน,จะแหน,สะบ้าย้อย,สงขลา,"1,200.99",2550,สจป.13 สงขลา,องค์การบริหารส่วนตำบลจะแหน,6.5219079,100.9743374,0,,https://drive.google.com/file/d/1zwF_AaSMBo88h7rmWTwBLXjfK5EYkynA/view?usp=drive_link,https://drive.google.com/file/d/1BL9milSFTtqGHiDrpE_mF9wBMqkJJj96/view?usp=drive_link
2132,องค์การบริหารส่วนตำบล,ทุ่งพอ,ทุ่งพอ,สะบ้าย้อย,สงขลา,"32,927.36",2550,สจป.13 สงขลา,องค์การบริหารส่วนตำบลทุ่งพอ,6.5934601,100.9203623,5,,https://drive.google.com/file/d/1zCTc0Ao-Vb-RMro2dBPXtNgL3_LiL1vf/view?usp=drive_link,https://drive.google.com/file/d/1LZjYWr35RfbVt4th_24YLrfPRNpJEEA4/view?usp=drive_link
2133,องค์การบริหารส่วนตำบล,ธารคีรี,ธารคีรี,สะบ้าย้อย,สงขลา,"8,081.96",2555,สจป.13 สงขลา,องค์การบริหารส่วนตำบลธารคีรี,6.5335523,101.0087832,5,https://drive.google.com/file/d/1jnYTShoGMUGiEeYv28E_Ho_mN8pjnv2R/view?usp=drive_link,,
2134,องค์การบริหารส่วนตำบล,บ้านโหนด,บ้านโหนด,สะบ้าย้อย,สงขลา,"8,121.92",2555,สจป.13 สงขลา,องค์การบริหารส่วนตำบลบ้านโหนด,6.638978738,101.044542,0,https://drive.google.com/file/d/1jTg5O2BmxCi0wtvAZ-J1G0l-4a3GeuRS/view?usp=drive_link,,
2135,องค์การบริหารส่วนตำบล,บาโหย,บาโหย,สะบ้าย้อย,สงขลา,"110,369.98",2550,สจป.13 สงขลา,องค์การบริหารส่วนตำบลบาโหย,6.4203849,100.9194153,5,,https://drive.google.com/file/d/1AJdgsKJDo4himN6lKu7DEAEJ_na_eh4t/view?usp=drive_link,https://drive.google.com/file/d/1Q-ZYu9zdIfA0GyYNcf4F4c2S6jA4Ard_/view?usp=drive_link
2136,องค์การบริหารส่วนตำบล,เปียน,เปียน,สะบ้าย้อย,สงขลา,"3,390.60",2555,สจป.13 สงขลา,องค์การบริหารส่วนตำบลเปียน,6.6302214,100.995108,0,https://drive.google.com/file/d/1qCqReFedv32JG42dU9vf0mFyifjTfUUa/view?usp=drive_link,,
2137,เทศบาลตำบล,สะบ้าย้อย,สะบ้าย้อย,สะบ้าย้อย,สงขลา,"1,933.68",2555,สจป.13 สงขลา,เทศบาลตำบลสะบ้าย้อย,6.6171036,100.9524297,0,https://drive.google.com/file/d/17S3jETkygVx1ZFKD_wkteujxj_QUkzwS/view?usp=drive_link,,
2138,เทศบาลตำบล,ฉลุง,ฉลุง,หาดใหญ่,สงขลา,"6,572.03",2556,สจป.13 สงขลา,เทศบาลตำบลฉลุง,6.9968728,100.3105183,0,https://drive.google.com/file/d/19gvNwRFsA_4zDxPAKJFDXtQUDTyzRcKc/view?usp=drive_link,,
2139,เทศบาลตำบล,บ้านไร่,บ้านพรุ,หาดใหญ่,สงขลา,"4,500.00",2550,สจป.13 สงขลา,เทศบาลตำบลบ้านไร่,6.8942664,100.4756302,5,https://drive.google.com/file/d/1a8wA3m-6E-ZsyVlwgT_GgYjzQySVD6uu/view?usp=drive_link,https://drive.google.com/file/d/15PcYmW-E0XtDyaCfi7PnIP6zGek2uaRI/view?usp=drive_link,https://drive.google.com/file/d/14VgnO6-W5LaZEqtl8Y2lbmsTodmgFAwW/view?usp=drive_link
2140,องค์การบริหารส่วนตำบล,พะตง,พะตง,หาดใหญ่,สงขลา,"4,560.84",2555,สจป.13 สงขลา,องค์การบริหารส่วนตำบลพะตง,6.8413092,100.5092142,5,,,
2141,เทศบาลตำบล,ควนกาหลง,ควนกาหลง,ควนกาหลง,สตูล,"33,081.48",2555,สจป.13 สงขลา,เทศบาลตำบลควนกาหลง,6.8581649,100.0317353,0,https://drive.google.com/file/d/1deV5jOIBJ3cIaDT6iQfgFbtIg-RGmFU6/view?usp=drive_link,,
2142,เทศบาลตำบล,ทุ่งนุ้ย,ทุ่งนุ้ย,ควนกาหลง,สตูล,"29,966.55",2555,สจป.13 สงขลา,เทศบาลตำบลทุ่งนุ้ย,6.857560003,100.1126651,0,,https://drive.google.com/file/d/1jJbm8lrz4cXpT7GX6y5IKlLWFQMMJCAz/view?usp=drive_link,https://drive.google.com/file/d/1GPQiON_qTGs-HiPDM79EgTt1QQJt9ZQ-/view?usp=drive_link
2143,องค์การบริหารส่วนตำบล,อุใดเจริญ,อุใดเจริญ,ควนกาหลง,สตูล,"3,160.57",2550,สจป.13 สงขลา,องค์การบริหารส่วนตำบลอุใดเจริญ,6.883055878,99.94135559,0,,https://drive.google.com/file/d/1fvbwmjNz-zEZQUFbkxsnwK0taMScWNqF/view?usp=drive_link,https://drive.google.com/file/d/18D1RP6vi4MJEqewxrM-Zq4Dm18o2RBw5/view?usp=drive_link
2144,องค์การบริหารส่วนตำบล,วังประจัน,วังประจัน,ควนโดน,สตูล,"1,464.18",2550,สจป.13 สงขลา,องค์การบริหารส่วนตำบลวังประจัน,6.7538082,100.1494057,0,,https://drive.google.com/file/d/1calnSad3lx9IyLO2IYUWci88zozWI4Eo/view?usp=drive_link,https://drive.google.com/file/d/1oSQ_Tz-0mwlF0ztqKjB3JQ7J7mzSaASq/view?usp=drive_link
2145,องค์การบริหารส่วนตำบล,ทุ่งหว้า,ทุ่งหว้า,ทุ่งหว้า,สตูล,108.01,2555,สจป.13 สงขลา,องค์การบริหารส่วนตำบลทุ่งหว้า,7.0905366,99.7685124,0,https://drive.google.com/file/d/11LURHzRxRyTpJiNEJsAlaBpFRYIC2SSB/view?usp=drive_link,,
2146,องค์การบริหารส่วนตำบล,นาทอน,นาทอน,ทุ่งหว้า,สตูล,"27,302.28",2555,สจป.13 สงขลา,องค์การบริหารส่วนตำบลนาทอน,6.9932364,99.7590688,5,https://drive.google.com/file/d/1Hucj83uY_EVE1QMzti63wo6HkzxkI6Sj/view?usp=drive_link,,
2147,องค์การบริหารส่วนตำบล,ป่าแก่บ่อหิน,ป่าแก่บ่อหิน,ทุ่งหว้า,สตูล,"29,708.40",2555,สจป.13 สงขลา,องค์การบริหารส่วนตำบลป่าแก่บ่อหิน,7.056473,99.801886,5,https://drive.google.com/file/d/1o--81TsiLAL_EoqZHfzRJTKTQ8S76aNP/view?usp=drive_link,,
2148,เทศบาลตำบล,คลองขุด,คลองขุด,เมืองสตูล,สตูล,"3,314.22",2555,สจป.13 สงขลา,เทศบาลตำบลคลองขุด,6.6802569,100.0962026,0,https://drive.google.com/file/d/178wxGrY_ype8QF9KU68ormrSBpno96SX/view?usp=drive_link,,
2149,องค์การบริหารส่วนตำบล,ควนขัน,ควนขัน,เมืองสตูล,สตูล,"4,658.56",2555,สจป.13 สงขลา,องค์การบริหารส่วนตำบลควนขัน,6.630551062,100.0472145,0,https://drive.google.com/file/d/1NVe6k_ljGHLWUhK_rXNJ-HQB5g-sQIId/view?usp=drive_link,,
2150,องค์การบริหารส่วนตำบล,เจ๊ะบิลัง,เจ๊ะบิลัง,เมืองสตูล,สตูล,"12,605.21",2555,สจป.13 สงขลา,องค์การบริหารส่วนตำบลเจ๊ะบิลัง,6.691156105,99.9701372,0,https://drive.google.com/file/d/175PV7cS4JVyVSNcWlV7ws3c8WZ0rrcOg/view?usp=drive_link,,
2151,องค์การบริหารส่วนตำบล,ตันหยงโป,ตันหยงโป,เมืองสตูล,สตูล,"3,090.66",2555,สจป.13 สงขลา,องค์การบริหารส่วนตำบลตันหยงโป,6.5972307,99.9578043,0,https://drive.google.com/file/d/1XSwka6Qh20C6gwYW3ntIRU7G0aJyn2MW/view?usp=drive_link,,
2152,องค์การบริหารส่วนตำบล,ตำมะลัง,ตำมะลัง,เมืองสตูล,สตูล,"2,294.76",2555,สจป.13 สงขลา,องค์การบริหารส่วนตำบลตำมะลัง,6.580031615,100.0366974,0,https://drive.google.com/file/d/14XnsKdOysEJTSMxYE49w5VckfQQo-3le/view?usp=drive_link,,
2153,เทศบาลตำบล,บ้านควน,บ้านควน,เมืองสตูล,สตูล,281.11,2555,สจป.13 สงขลา,เทศบาลตำบลบ้านควน,6.7018026,100.0604169,0,,https://drive.google.com/file/d/1aA1sSfUb3ZT_HHHWr2i7UAP8tD8V4LTJ/view?usp=drive_link,https://drive.google.com/file/d/1qCEaUcslWMuA7Jvt3nuDduk8-G4pz8YM/view?usp=drive_link
2154,เทศบาลตำบล,กำแพงเมืองใหม่,กำแพง,ละงู,สตูล,0,2555,สจป.13 สงขลา,เทศบาลตำบลกำแพงเมืองใหม่,6.915861398,99.79021311,5,https://drive.google.com/file/d/1b0yTFf3wWOnD4IeLbch8bwz-76L3ebrA/view?usp=drive_link,,
2155,องค์การบริหารส่วนตำบล,เขาขาว,เขาขาว,ละงู,สตูล,0,2555,สจป.13 สงขลา,องค์การบริหารส่วนตำบลเขาขาว,6.9264586,99.8321915,0,https://drive.google.com/file/d/1Q3YQBvTiwyYUa1nDBfNchK84_CYu7XnZ/view?usp=drive_link,,
2156,องค์การบริหารส่วนตำบล,น้ำผุด,น้ำผุด,ละงู,สตูล,"12,450.62",2555,สจป.13 สงขลา,องค์การบริหารส่วนตำบลน้ำผุด,7.0369195,99.8467716,0,https://drive.google.com/file/d/1MkvUirUT7aOCDIsw5RAaMC6R1nCzjVNg/view?usp=drive_link,,
2157,องค์การบริหารส่วนตำบล,ละงู,ละงู,ละงู,สตูล,"4,996.57",2555,สจป.13 สงขลา,องค์การบริหารส่วนตำบลละงู,6.8652152,99.8044398,0,https://drive.google.com/file/d/1l8h2BBmDREWSUr2KC6Q3if1wkprx8A0J/view?usp=drive_link,,
2158,องค์การบริหารส่วนตำบล,คลองไก่เถื่อน,คลองไก่เถื่อน,คลองหาด,สระแก้ว,"35,564.16",2550,สจป.9 สาขาปราจีนบุรี,องค์การบริหารส่วนตำบลคลองไก่เถื่อน,13.3647503,102.2847707,50,,https://drive.google.com/file/d/1KyC85Mj_YAMfjGpIeW2eJu7Z96bubDiY/view?usp=drive_link,https://drive.google.com/file/d/1xGtPEwwznSdkGbGpx_XgqV5mfzGPzhpG/view?usp=drive_link
2159,เทศบาลตำบล,คลองหาด,คลองหาด,คลองหาด,สระแก้ว,"36,993.20",2554,สจป.9 สาขาปราจีนบุรี,เทศบาลตำบลคลองหาด,13.4506073,102.2887641,25,https://drive.google.com/file/d/1DIjSkmgeyzp9PUFoRZa1EtWn1vGtThc3/view?usp=drive_link,,
2160,องค์การบริหารส่วนตำบล,ไทรเดี่ยว,ไทรเดี่ยว,คลองหาด,สระแก้ว,"1,749.20",2556,สจป.9 สาขาปราจีนบุรี,องค์การบริหารส่วนตำบลไทรเดี่ยว,13.591495,102.2594227,5,https://drive.google.com/file/d/1mzCgGkdhqG0lVCaX_9tKxbgy4E_okHsf/view?usp=drive_link,,
2161,เทศบาลตำบล,โคกสูง,โคกสูง,โคกสูง,สระแก้ว,"1,044.95",2555,สจป.9 สาขาปราจีนบุรี,เทศบาลตำบลโคกสูง,13.8346517,102.6173831,25,https://drive.google.com/file/d/1LGNUy9Fa6A2_Q5l6Wdo5RYI9pGRz5gyl/view?usp=drive_link,,
2162,องค์การบริหารส่วนตำบล,โนนหมากมุ่น,โนนหมากมุ่น,โคกสูง,สระแก้ว,"15,977.71",2554,สจป.9 สาขาปราจีนบุรี,องค์การบริหารส่วนตำบลโนนหมากมุ่น,13.7928195,102.7118728,50,https://drive.google.com/file/d/15C24lmwMTeAjfIZgQnp4HOlDMiWVRKQb/view?usp=drive_link,,
2163,องค์การบริหารส่วนตำบล,หนองม่วง,หนองม่วง,โคกสูง,สระแก้ว,"5,383.74",2555,สจป.9 สาขาปราจีนบุรี,องค์การบริหารส่วนตำบลหนองม่วง,13.8470971,102.5848439,50,https://drive.google.com/file/d/16-vn3egR9vbf2FJboF3KueIGa1WZKM5O/view?usp=drive_link,,
2164,องค์การบริหารส่วนตำบล,หนองแวง,หนองแวง,โคกสูง,สระแก้ว,"26,530.96",2554,สจป.9 สาขาปราจีนบุรี,องค์การบริหารส่วนตำบลหนองแวง,13.849103,102.6393682,50,https://drive.google.com/file/d/19E0J_-Ao3UQourXGapUa4OZrb7R-e2Ju/view?usp=drive_link,,
2165,องค์การบริหารส่วนตำบล,โคคลาน,โคคลาน,ตาพระยา,สระแก้ว,"28,028.66",2550,สจป.9 สาขาปราจีนบุรี,องค์การบริหารส่วนตำบลโคคลาน,13.982212,102.629213,50,,https://drive.google.com/file/d/1gqRFLabHIy83aUtLHctG6BJByOALgl6l/view?usp=drive_link,https://drive.google.com/file/d/1_X102QENVOAMojaixixU-MFIZvV-GUgy/view?usp=drive_link
2166,องค์การบริหารส่วนตำบล,ตาพระยา,ตาพระยา,ตาพระยา,สระแก้ว,"36,596.81",2550,สจป.9 สาขาปราจีนบุรี,องค์การบริหารส่วนตำบลตาพระยา,13.977143,102.75763,50,,https://drive.google.com/file/d/14pn_df1ttDDx6AQMj8oTfzCQz0IVqA_-/view?usp=drive_link,https://drive.google.com/file/d/1kfo1_RJ5NyDlup1UYd-LqJJboyBuM1fE/view?usp=drive_link
2167,องค์การบริหารส่วนตำบล,ทัพไทย,ทัพไทย,ตาพระยา,สระแก้ว,"13,684.61",2550,สจป.9 สาขาปราจีนบุรี,องค์การบริหารส่วนตำบลทัพไทย,14.07239519,102.8124404,50,,https://drive.google.com/file/d/1v9oRh06UcKrPan0AYnRYLU0afjgb58u3/view?usp=drive_link,https://drive.google.com/file/d/1h8c2eLji-bjhBAPCzFuMQVKowkx6C9Sg/view?usp=drive_link
2168,องค์การบริหารส่วนตำบล,ทัพราช,ทัพราช,ตาพระยา,สระแก้ว,"36,550.39",2555,สจป.9 สาขาปราจีนบุรี,องค์การบริหารส่วนตำบลทัพราช,14.0455985,102.7451389,50,https://drive.google.com/file/d/1MyvW2aKFjtR73WLQyFkfEUsgRAYWC_dn/view?usp=drive_link,,
2169,องค์การบริหารส่วนตำบล,ทัพเสด็จ,ทัพเสด็จ,ตาพระยา,สระแก้ว,"21,331.51",2550,สจป.9 สาขาปราจีนบุรี,องค์การบริหารส่วนตำบลทัพเสด็จ,14.0367052,102.8248182,50,,https://drive.google.com/file/d/1aYYo5l-7zcpF0GMli_FDVn4w_E1NLWoL/view?usp=drive_link,https://drive.google.com/file/d/1zW42k_J5Fx4IdFNTxwNsQq7SphzjO5Eu/view?usp=drive_link
2170,องค์การบริหารส่วนตำบล,โคกปี่ฆ้อง,โคกปี่ฆ้อง,เมืองสระแก้ว,สระแก้ว,"12,817.27",2550,สจป.9 สาขาปราจีนบุรี,องค์การบริหารส่วนตำบลโคกปี่ฆ้อง,13.9136814,102.0175684,50,,https://drive.google.com/file/d/1UybX8webaF9uKqdDZzP2aSMP84zGxZgD/view?usp=drive_link,https://drive.google.com/file/d/1WIDdi9wCIQ_Nm1A9XxaOsvmdXZ04m2gy/view?usp=drive_link
2171,องค์การบริหารส่วนตำบล,ท่าเกษม,ท่าเกษม,เมืองสระแก้ว,สระแก้ว,"3,403.66",2555,สจป.9 สาขาปราจีนบุรี,องค์การบริหารส่วนตำบลท่าเกษม,13.7808832,102.1706897,50,https://drive.google.com/file/d/1bh4ZczPUiYmThwlc1M64nCATXicHZCT5/view?usp=drive_link,,
2172,องค์การบริหารส่วนตำบล,ท่าแยก,ท่าแยก,เมืองสระแก้ว,สระแก้ว,"3,707.99",2554,สจป.9 สาขาปราจีนบุรี,องค์การบริหารส่วนตำบลท่าแยก,13.9087681,102.0965687,50,https://drive.google.com/file/d/1V8LuLr2bJ348X3LVI9IIQuU2glYikhW-/view?usp=drive_link,,
2173,องค์การบริหารส่วนตำบล,บ้านแก้ง,บ้านแก้ง,เมืองสระแก้ว,สระแก้ว,"9,789.02",2555,สจป.9 สาขาปราจีนบุรี,องค์การบริหารส่วนตำบลบ้านแก้ง,13.9158897,101.9436502,50,https://drive.google.com/file/d/1AiXiEfGCTS2MMnXnNu44kvUkHAeobspd/view?usp=drive_link,,
2174,องค์การบริหารส่วนตำบล,ศาลาลำดวน,ศาลาลำดวน,เมืองสระแก้ว,สระแก้ว,"2,885.07",2559,สจป.9 สาขาปราจีนบุรี,องค์การบริหารส่วนตำบลศาลาลำดวน,13.86192162,102.019114,50,https://drive.google.com/file/d/1sjh_SEhrD9iNTEQsXFJUZO7jz04t-JKY/view?usp=drive_link,,
2175,องค์การบริหารส่วนตำบล,สระขวัญ,สระขวัญ,เมืองสระแก้ว,สระแก้ว,"14,263.25",2555,สจป.9 สาขาปราจีนบุรี,องค์การบริหารส่วนตำบลสระขวัญ,13.7920482,102.0341176,50,https://drive.google.com/file/d/1nNLYWgNpqbioMSu997oxVNHveEgejIZ8/view?usp=drive_link,,
2176,องค์การบริหารส่วนตำบล,หนองบอน,หนองบอน,เมืองสระแก้ว,สระแก้ว,169.05,2556,สจป.9 สาขาปราจีนบุรี,องค์การบริหารส่วนตำบลหนองบอน,13.8614955,102.0877866,0,https://drive.google.com/file/d/1CnzzUEI-DL0wSFA65BvUzfHAUR7Z-cuJ/view?usp=drive_link,,
2177,องค์การบริหารส่วนตำบล,คลองหินปูน,คลองหินปูน,วังน้ำเย็น,สระแก้ว,"6,993.88",2554,สจป.9 สาขาปราจีนบุรี,องค์การบริหารส่วนตำบลคลองหินปูน,13.6141012,102.1202355,50,https://drive.google.com/file/d/1Kl8JbsH9yMbbWyIwRMzSYACLTNFkrDz1/view?usp=drive_link,,
2178,องค์การบริหารส่วนตำบล,ตาหลังใน,ตาหลังใน,วังน้ำเย็น,สระแก้ว,"6,985.86",2550,สจป.9 สาขาปราจีนบุรี,องค์การบริหารส่วนตำบลตาหลังใน,13.51996485,102.099086,50,,https://drive.google.com/file/d/1H_xc9ZRLvK5ttm1anwvuLJU9l-NhI3D5/view?usp=drive_link,https://drive.google.com/file/d/1UqfazY3DWglLyT4n0lPr75rqmf3qTRJl/view?usp=drive_link
2179,องค์การบริหารส่วนตำบล,ทุ่งมหาเจริญ,ทุ่งมหาเจริญ,วังน้ำเย็น,สระแก้ว,"9,506.15",2555,สจป.9 สาขาปราจีนบุรี,องค์การบริหารส่วนตำบลทุ่งมหาเจริญ,13.491342,102.0339547,50,https://drive.google.com/file/d/1lyjnS_RElaB6DVdgE8oILgi6UeeTqmLr/view?usp=drive_link,,
2180,เทศบาลเมือง,วังน้ำเย็น,วังน้ำเย็น,วังน้ำเย็น,สระแก้ว,"7,482.51",2550,สจป.9 สาขาปราจีนบุรี,เทศบาลเมืองวังน้ำเย็น,13.50092116,102.1807051,25,,https://drive.google.com/file/d/1u8B44AfPar4qXmd7SIvpfn05Ojs0_LV_/view?usp=drive_link,https://drive.google.com/file/d/1tdg4wZU8Ge9HEjo7Z1mCzTJn1qps9tvR/view?usp=drive_link
2181,เทศบาลตำบล,วังทอง,วังทอง,วังสมบูรณ์,สระแก้ว,"33,160.83",2555,สจป.9 สาขาปราจีนบุรี,เทศบาลตำบลวังทอง,13.3741331,102.1323229,25,https://drive.google.com/file/d/105Fi2pCQZ-HWnziaj6NOvzyogWWTBSNx/view?usp=drive_link,,
2182,เทศบาลตำบล,วังสมบูรณ์,วังสมบูรณ์,วังสมบูรณ์,สระแก้ว,"6,144.49",2556,สจป.9 สาขาปราจีนบุรี,เทศบาลตำบลวังสมบูรณ์,13.3514846,102.1833715,25,https://drive.google.com/file/d/19W7WOAqDEGKHKCTKXXxn2ewDdcchJ9k3/view?usp=drive_link,,
2183,องค์การบริหารส่วนตำบล,วังใหม่,วังใหม่,วังสมบูรณ์,สระแก้ว,"16,317.43",2554,สจป.9 สาขาปราจีนบุรี,องค์การบริหารส่วนตำบลวังใหม่,13.4280837,102.1990063,50,https://drive.google.com/file/d/10MLVt5uo5VPxgm96CAi6ZsPXcZVVplF9/view?usp=drive_link,,
2184,องค์การบริหารส่วนตำบล,ช่องกุ่ม,ช่องกุ่ม,วัฒนานคร,สระแก้ว,"28,192.44",2555,สจป.9 สาขาปราจีนบุรี,องค์การบริหารส่วนตำบลช่องกุ่ม,13.9031704,102.4661184,50,https://drive.google.com/file/d/1nft_R3oKKrnit0_t4O2rdGfOYvw0D1r_/view?usp=drive_link,,
2185,เทศบาลตำบล,แซร์ออ,แซร์ออ,วัฒนานคร,สระแก้ว,"22,406.84",2548,สจป.9 สาขาปราจีนบุรี,เทศบาลตำบลแซร์ออ,13.830079,102.065048,50,,https://drive.google.com/file/d/1CTedDZdrivWlkWHGsY91c2oDHNcjiRhQ/view?usp=drive_link,https://drive.google.com/file/d/1kRqfCZJPMKNjrRiIDRNcenv9pXY_A241/view?usp=drive_link
2186,องค์การบริหารส่วนตำบล,ท่าเกวียน,ท่าเกวียน,วัฒนานคร,สระแก้ว,"15,790.15",2555,สจป.9 สาขาปราจีนบุรี,องค์การบริหารส่วนตำบลท่าเกวียน,13.6875367,102.2853403,50,https://drive.google.com/file/d/12_nCDOTelkwcY8O9QTgAllTcJB0iUipe/view?usp=drive_link,,
2187,องค์การบริหารส่วนตำบล,โนนหมากเค็ง,โนนหมากเค็ง,วัฒนานคร,สระแก้ว,"7,364.11",2550,สจป.9 สาขาปราจีนบุรี,องค์การบริหารส่วนตำบลโนนหมากเค็ง,13.8160849,102.2835396,50,,https://drive.google.com/file/d/1xRkdlaZHYAje-Ta6VX36RkPzVag8TGzB/view?usp=drive_link,https://drive.google.com/file/d/17NbHAyezM80XxgHXYdUVFeMeVB0-Jl1l/view?usp=drive_link
2188,องค์การบริหารส่วนตำบล,หนองตะเคียนบอน,หนองตะเคียนบอน,วัฒนานคร,สระแก้ว,"5,126.16",2550,สจป.9 สาขาปราจีนบุรี,องค์การบริหารส่วนตำบลหนองตะเคียนบอน,13.91407312,102.3980713,50,,https://drive.google.com/file/d/1qawOkwlA0rUCj73n2BBWap-KkSP1sP5M/view?usp=drive_link,https://drive.google.com/file/d/1pUNqaLx3OiZWpF0Fp5azFOcIm66kkxlz/view?usp=drive_link
2189,องค์การบริหารส่วนตำบล,หนองหมากฝ้าย,หนองหมากฝ้าย,วัฒนานคร,สระแก้ว,"29,080.24",2550,สจป.9 สาขาปราจีนบุรี,องค์การบริหารส่วนตำบลหนองหมากฝ้าย,13.8927969,102.3944303,50,,https://drive.google.com/file/d/1V0GetxlfoScDZ0mbW4bIz5YgvFidSUEQ/view?usp=drive_link,https://drive.google.com/file/d/1N6tp_vRfg6-9NZ1fH2UEt-l95ESz3Cq7/view?usp=drive_link
2190,องค์การบริหารส่วนตำบล,ห้วยโจด,ห้วยโจด,วัฒนานคร,สระแก้ว,"7,061.56",2554,สจป.9 สาขาปราจีนบุรี,องค์การบริหารส่วนตำบลห้วยโจด,13.7796448,102.2354912,50,https://drive.google.com/file/d/1CejOxo2P6xU-Wh4DoR8mjsoxQQiwqgQR/view?usp=drive_link,,
2191,องค์การบริหารส่วนตำบล,คลองทับจันทร์,คลองทับจันทร์,อรัญประเทศ,สระแก้ว,538.57,2554,สจป.9 สาขาปราจีนบุรี,องค์การบริหารส่วนตำบลคลองทับจันทร์,13.6385369,102.3931366,0,https://drive.google.com/file/d/1XHtoinDSAXMYkGGCkIUv4mBcH_xRJNBg/view?usp=drive_link,,
2192,องค์การบริหารส่วนตำบล,ทับพริก,ทับพริก,อรัญประเทศ,สระแก้ว,"12,361.56",2554,สจป.9 สาขาปราจีนบุรี,องค์การบริหารส่วนตำบลทับพริก,13.5417782,102.3287567,50,https://drive.google.com/file/d/1hib-2cINmM84hGnp2cBMCRGEoEPiiE8U/view?usp=drive_link,,
2193,เทศบาลตำบล,ป่าไร่,ป่าไร่,อรัญประเทศ,สระแก้ว,"27,650.39",2555,สจป.9 สาขาปราจีนบุรี,เทศบาลตำบลป่าไร่,13.7251619,102.5837771,25,https://drive.google.com/file/d/1pI6xieIfEgkgTKTW4XgzckI8QpJI749d/view?usp=drive_link,,
2194,องค์การบริหารส่วนตำบล,หันทราย,หันทราย,อรัญประเทศ,สระแก้ว,"10,702.50",2554,สจป.9 สาขาปราจีนบุรี,องค์การบริหารส่วนตำบลหันทราย,13.7943842,102.455797,5,https://drive.google.com/file/d/1p7c_FFHA2T5qlAU_xajy-gVHyg5icI__/view?usp=drive_link,,
2195,องค์การบริหารส่วนตำบล,ชะอม,ชะอม,แก่งคอย,สระบุรี,"12,831.61",2554,สจป.5 สระบุรี,องค์การบริหารส่วนตำบลชะอม,14.4064868,101.1068234,50,https://drive.google.com/file/d/1SoCeP8uUfD4OidqsEWLHN2Zcd2eXgmCy/view?usp=drive_link,,
2196,องค์การบริหารส่วนตำบล,ชำผักแพว,ชำผักแพว,แก่งคอย,สระบุรี,"22,376.44",2554,สจป.5 สระบุรี,องค์การบริหารส่วนตำบลชำผักแพว,14.511263,101.047128,50,https://drive.google.com/file/d/18DzscsJRQ6uJcJWeUhj3pJoir8plTXtA/view?usp=drive_link,,
2197,องค์การบริหารส่วนตำบล,ท่าคล้อ,ท่าคล้อ,แก่งคอย,สระบุรี,"10,790.12",2554,สจป.5 สระบุรี,องค์การบริหารส่วนตำบลท่าคล้อ,14.6859267,101.0240569,50,https://drive.google.com/file/d/1tM8kyuVA6qZppCWJ8BM57LH-ECxxP1sm/view?usp=drive_link,,
2198,องค์การบริหารส่วนตำบล,ท่ามะปราง,ท่ามะปราง,แก่งคอย,สระบุรี,"22,096.04",2554,สจป.5 สระบุรี,องค์การบริหารส่วนตำบลท่ามะปราง,14.46711591,101.0690904,50,https://drive.google.com/file/d/1Z0mXMKMtXYjmNJftQ4uqOI9g7nLvpBdI/view?usp=drive_link,,
2199,องค์การบริหารส่วนตำบล,บ้านป่า,บ้านป่า,แก่งคอย,สระบุรี,"3,037.83",2548,สจป.5 สระบุรี,องค์การบริหารส่วนตำบลบ้านป่า,14.6083674,101.0142191,50,,https://drive.google.com/file/d/1VaMBEJG9QGMv3lRZzKwV5_s1FUQayrtX/view?usp=drive_link,https://drive.google.com/file/d/1rXN12JtcSAEbWti7UyNjZId6Y72vjgFD/view?usp=drive_link
2200,องค์การบริหารส่วนตำบล,ห้วยแห้ง,ห้วยแห้ง,แก่งคอย,สระบุรี,"7,244.69",2554,สจป.5 สระบุรี,องค์การบริหารส่วนตำบลห้วยแห้ง,14.4902699,101.009558,50,https://drive.google.com/file/d/1YeGhWmGDTe2GPA4CvsxRZxyIxzxIU6Xn/view?usp=drive_link,,
2201,องค์การบริหารส่วนตำบล,หน้าพระลาน,หน้าพระลาน,เฉลิมพระเกียรติ,สระบุรี,"2,859.20",2548,สจป.5 สระบุรี,องค์การบริหารส่วนตำบลหน้าพระลาน,14.7032035,100.8980633,20,,https://drive.google.com/file/d/17jN-RBgY3ShXnA63ykBzT2v_AOgqlAJ6/view?usp=drive_link,https://drive.google.com/file/d/1Xd2B-bEgIKNTdNuVU1k3i6251M8HOaZU/view?usp=drive_link
2202,องค์การบริหารส่วนตำบล,เขาวง,เขาวง,พระพุทธบาท,สระบุรี,"7,719.05",2550,สจป.5 สระบุรี,องค์การบริหารส่วนตำบลเขาวง,14.6636325,100.8347453,50,,https://drive.google.com/file/d/1fZMbW6Cv_CdBVidO5NwaQ6LvXljnnbN7/view?usp=drive_link,https://drive.google.com/file/d/11SeOnqXI2Dra8LH0_RrBbETms1HlUfoZ/view?usp=drive_link
2203,เทศบาลตำบล,พุกร่าง,พุกร่าง,พระพุทธบาท,สระบุรี,"4,747.90",2554,สจป.5 สระบุรี,เทศบาลตำบลพุกร่าง,14.6813907,100.7744134,25,https://drive.google.com/file/d/1JFSweOhhKkvHLvArOQYIdJ5qdyi5JmC_/view?usp=drive_link,,
2204,องค์การบริหารส่วนตำบล,ซับสนุ่น,ซับสนุ่น,มวกเหล็ก,สระบุรี,"3,564.54",2554,สจป.5 สระบุรี,องค์การบริหารส่วนตำบลซับสนุ่น,14.6792539,101.1717224,50,https://drive.google.com/file/d/146ApyDQbfAAfZyWuv9I4oma-9IVNQSbJ/view?usp=drive_link,,
2205,องค์การบริหารส่วนตำบล,มวกเหล็ก,มวกเหล็ก,มวกเหล็ก,สระบุรี,"36,552.11",2554,สจป.5 สระบุรี,องค์การบริหารส่วนตำบลมวกเหล็ก,14.6640607,101.1969944,50,https://drive.google.com/file/d/1SHeVXxvCSC8ii5-r4BdrA0tN0RUXf3mO/view?usp=drive_link,,
2206,องค์การบริหารส่วนตำบล,มิตรภาพ,มิตรภาพ,มวกเหล็ก,สระบุรี,"20,899.65",2554,สจป.5 สระบุรี,องค์การบริหารส่วนตำบลมิตรภาพ,14.6087244,101.1900842,50,https://drive.google.com/file/d/1xZmerfdFm3tT7AL6RHSrTRpCFAjZR6-2/view?usp=drive_link,,
2207,องค์การบริหารส่วนตำบล,ลำพญากลาง,ลำพญากลาง,มวกเหล็ก,สระบุรี,"40,046.18",2554,สจป.5 สระบุรี,องค์การบริหารส่วนตำบลลำพญากลาง,14.895074,101.389387,50,https://drive.google.com/file/d/1sJgqdBGjg3uzesaM2TaEc4BwLK0sFbu8/view?usp=drive_link,,
2208,องค์การบริหารส่วนตำบล,ลำสมพุง,ลำสมพุง,มวกเหล็ก,สระบุรี,"8,612.80",2554,สจป.5 สระบุรี,องค์การบริหารส่วนตำบลลำสมพุง,14.9716776,101.4227785,50,https://drive.google.com/file/d/11-UxhuweoX8KB-AkZHh-9iGNtN0KGffi/view?usp=drive_link,,
2209,องค์การบริหารส่วนตำบล,หนองย่างเสือ,หนองย่างเสือ,มวกเหล็ก,สระบุรี,"16,340.19",2554,สจป.5 สระบุรี,องค์การบริหารส่วนตำบลหนองย่างเสือ,14.7914243,101.2635854,50,https://drive.google.com/file/d/1rBQr3uETwytWzfHswxIYliSQgvd-dyaR/view?usp=drive_link,,
2210,องค์การบริหารส่วนตำบล,หนองปลาไหล,หนองปลาไหล,เมืองสระบุรี,สระบุรี,"1,037.24",2550,สจป.5 สระบุรี,องค์การบริหารส่วนตำบลหนองปลาไหล,14.4592554,100.9517132,45,,https://drive.google.com/file/d/1ijF9kFxZekQJzWkVROWcOXQTCaPBWq2C/view?usp=drive_link,https://drive.google.com/file/d/1HAAjizxqtq2A-h4FYqhtpVm39Hq6sgSy/view?usp=drive_link
2211,องค์การบริหารส่วนตำบล,นาเชิงคีรี,นาเชิงคีรี,คีรีมาศ,สุโขทัย,"4,319.15",2550,สจป.4 ตาก,องค์การบริหารส่วนตำบลนาเชิงคีรี,16.9066131,99.7366948,50,,https://drive.google.com/file/d/148wV1pw-3fdyxPCpOK2ezGLyjd3u2aDY/view?usp=drive_link,https://drive.google.com/file/d/1HIzNm-oCsFsZCUJSbpKtWgEiGZ2xubFL/view?usp=drive_link
2212,องค์การบริหารส่วนตำบล,บ้านน้ำพุ,บ้านน้ำพุ,คีรีมาศ,สุโขทัย,"1,411.66",2548,สจป.4 ตาก,องค์การบริหารส่วนตำบลบ้านน้ำพุ,16.7886963,99.6303343,50,,https://drive.google.com/file/d/1F0FUpQQFBRnMqM7ajsHvqPm7eHG1f13V/view?usp=drive_link,https://drive.google.com/file/d/1xK_La-BUTTE1kgpNXHMmchpKed0eUd6Y/view?usp=drive_link
2213,องค์การบริหารส่วนตำบล,ศรีคีรีมาศ,ศรีคีรีมาศ,คีรีมาศ,สุโขทัย,"2,424.11",2555,สจป.4 ตาก,องค์การบริหารส่วนตำบลศรีคีรีมาศ,16.84210749,99.77306843,50,,,
2214,เทศบาลเมือง,กลางดง,กลางดง,ทุ่งเสลี่ยม,สุโขทัย,"53,270.21",2548,สจป.4 ตาก,เทศบาลเมืองกลางดง,17.41721506,99.48889159,60,,https://drive.google.com/file/d/17O-qCpjwMxa9rN4BPwom_7tLFGQF-L9X/view?usp=drive_link,https://drive.google.com/file/d/1Wm2x0jhdM5r1LnyWZ5YSm077vhWKZEum/view?usp=drive_link
2215,เทศบาลตำบล,เขาแก้วศรีสมบูรณ์,เขาแก้วศรีสมบูรณ์,ทุ่งเสลี่ยม,สุโขทัย,12.71,2548,สจป.4 ตาก,เทศบาลตำบลเขาแก้วศรีสมบูรณ์,17.31609598,99.64520082,0,,https://drive.google.com/file/d/1eMYih4Q1Aomc21-lxVFH4EkzCjB7C3r4/view?usp=drive_link,https://drive.google.com/file/d/1VSoDyQ9LTCabNRqQ5b3GJzaUF7C4l4Vb/view?usp=drive_link
2216,องค์การบริหารส่วนตำบล,ทุ่งเสลี่ยม,ทุ่งเสลี่ยม,ทุ่งเสลี่ยม,สุโขทัย,877.83,2549,สจป.4 ตาก,องค์การบริหารส่วนตำบลทุ่งเสลี่ยม,17.32179844,99.55741882,50,,https://drive.google.com/file/d/12aV7Y3s5XXvdwRH7SViz9XZOGPZE8u23/view?usp=drive_link,https://drive.google.com/file/d/1g5EMIeiAoUsX-k4NuVJ-5pGbovle4ACO/view?usp=drive_link
2217,องค์การบริหารส่วนตำบล,ไทยชนะศึก,ไทยชนะศึก,ทุ่งเสลี่ยม,สุโขทัย,"18,075.57",2549,สจป.4 ตาก,องค์การบริหารส่วนตำบลไทยชนะศึก,17.3401388,99.591346,50,,https://drive.google.com/file/d/1imBKGcDSmvMFO4vaWi3AACx-qT16VK-m/view?usp=drive_link,https://drive.google.com/file/d/1WMthzz6TvYnL2IXHZm0JYamWmmZwhZZt/view?usp=drive_link
2218,องค์การบริหารส่วนตำบล,บ้านใหม่ไชยมงคล,บ้านใหม่ไชยมงคล,ทุ่งเสลี่ยม,สุโขทัย,"2,109.27",2548,สจป.4 ตาก,องค์การบริหารส่วนตำบลบ้านใหม่ไชยมงคล,17.31843895,99.68481302,50,,https://drive.google.com/file/d/1oWMHSC94fhIq-9wxcFZj0p0MBUBTugl5/view?usp=drive_link,https://drive.google.com/file/d/15EYdHXKXlf-G9RrEl20Esd2uDU1ZsDce/view?usp=drive_link
2219,เทศบาลตำบล,ตลิ่งชัน,ตลิ่งชัน,บ้านด่านลานหอย,สุโขทัย,"79,261.07",2549,สจป.4 ตาก,เทศบาลตำบลตลิ่งชัน,17.086941,99.438017,65,,https://drive.google.com/file/d/1cLyFeolN8ycNDaL0vOVP4vLrya4meSxa/view?usp=drive_link,
2220,องค์การบริหารส่วนตำบล,บ้านด่าน,บ้านด่าน,บ้านด่านลานหอย,สุโขทัย,342.48,2548,สจป.4 ตาก,องค์การบริหารส่วนตำบลบ้านด่าน,17.009099,99.5866911,50,,https://drive.google.com/file/d/1tM06eRCwQOfao8_YOG5FnosfAnebAJui/view?usp=drive_link,https://drive.google.com/file/d/1Rl2WEcuD1L7cmPsMNbsG3uOpz3a53p6R/view?usp=drive_link
2221,องค์การบริหารส่วนตำบล,ลานหอย,ลานหอย,บ้านด่านลานหอย,สุโขทัย,"19,871.22",2549,สจป.4 ตาก,องค์การบริหารส่วนตำบลลานหอย,17.0022287,99.5748136,50,,https://drive.google.com/file/d/1N6cIJ3hA77j8uwn_1mAPtA5Qyb6ds-_Y/view?usp=drive_link,https://drive.google.com/file/d/1XESnmSLY8vSYoiyI4sFACwNdOkXoXWo-/view?usp=drive_link
2222,องค์การบริหารส่วนตำบล,วังตะคร้อ,วังตะคร้อ,บ้านด่านลานหอย,สุโขทัย,"42,202.18",2549,สจป.4 ตาก,องค์การบริหารส่วนตำบลวังตะคร้อ,16.992641,99.495707,55,,https://drive.google.com/file/d/1RInKHRwr1Bl0NxJRbxaki59M6VYaRImQ/view?usp=drive_link,https://drive.google.com/file/d/1JRKt5-xa9n7yMt4X3R8dxW9H4lpKoO9K/view?usp=drive_link
2223,องค์การบริหารส่วนตำบล,วังน้ำขาว,วังน้ำขาว,บ้านด่านลานหอย,สุโขทัย,"2,694.34",2568,สจป.4 ตาก,องค์การบริหารส่วนตำบลวังน้ำขาว,17.1146098,99.5465776,45,https://drive.google.com/file/d/1oPNUWG250M9SK6pHeaiD4hZUAb17QPeJ/view?usp=drive_link,,
2224,องค์การบริหารส่วนตำบล,วังลึก,วังลึก,บ้านด่านลานหอย,สุโขทัย,"8,312.73",2548,สจป.4 ตาก,องค์การบริหารส่วนตำบลวังลึก,17.03709028,99.49883938,45,,https://drive.google.com/file/d/1KktnrNVIDMcYk167nLaFIJXA7jqbCVjQ/view?usp=drive_link,https://drive.google.com/file/d/1CJxVhvsT1tK6EHeONPy8OTlTj9hHbqJ7/view?usp=drive_link
2225,องค์การบริหารส่วนตำบล,หนองหญ้าปล้อง,หนองหญ้าปล้อง,บ้านด่านลานหอย,สุโขทัย,"5,148.75",2548,สจป.4 ตาก,องค์การบริหารส่วนตำบลหนองหญ้าปล้อง,16.9986534,99.4939128,50,,https://drive.google.com/file/d/1y0BGlK_FPfA4YxhN6omhYtGUfiK4v-VC/view?usp=drive_link,https://drive.google.com/file/d/1nNrNOwUarbjY0cQGCkMbJkPtgZxNmbrq/view?usp=drive_link
2226,องค์การบริหารส่วนตำบล,เมืองเก่า,เมืองเก่า,เมืองสุโขทัย,สุโขทัย,"1,680.01",2549,สจป.4 ตาก,องค์การบริหารส่วนตำบลเมืองเก่า,17.0399244,99.6461235,50,,https://drive.google.com/file/d/1To5StuhWJOupaZcda3QxMpD4bn0cMl1Z/view?usp=drive_link,https://drive.google.com/file/d/1YA4N2JciJZSHLp47fewPOfheLAxpGAAC/view?usp=drive_link
2227,องค์การบริหารส่วนตำบล,นครเดิฐ,นครเดิฐ,ศรีนคร,สุโขทัย,"10,165.23",2549,สจป.4 ตาก,องค์การบริหารส่วนตำบลนครเดิฐ,17.43831152,99.98237354,50,,https://drive.google.com/file/d/1ToHmpj3RyVRzE-XWox9dDXzCOCJzEhHQ/view?usp=drive_link,https://drive.google.com/file/d/1vp62FGX0dOHXrCtM66VjvDvBSgCMGDNi/view?usp=drive_link
2228,องค์การบริหารส่วนตำบล,บ้านแก่ง,บ้านแก่ง,ศรีสัชนาลัย,สุโขทัย,"164,822.01",2548,สจป.4 ตาก,องค์การบริหารส่วนตำบลบ้านแก่ง,17.4312599,99.6913293,100,,https://drive.google.com/file/d/1sBP8hK2oaKrgW_ib-gabbqfkRCyBfx_i/view?usp=drive_link,
2229,องค์การบริหารส่วนตำบล,บ้านตึก,บ้านตึก,ศรีสัชนาลัย,สุโขทัย,"151,810.66",2548,สจป.4 ตาก,องค์การบริหารส่วนตำบลบ้านตึก,17.5902012,99.8096057,80,,https://drive.google.com/file/d/1Gyb1S8P_7WQm_bBDYtg79B0ZND-a2-Xw/view?usp=drive_link,https://drive.google.com/file/d/1S0yJR24lgL3hyxAjpYRpJ5HWdYAD5ET7/view?usp=drive_link
2230,องค์การบริหารส่วนตำบล,ป่างิ้ว,ป่างิ้ว,ศรีสัชนาลัย,สุโขทัย,"10,927.03",2568,สจป.4 ตาก,องค์การบริหารส่วนตำบลป่างิ้ว,17.53956,99.7776083,50,https://drive.google.com/file/d/1Q_8l65q-0dI1DQsLeJ0M97LaHO7t5xmp/view?usp=drive_link,,
2231,องค์การบริหารส่วนตำบล,แม่สำ,แม่สำ,ศรีสัชนาลัย,สุโขทัย,"116,268.06",2548,สจป.4 ตาก,องค์การบริหารส่วนตำบลแม่สำ,17.5775183,99.7176707,80,,https://drive.google.com/file/d/1Y_jOXhMzAkdkM3WCx7tRkx37hir6Gp8k/view?usp=drive_link,https://drive.google.com/file/d/1-I26CwM4oSjfgzQGceHk9pVjd_5fMKp4/view?usp=drive_link
2232,องค์การบริหารส่วนตำบล,แม่สิน,แม่สิน,ศรีสัชนาลัย,สุโขทัย,"250,689.01",2548,สจป.4 ตาก,องค์การบริหารส่วนตำบลแม่สิน,17.67190312,99.69253349,100,,https://drive.google.com/file/d/1cDyWiXsZeMEj-6Yxa26aI_puXZDE9MXA/view?usp=drive_link,
2233,เทศบาลเมือง,ศรีสัชนาลัย,ศรีสัชนาลัย,ศรีสัชนาลัย,สุโขทัย,"5,590.71",2548,สจป.4 ตาก,เทศบาลเมืองศรีสัชนาลัย,17.4157062,99.8152793,50,,https://drive.google.com/file/d/1Ay-dLpiTJis8l8vB0lU7xktnLTCV6jUa/view?usp=drive_link,https://drive.google.com/file/d/1PejOGpwo9vpo6_pLggz7pzOBvVCZpMfL/view?usp=drive_link
2234,องค์การบริหารส่วนตำบล,สารจิตร,สารจิตร,ศรีสัชนาลัย,สุโขทัย,"1,328.78",2549,สจป.4 ตาก,องค์การบริหารส่วนตำบลสารจิตร,17.4254836,99.7401264,50,,https://drive.google.com/file/d/1Rgzv_-NWM2g5Rw2LN8M26A-nwoZmjq1G/view?usp=drive_link,https://drive.google.com/file/d/1eh9KnV4gKv1ADjfCOQERid215BeiUnNO/view?usp=drive_link
2235,องค์การบริหารส่วนตำบล,หนองอ้อ,หนองอ้อ,ศรีสัชนาลัย,สุโขทัย,"7,482.82",2548,สจป.4 ตาก,องค์การบริหารส่วนตำบลหนองอ้อ,17.4780204,99.7632345,50,,https://drive.google.com/file/d/1I4da1CszJHvok-lfcXBJrs04J7vt5zyI/view?usp=drive_link,https://drive.google.com/file/d/1YD9vgI64j_eEKW3kACoNeYd36AiWK5I8/view?usp=drive_link
2236,เทศบาลตำบล,หาดเสี้ยว,หาดเสี้ยว,ศรีสัชนาลัย,สุโขทัย,"6,014.43",2568,สจป.4 ตาก,เทศบาลตำบลหาดเสี้ยว,17.5167347,99.7561424,50,https://drive.google.com/file/d/1EpBnuTS9b9hdwv9kJ8-I6XuZLov0-4CN/view?usp=drive_link,,
2237,องค์การบริหารส่วนตำบล,นาขุนไกร,นาขุนไกร,ศรีสำโรง,สุโขทัย,"12,314.64",2555,สจป.4 ตาก,องค์การบริหารส่วนตำบลนาขุนไกร,17.25033458,99.64118958,50,,,
2238,องค์การบริหารส่วนตำบล,ราวต้นจันทร์,ราวต้นจันทร์,ศรีสำโรง,สุโขทัย,"3,795.69",2549,สจป.4 ตาก,องค์การบริหารส่วนตำบลราวต้นจันทร์,17.18885207,99.69064817,5,,https://drive.google.com/file/d/1J6sWzQ6MjC--8vHm9bXArC4Ycvjt02cz/view?usp=drive_link,https://drive.google.com/file/d/1AfUBItpc6D_z0CUiOUwyFnxOiZf5XDSA/view?usp=drive_link
2239,องค์การบริหารส่วนตำบล,นาทุ่ง,นาทุ่ง,สวรรคโลก,สุโขทัย,273.8,2549,สจป.4 ตาก,องค์การบริหารส่วนตำบลนาทุ่ง,17.3082614,99.7846846,45,,https://drive.google.com/file/d/14fFSMbCGMb2faBzTShEPCqbM-Somj-5Z/view?usp=drive_link,https://drive.google.com/file/d/1DZn0KCtjF6G5uy3VuIhJI8lYnEDSJioB/view?usp=drive_link
2240,เทศบาลตำบล,เมืองบางขลัง,เมืองบางขลัง,สวรรคโลก,สุโขทัย,"2,645.56",2549,สจป.4 ตาก,เทศบาลตำบลเมืองบางขลัง,17.2282813,99.7055426,50,,https://drive.google.com/file/d/1qe9Ps-VPsG0Ct8cKrP5umdXlUu930EKU/view?usp=drive_link,https://drive.google.com/file/d/1itzQ5kzZ0YuyF7klBJS60yx8XkN48Hmm/view?usp=drive_link
2241,องค์การบริหารส่วนตำบล,ด่านช้าง,ด่านช้าง,ด่านช้าง,สุพรรณบุรี,"76,758.01",2557,สจป.10 ราชบุรี,องค์การบริหารส่วนตำบลด่านช้าง,14.7537976,99.5695043,30,https://drive.google.com/file/d/1loLC5DcEk3i5rXNIvOFhhSd3JXfWXrRE/view?usp=drive_link,,
2242,องค์การบริหารส่วนตำบล,นิคมกระเสียว,นิคมกระเสียว,ด่านช้าง,สุพรรณบุรี,"25,794.75",2548,สจป.10 ราชบุรี,องค์การบริหารส่วนตำบลนิคมกระเสียว,14.8575316,99.576873,25,,https://drive.google.com/file/d/1pwIwCi5bS18EfrJWbMEnv2Z0TU7cM7k0/view?usp=drive_link,https://drive.google.com/file/d/1ZP3dx6-2qWwjcp7JfsUcbsIlyLAtyjvJ/view?usp=drive_link
2243,องค์การบริหารส่วนตำบล,วังคัน,วังคัน,ด่านช้าง,สุพรรณบุรี,"39,244.22",2548,สจป.10 ราชบุรี,องค์การบริหารส่วนตำบลวังคัน,14.95573102,99.64409351,25,,https://drive.google.com/file/d/1h5tQPV-1Y4D0UzDKJaM3MRjm4VTcC3B-/view?usp=drive_link,https://drive.google.com/file/d/1jnltDjVOFXBayiP6ROOtmSjGcraIyH1K/view?usp=drive_link
2244,องค์การบริหารส่วนตำบล,วังยาว,วังยาว,ด่านช้าง,สุพรรณบุรี,"65,956.23",2550,สจป.10 ราชบุรี,องค์การบริหารส่วนตำบลวังยาว,14.8898701,99.3774795,35,,https://drive.google.com/file/d/1qzBlzrVMO1Fv9oqYF99roTpZr6nSHtWE/view?usp=drive_link,
2245,องค์การบริหารส่วนตำบล,หนองมะค่าโมง,หนองมะค่าโมง,ด่านช้าง,สุพรรณบุรี,"4,293.35",2548,สจป.10 ราชบุรี,องค์การบริหารส่วนตำบลหนองมะค่าโมง,14.8730655,99.7037555,25,,https://drive.google.com/file/d/1kxVmCAVY8tllQlYdXf7yA2b3vTlbm2YC/view?usp=drive_link,
2246,องค์การบริหารส่วนตำบล,ห้วยขมิ้น,ห้วยขมิ้น,ด่านช้าง,สุพรรณบุรี,"36,270.44",2557,สจป.10 ราชบุรี,องค์การบริหารส่วนตำบลห้วยขมิ้น,14.9115173,99.6117834,25,https://drive.google.com/file/d/1Ftvh5_UShqelCsvHkavxMHD5GcN-1l5p/view?usp=drive_link,,
2247,องค์การบริหารส่วนตำบล,องค์พระ,องค์พระ,ด่านช้าง,สุพรรณบุรี,"47,529.47",2548,สจป.10 ราชบุรี,องค์การบริหารส่วนตำบลองค์พระ,14.8277182,99.3312527,30,,https://drive.google.com/file/d/1921D_jZ-7Ipblg8Cs32JGKAJbYDjYst9/view?usp=drive_link,https://drive.google.com/file/d/1Oo0P2b4ZCGvbKqPs5NvbkigMwyRAG57n/view?usp=drive_link
2248,องค์การบริหารส่วนตำบล,แจงงาม,แจงงาม,หนองหญ้าไซ,สุพรรณบุรี,61.45,2550,สจป.10 ราชบุรี,องค์การบริหารส่วนตำบลแจงงาม,14.8361792,99.8226436,0,,https://drive.google.com/file/d/1-EsnNpYt63vHIkmkRn9SXBRYUUHaPoxN/view?usp=drive_link,https://drive.google.com/file/d/1EFxLlj3JKblvR9EZQ9vEUKrLottTIZaS/view?usp=drive_link
2249,องค์การบริหารส่วนตำบล,ทัพหลวง,ทัพหลวง,หนองหญ้าไซ,สุพรรณบุรี,"1,711.14",2548,สจป.10 ราชบุรี,องค์การบริหารส่วนตำบลทัพหลวง,14.7609033,99.8234316,0,,https://drive.google.com/file/d/1Wb5PWvB3tQj6e2VBMSLgse9Fy7vFw5Q5/view?usp=drive_link,
2250,เทศบาลตำบล,จรเข้สามพัน,จรเข้สามพัน,อู่ทอง,สุพรรณบุรี,"6,910.77",2548,สจป.10 ราชบุรี,เทศบาลตำบลจรเข้สามพัน,14.3258013,99.8623353,25,,https://drive.google.com/file/d/1EOKijrKgZKaj_5_bL8ah1dJEw2l0COio/view?usp=drive_link,https://drive.google.com/file/d/1gatl00Rv5Xtc0hZ-0whMraf3LLUuQRi9/view?usp=drive_link
2251,องค์การบริหารส่วนตำบล,ดอนคา,ดอนคา,อู่ทอง,สุพรรณบุรี,"5,746.52",2548,สจป.10 ราชบุรี,องค์การบริหารส่วนตำบลดอนคา,14.47682,99.9376862,25,,https://drive.google.com/file/d/1Burlv1CeCiTPpK2eud6I63LvO43DC2Wf/view?usp=drive_link,
2252,เทศบาลตำบล,บ้านโข้ง,บ้านโข้ง,อู่ทอง,สุพรรณบุรี,"2,152.57",2550,สจป.10 ราชบุรี,เทศบาลตำบลบ้านโข้ง,14.56933729,99.87879574,25,,https://drive.google.com/file/d/1BtE5Gwq-kdFd5aWYUTz-hN3up8rjcyL7/view?usp=drive_link,https://drive.google.com/file/d/1HsGtoQtiXIz-wLbObZ9KLtcAWGo7HloG/view?usp=drive_link
2253,องค์การบริหารส่วนตำบล,พลับพลาไชย,พลับพลาไชย,อู่ทอง,สุพรรณบุรี,"9,389.77",2548,สจป.10 ราชบุรี,องค์การบริหารส่วนตำบลพลับพลาไชย,14.5067546,99.9174071,25,,https://drive.google.com/file/d/1qyPe29LaF0i5vyRp_e9D2IEMCZz4VM_7/view?usp=drive_link,https://drive.google.com/file/d/1aqvR1s5WmWZwzJE2nnZhxqQ-Xwq1z2_C/view?usp=drive_link
2254,องค์การบริหารส่วนตำบล,หนองโอ่ง,หนองโอ่ง,อู่ทอง,สุพรรณบุรี,"3,066.69",2548,สจป.10 ราชบุรี,องค์การบริหารส่วนตำบลหนองโอ่ง,14.4276188,99.9069664,25,,https://drive.google.com/file/d/1iZPWrWiiCwF0lS-JggJi2dghUy0BkY6Q/view?usp=drive_link,
2255,เทศบาลตำบล,ท้าวอู่ทอง,อู่ทอง,อู่ทอง,สุพรรณบุรี,"4,934.15",2548,สจป.10 ราชบุรี,เทศบาลตำบลท้าวอู่ทอง,14.3608106,99.884341,25,,https://drive.google.com/file/d/1DHNDaUJyi74uXNcfHzkEwF3AJCPkVhEB/view?usp=drive_link,https://drive.google.com/file/d/1ZP3dx6-2qWwjcp7JfsUcbsIlyLAtyjvJ/view?usp=drive_link
2256,องค์การบริหารส่วนตำบล,คลองสระ,คลองสระ,กาญจนดิษฐ์,สุราษฎร์ธานี,"20,771.12",2549,สจป.11 สุราษฎร์ธานี,องค์การบริหารส่วนตำบลคลองสระ,9.0328069,99.6198654,5,,https://drive.google.com/file/d/1LYxJRSqLCtKciHLyqmx9qmM7WI0BrFa1/view?usp=drive_link,https://drive.google.com/file/d/1_K44-HJgL03TTYKQE9hldN5YJw6AWtoT/view?usp=drive_link
2257,องค์การบริหารส่วนตำบล,ท่าอุแท,ท่าอุแท,กาญจนดิษฐ์,สุราษฎร์ธานี,"14,378.10",2565,สจป.11 สุราษฎร์ธานี,องค์การบริหารส่วนตำบลท่าอุแท,9.107520692,99.5072937,5,,,
2258,องค์การบริหารส่วนตำบล,ป่าร่อน,ป่าร่อน,กาญจนดิษฐ์,สุราษฎร์ธานี,"8,799.20",2555,สจป.11 สุราษฎร์ธานี,องค์การบริหารส่วนตำบลป่าร่อน,9.045032,99.5424913,0,https://drive.google.com/file/d/1ijjqxLnnC5OmRVge9LIomWG266IUyX0d/view?usp=drive_link,,
2259,เทศบาลตำบล,เกาะพะงัน,เกาะพะงัน,เกาะพะงัน,สุราษฎร์ธานี,340.84,2555,สจป.11 สุราษฎร์ธานี,เทศบาลตำบลเกาะพะงัน,9.717495944,99.99400735,0,https://drive.google.com/file/d/1ZCpD_FzDS0navn2IMambz6fAPUahsCii/view?usp=drive_link,,
2260,เทศบาลนคร,เกาะสมุย,"ลิปะน้อย, อ่างทอง,บ่อผุด,หน้าเมือง,แม่น้ำ",เกาะสมุย,สุราษฎร์ธานี,"6,943.00",2568,สจป.11 สุราษฎร์ธานี,เทศบาลนครเกาะสมุย,9.466265,99.98401,0,,,
2261,องค์การบริหารส่วนตำบล,กะเปา,กะเปา,คีรีรัฐนิคม,สุราษฎร์ธานี,0,2549,สจป.11 สุราษฎร์ธานี,องค์การบริหารส่วนตำบลกะเปา,9.0038902,98.9049302,0,,https://drive.google.com/file/d/1KKmSqVat47-yGP-_Cq6wenED76E-5AFd/view?usp=drive_link,https://drive.google.com/file/d/1B5lRxhExL4gTzGkCiLgPTPpgL6Ziz-cE/view?usp=drive_link
2262,องค์การบริหารส่วนตำบล,ถ้ำสิงขร,ถ้ำสิงขร,คีรีรัฐนิคม,สุราษฎร์ธานี,"16,742.43",2555,สจป.11 สุราษฎร์ธานี,องค์การบริหารส่วนตำบลถ้ำสิงขร,9.045338938,99.0396338,5,https://drive.google.com/file/d/1KP_jrzFX1xGj36pgG8odUXz2H3Qo4XTU/view?usp=drive_link,,
2263,องค์การบริหารส่วนตำบล,น้ำหัก,น้ำหัก,คีรีรัฐนิคม,สุราษฎร์ธานี,479.36,2549,สจป.11 สุราษฎร์ธานี,องค์การบริหารส่วนตำบลน้ำหัก,9.135643,98.955832,5,,https://drive.google.com/file/d/1pbiif7k3ksCMl8b_qgWToB_KFV2zKXGt/view?usp=drive_link,https://drive.google.com/file/d/1lzrARY2pS8QiSa9S1h56TGbQJuYEARKV/view?usp=drive_link
2264,องค์การบริหารส่วนตำบล,บ้านทำเนียบ,บ้านทำเนียบ,คีรีรัฐนิคม,สุราษฎร์ธานี,"75,469.83",2549,สจป.11 สุราษฎร์ธานี,องค์การบริหารส่วนตำบลบ้านทำเนียบ,8.890499,98.96553,0,,https://drive.google.com/file/d/19jzI86mzxi4J44YTiyL_-fbHGjN1y6tK/view?usp=drive_link,https://drive.google.com/file/d/1eFkudZAS4CfRqZZbkx4YURTfEaEUObY4/view?usp=drive_link
2265,องค์การบริหารส่วนตำบล,ย่านยาว,ย่านยาว,คีรีรัฐนิคม,สุราษฎร์ธานี,"6,154.50",2555,สจป.11 สุราษฎร์ธานี,องค์การบริหารส่วนตำบลย่านยาว,9.0154045,98.9661583,0,https://drive.google.com/file/d/1xeNzflnPLniGTLDT3TkMN2tzwpCPaKSh/view?usp=drive_link,,
2266,องค์การบริหารส่วนตำบล,เขาตอก,เขาตอก,เคียนซา,สุราษฎร์ธานี,44.16,2555,สจป.11 สุราษฎร์ธานี,องค์การบริหารส่วนตำบลเขาตอก,8.8451942,99.2237543,0,https://drive.google.com/file/d/1ct48hinh-hFg9M3Vkz20fGcCFVnJLQ5S/view?usp=drive_link,,
2267,องค์การบริหารส่วนตำบล,เคียนซา,เคียนซา,เคียนซา,สุราษฎร์ธานี,"17,534.91",2555,สจป.11 สุราษฎร์ธานี,องค์การบริหารส่วนตำบลเคียนซา,8.841097311,99.19431227,5,https://drive.google.com/file/d/1yd-QUO7cIvFM2256iWF5IpVWWNKTIIhA/view?usp=drive_link,,
2268,เทศบาลตำบล,บ้านเสด็จ,บ้านเสด็จ,เคียนซา,สุราษฎร์ธานี,"131,722.71",2555,สจป.11 สุราษฎร์ธานี,เทศบาลตำบลบ้านเสด็จ,8.7631081,99.0646167,0,https://drive.google.com/file/d/1vdnYqLtIQeCGUJaGmMW7_ZzDATYAOs-a/view?usp=drive_link,,
2269,องค์การบริหารส่วนตำบล,พ่วงพรมคร,พ่วงพรมคร,เคียนซา,สุราษฎร์ธานี,"85,662.18",2555,สจป.11 สุราษฎร์ธานี,องค์การบริหารส่วนตำบลพ่วงพรมคร,8.6985145,99.2286746,0,https://drive.google.com/file/d/12yNlTzXbOsI2Vq6jdV-PD6-xH5I-Kh3y/view?usp=drive_link,,
2270,องค์การบริหารส่วนตำบล,อรัญคามวารี,อรัญคามวารี,เคียนซา,สุราษฎร์ธานี,"35,736.25",2555,สจป.11 สุราษฎร์ธานี,องค์การบริหารส่วนตำบลอรัญคามวารี,8.74732953,99.19057846,50,https://drive.google.com/file/d/1e32XTZAGnltGvNIqjfebgs8MpX9llkjy/view?usp=drive_link,,
2271,องค์การบริหารส่วนตำบล,ตะกรบ,ตะกรบ,ไชยา,สุราษฎร์ธานี,652.13,2555,สจป.11 สุราษฎร์ธานี,องค์การบริหารส่วนตำบลตะกรบ,9.4775006,99.2219904,45,https://drive.google.com/file/d/1vasVDFXh7DWR-pCMym7nUYNDy-0sp7so/view?usp=drive_link,,
2272,องค์การบริหารส่วนตำบล,ทุ่ง,ทุ่ง,ไชยา,สุราษฎร์ธานี,"4,056.50",2567,สจป.11 สุราษฎร์ธานี,องค์การบริหารส่วนตำบลทุ่ง,9.1333512,99.402746,5,https://drive.google.com/file/d/1NxIvSkYYXk3SCpiPzSlBLFcV93NLDCeK/view?usp=drive_link,,
2273,องค์การบริหารส่วนตำบล,ปากหมาก,ปากหมาก,ไชยา,สุราษฎร์ธานี,"89,138.73",2555,สจป.11 สุราษฎร์ธานี,องค์การบริหารส่วนตำบลปากหมาก,9.4382018,99.0450383,5,https://drive.google.com/file/d/1DoFsIbMIes1LpLTVsads3dNOCoGMM6og/view?usp=drive_link,,
2274,เทศบาลตำบล,พุมเรียง,พุมเรียง,ไชยา,สุราษฎร์ธานี,"2,123.36",2555,สจป.11 สุราษฎร์ธานี,เทศบาลตำบลพุมเรียง,9.3778162,99.2725753,0,https://drive.google.com/file/d/1Tcak1NC6R_a62d3xgfmkfHb0Hw1CXacZ/view?usp=drive_link,,
2275,องค์การบริหารส่วนตำบล,โมถ่าย,โมถ่าย,ไชยา,สุราษฎร์ธานี,"1,759.72",2555,สจป.11 สุราษฎร์ธานี,องค์การบริหารส่วนตำบลโมถ่าย,9.480217552,99.07848358,0,https://drive.google.com/file/d/1mQ-EjOna9v12dbpVLU_XhxNW8iKrf9FW/view?usp=drive_link,,
2276,องค์การบริหารส่วนตำบล,เลม็ด,เลม็ด,ไชยา,สุราษฎร์ธานี,921.6,2555,สจป.11 สุราษฎร์ธานี,องค์การบริหารส่วนตำบลเลม็ด,9.3635044,99.1897262,0,https://drive.google.com/file/d/1Dxpqo4JsrPwTeQAofwlHZc1CDa-xKAYz/view?usp=drive_link,,
2277,เทศบาลตำบล,เวียง,เวียง,ไชยา,สุราษฎร์ธานี,"1,670.62",2549,สจป.11 สุราษฎร์ธานี,เทศบาลตำบลเวียง,9.3854668,99.178517,0,,https://drive.google.com/file/d/1gypDUH40ZUbhkPWddmiT9i2I5WZEm3Gu/view?usp=drive_link,https://drive.google.com/file/d/16BC7oSoYINUJb1ho5jiK9IY6r9chJ_rj/view?usp=drive_link
2278,องค์การบริหารส่วนตำบล,ไชยคราม,ไชยคราม,ดอนสัก,สุราษฎร์ธานี,587.44,2549,สจป.11 สุราษฎร์ธานี,องค์การบริหารส่วนตำบลไชยคราม,9.2075357,99.6250164,0,,https://drive.google.com/file/d/1M7uHTCr-slntGddg_xuiBJwBfUY_BanD/view?usp=drive_link,https://drive.google.com/file/d/1udvZJq6Hz-qBEM9d-J-aHYulPefGdZrS/view?usp=drive_link
2279,องค์การบริหารส่วนตำบล,ดอนสัก,ดอนสัก,ดอนสัก,สุราษฎร์ธานี,"6,989.85",2555,สจป.11 สุราษฎร์ธานี,องค์การบริหารส่วนตำบลดอนสัก,9.2737515,99.7110591,0,https://drive.google.com/file/d/1M0FgNTvnGl_j8Nm554erbQd2h9_kmqMu/view?usp=drive_link,,
2280,เทศบาลเมือง,ปากแพรก,ปากแพรก,ดอนสัก,สุราษฎร์ธานี,"25,939.10",2549,สจป.11 สุราษฎร์ธานี,เทศบาลเมืองปากแพรก,9.1177177,99.699308,0,,https://drive.google.com/file/d/1_W8cJyJjjJ-4pQbkXR5pVExL-BHlRIyc/view?usp=drive_link,https://drive.google.com/file/d/1njtsCX4Hg7O5rVovY98loLgkvYB8nen_/view?usp=drive_link
2281,องค์การบริหารส่วนตำบล,คลองพา,คลองพา,ท่าชนะ,สุราษฎร์ธานี,"10,782.77",2555,สจป.11 สุราษฎร์ธานี,องค์การบริหารส่วนตำบลคลองพา,9.5924466,99.1199415,5,https://drive.google.com/file/d/1w3SRV7ALUOr2AfWlT-XIs6TraF4OjvMi/view?usp=drive_link,,
2282,องค์การบริหารส่วนตำบล,คันธุลี,คันธุลี,ท่าชนะ,สุราษฎร์ธานี,"23,870.98",2555,สจป.11 สุราษฎร์ธานี,องค์การบริหารส่วนตำบลคันธุลี,9.658415,99.1181411,5,https://drive.google.com/file/d/1u_mZO9zzFSTgYP7XsxXzhekhvUY7J95s/view?usp=drive_link,,
2283,องค์การบริหารส่วนตำบล,ประสงค์,ประสงค์,ท่าชนะ,สุราษฎร์ธานี,"60,638.12",2555,สจป.11 สุราษฎร์ธานี,องค์การบริหารส่วนตำบลประสงค์,9.5225381,99.1365426,5,,,
2284,องค์การบริหารส่วนตำบล,สมอทอง,สมอทอง,ท่าชนะ,สุราษฎร์ธานี,"8,607.50",2555,สจป.11 สุราษฎร์ธานี,องค์การบริหารส่วนตำบลสมอทอง,9.564476733,99.12558652,5,https://drive.google.com/file/d/1QELmtXYy6kqwH7eNVWh4oDy3YCNp2xyS/view?usp=drive_link,,
2285,องค์การบริหารส่วนตำบล,เขาวง,เขาวง,บ้านตาขุน,สุราษฎร์ธานี,"8,748.14",2549,สจป.11 สุราษฎร์ธานี,องค์การบริหารส่วนตำบลเขาวง,8.9288894,98.9188736,0,,https://drive.google.com/file/d/18SXopTNwUQb9GC2FyMMZDNYsVx2m_RZM/view?usp=drive_link,https://drive.google.com/file/d/180-sJ1OALwaiEQneyruJjAqu4jzj98cP/view?usp=drive_link
2286,องค์การบริหารส่วนตำบล,ทรัพย์ทวี,ทรัพย์ทวี,บ้านนาเดิม,สุราษฎร์ธานี,"1,657.60",2549,สจป.11 สุราษฎร์ธานี,องค์การบริหารส่วนตำบลทรัพย์ทวี,8.9276011,99.242202,0,,https://drive.google.com/file/d/1mHtf3grXkzTAe2ayKjaE9myJ5k58wg_o/view?usp=drive_link,https://drive.google.com/file/d/15vXPP1zNnAyIqc7FZtNVC1ffUV3M_f6u/view?usp=drive_link
2287,องค์การบริหารส่วนตำบล,ท่าเรือ,ท่าเรือ,บ้านนาเดิม,สุราษฎร์ธานี,647.34,2549,สจป.11 สุราษฎร์ธานี,องค์การบริหารส่วนตำบลท่าเรือ,8.9266315,99.2735375,0,,https://drive.google.com/file/d/1Bf_pDIPLFYQmGuuCvc13f1dGSF1P5k42/view?usp=drive_link,https://drive.google.com/file/d/1nwB7YHx6auXktMbh_hYe9tYZ4LAwPMeJ/view?usp=drive_link
2288,องค์การบริหารส่วนตำบล,นาใต้,นาใต้,บ้านนาเดิม,สุราษฎร์ธานี,"1,633.05",2555,สจป.11 สุราษฎร์ธานี,องค์การบริหารส่วนตำบลนาใต้,8.9058854,99.3217735,5,https://drive.google.com/file/d/1nOkZo6DbDxVXs5SDiCQtuBjX6DwsQip2/view?usp=drive_link,,
2289,องค์การบริหารส่วนตำบล,บ้านนา,บ้านนา,บ้านนาเดิม,สุราษฎร์ธานี,"3,472.02",2549,สจป.11 สุราษฎร์ธานี,องค์การบริหารส่วนตำบลบ้านนา,8.844567,99.3044435,0,,https://drive.google.com/file/d/1nLftLeNv1xVnx6e8-HXBvNRE3g6VxS9w/view?usp=drive_link,https://drive.google.com/file/d/1ahtvRJCBWJrrGmiy9JHPwFleQYdIHvbL/view?usp=drive_link
2290,เทศบาลตำบล,คลองปราบ,คลองปราบ,บ้านนาสาร,สุราษฎร์ธานี,0,2555,สจป.11 สุราษฎร์ธานี,เทศบาลตำบลคลองปราบ,8.7482163,99.3563308,0,https://drive.google.com/file/d/1uzajTE47DrdICHVCdGkhcD_hPC7AjWaq/view?usp=drive_link,,
2291,องค์การบริหารส่วนตำบล,ทุ่งเตา,ทุ่งเตา,บ้านนาสาร,สุราษฎร์ธานี,"1,283.93",2555,สจป.11 สุราษฎร์ธานี,องค์การบริหารส่วนตำบลทุ่งเตา,8.9276011,99.242202,0,https://drive.google.com/file/d/1LnKLtpn2iNTw9dU8YJ8oZoBC3rFT9nX8/view?usp=drive_link,,
2292,องค์การบริหารส่วนตำบล,ทุ่งเตาใหม่,ทุ่งเตาใหม่,บ้านนาสาร,สุราษฎร์ธานี,164.23,2555,สจป.11 สุราษฎร์ธานี,องค์การบริหารส่วนตำบลทุ่งเตาใหม่,8.9636368,99.3991413,0,https://drive.google.com/file/d/18apxNSyBqQuBCu16iB5aBxZ48EM4bUsn/view?usp=drive_link,,
2293,เทศบาลตำบล,พรุพี,พรุพี,บ้านนาสาร,สุราษฎร์ธานี,"3,850.93",2555,สจป.11 สุราษฎร์ธานี,เทศบาลตำบลพรุพี,8.7138585,99.3545183,0,https://drive.google.com/file/d/1SEByiU1O_dLUZObyik83NInGpT0kTPB6/view?usp=drive_link,,
2294,องค์การบริหารส่วนตำบล,เพิ่มพูนทรัพย์,เพิ่มพูนทรัพย์,บ้านนาสาร,สุราษฎร์ธานี,326.53,2555,สจป.11 สุราษฎร์ธานี,องค์การบริหารส่วนตำบลเพิ่มพูนทรัพย์,8.802296832,99.40979004,5,https://drive.google.com/file/d/1EdeAzmzYqcDXn8n_zyGzsPdJSxNhkRE6/view?usp=drive_link,,
2295,องค์การบริหารส่วนตำบล,ลำพูน,ลำพูน,บ้านนาสาร,สุราษฎร์ธานี,"3,977.58",2549,สจป.11 สุราษฎร์ธานี,องค์การบริหารส่วนตำบลลำพูน,8.823323591,99.40445982,5,,https://drive.google.com/file/d/1ycfkzWxXvtyDqV0wrOeXNaQBNmH0Asly/view?usp=drive_link,https://drive.google.com/file/d/1RXRHr920IDa73EkHV0_lZh3mh_l0TiH_/view?usp=drive_link
2296,เทศบาลตำบล,คลองชะอุ่น,คลองชะอุ่น,พนม,สุราษฎร์ธานี,"38,727.91",2555,สจป.11 สุราษฎร์ธานี,เทศบาลตำบลคลองชะอุ่น,8.7508402,98.8028233,0,https://drive.google.com/file/d/1UQDcGI2AVwys2j6lQtslj0J2gVBTCXnw/view?usp=drive_link,,
2297,องค์การบริหารส่วนตำบล,คลองศก,คลองศก,พนม,สุราษฎร์ธานี,"20,682.48",2549,สจป.11 สุราษฎร์ธานี,องค์การบริหารส่วนตำบลคลองศก,8.8899027,98.6617978,5,,https://drive.google.com/file/d/1STckZ7JOxr_IV95I8EKlwHuQNUZFRlOB/view?usp=drive_link,https://drive.google.com/file/d/1bDFe1BT9MzAIWXvYkPzsBO-Q8rKzUb_n/view?usp=drive_link
2298,องค์การบริหารส่วนตำบล,ต้นยวน,ต้นยวน,พนม,สุราษฎร์ธานี,"7,164.78",2549,สจป.11 สุราษฎร์ธานี,องค์การบริหารส่วนตำบลต้นยวน,8.880747,98.85697603,0,,https://drive.google.com/file/d/1dzMPI362Sp6xF2XmSpToLjlNbIjTC5lt/view?usp=drive_link,https://drive.google.com/file/d/1JtT_WcXeiXkMf2bHzzCBOOwzsFXqEi87/view?usp=drive_link
2299,เทศบาลตำบล,พนม,พนม,พนม,สุราษฎร์ธานี,8.87,2549,สจป.11 สุราษฎร์ธานี,เทศบาลตำบลพนม,8.8585264,98.8116924,5,,https://drive.google.com/file/d/1-myVLGKIqiXTygIn6gp_WIRjiaR9W0dq/view?usp=drive_link,https://drive.google.com/file/d/1-1KIqtZPCOHIRN51lpB7gFWJB_rNHbw_/view?usp=drive_link
2300,องค์การบริหารส่วนตำบล,พลูเถื่อน,พลูเถื่อน,พนม,สุราษฎร์ธานี,"32,504.05",2555,สจป.11 สุราษฎร์ธานี,องค์การบริหารส่วนตำบลพลูเถื่อน,8.7126559,98.7271135,0,https://drive.google.com/file/d/1UQDcGI2AVwys2j6lQtslj0J2gVBTCXnw/view?usp=drive_link,,
2301,องค์การบริหารส่วนตำบล,ไทรขึง,ไทรขึง,พระแสง,สุราษฎร์ธานี,"19,029.37",2555,สจป.11 สุราษฎร์ธานี,องค์การบริหารส่วนตำบลไทรขึง,8.526748433,99.10314725,0,https://drive.google.com/file/d/17JfnLQ_AHmyAFAu37baw1myfZlYRgGiu/view?usp=drive_link,,
2302,องค์การบริหารส่วนตำบล,บางสวรรค์,บางสวรรค์,พระแสง,สุราษฎร์ธานี,"70,772.03",2555,สจป.11 สุราษฎร์ธานี,องค์การบริหารส่วนตำบลบางสวรรค์,8.591922596,99.03030252,0,https://drive.google.com/file/d/1u0TlRJwwgudCrCM_w5sWzeaU8wOwBGFH/view?usp=drive_link,,
2303,องค์การบริหารส่วนตำบล,สาคู,สาคู,พระแสง,สุราษฎร์ธานี,"29,527.10",2555,สจป.11 สุราษฎร์ธานี,องค์การบริหารส่วนตำบลสาคู,8.5612728,99.1626122,5,https://drive.google.com/file/d/1fjklhqnAcLT7OyMGkfS54bfwtmCustrm/view?usp=drive_link,,
2304,องค์การบริหารส่วนตำบล,สินเจริญ,สินเจริญ,พระแสง,สุราษฎร์ธานี,"13,447.72",2555,สจป.11 สุราษฎร์ธานี,องค์การบริหารส่วนตำบลสินเจริญ,8.413500443,99.24240326,0,https://drive.google.com/file/d/1CZqdBubN_z5ePGzm8z37RmSl-eusdIbS/view?usp=drive_link,,
2305,องค์การบริหารส่วนตำบล,สินปุน,สินปุน,พระแสง,สุราษฎร์ธานี,2.41,2555,สจป.11 สุราษฎร์ธานี,องค์การบริหารส่วนตำบลสินปุน,8.5300254,99.2418545,0,,,
2306,องค์การบริหารส่วนตำบล,อิปัน,อิปัน,พระแสง,สุราษฎร์ธานี,"11,322.03",2555,สจป.11 สุราษฎร์ธานี,องค์การบริหารส่วนตำบลอิปัน,8.569505258,99.22918819,5,https://drive.google.com/file/d/1UrdYm1jMrHxqkYxhO4bSZuxIB49CfPz1/view?usp=drive_link,,
2307,องค์การบริหารส่วนตำบล,กรูด,กรูด,พุนพิน,สุราษฎร์ธานี,"20,822.67",2549,สจป.11 สุราษฎร์ธานี,องค์การบริหารส่วนตำบลกรูด,8.9572086,99.163631,0,,https://drive.google.com/file/d/17VzBFymP2EJw1eDdqdJfywNIZBWHp5A_/view?usp=drive_link,https://drive.google.com/file/d/1PR5lV_Y1rjHF-QU2CjNxnS-gbWGo9U99/view?usp=drive_link
2308,องค์การบริหารส่วนตำบล,ตะปาน,ตะปาน,พุนพิน,สุราษฎร์ธานี,"68,692.95",2555,สจป.11 สุราษฎร์ธานี,องค์การบริหารส่วนตำบลตะปาน,8.866495,99.146801,5,https://drive.google.com/file/d/1LCcpf-8xQJjOPXNO00h3aVxmh2GieIut/view?usp=drive_link,,
2309,เทศบาลตำบล,มะลวน,มะลวน,พุนพิน,สุราษฎร์ธานี,"11,955.10",2549,สจป.11 สุราษฎร์ธานี,เทศบาลตำบลมะลวน,9.1602205,99.1405032,0,,https://drive.google.com/file/d/1JEYeUImFFnw7feOsVG3S3y53Q9K2IPz7/view?usp=drive_link,https://drive.google.com/file/d/1oHxKzd6dICK2lijhAMltTSXsJDIpFvGI/view?usp=drive_link
2310,เทศบาลตำบล,ขุนทะเล,ขุนทะเล,เมืองสุราษฎร์ธานี,สุราษฎร์ธานี,442.47,2555,สจป.11 สุราษฎร์ธานี,เทศบาลตำบลขุนทะเล,9.0309557,99.372355,0,https://drive.google.com/file/d/16-DZb3ykeMkYDNxRRBMZbq94u_fsxmA_/view?usp=drive_link,,
2311,เทศบาลตำบล,บ้านส้อง,บ้านส้อง,เวียงสระ,สุราษฎร์ธานี,"2,579.83",2549,สจป.11 สุราษฎร์ธานี,เทศบาลตำบลบ้านส้อง,8.6604268,99.376797,0,,https://drive.google.com/file/d/1RSIdAMmAf1WfJoFyGEFTE75fJr9qE-Fo/view?usp=drive_link,https://drive.google.com/file/d/1v-4a7YKK4GGoDeYLgrS_JqOkSKwgbtXi/view?usp=drive_link
2312,เทศบาลตำบล,กาบเชิง,กาบเชิง,กาบเชิง,สุรินทร์,"6,584.18",2549,สจป.8 นครราชสีมา,เทศบาลตำบลกาบเชิง,14.4739432,103.5998426,45,,https://drive.google.com/file/d/1zwZZM_38GlI2BLdVrnBIW3CdxCdaI7nf/view?usp=drive_link,https://drive.google.com/file/d/1wi3ABKKrVeGynQ6MB3Mt8AOYMe5sJf_l/view?usp=drive_link
2313,องค์การบริหารส่วนตำบล,คูตัน,คูตัน,กาบเชิง,สุรินทร์,"1,409.34",2549,สจป.8 นครราชสีมา,องค์การบริหารส่วนตำบลคูตัน,14.53590918,103.6425465,0,,https://drive.google.com/file/d/19cnsNZ_PdAjfkNfAu7SrnCYvkotaoiSo/view?usp=drive_link,https://drive.google.com/file/d/1zVgZjsxfqox3oDnFLxVlnxHYX_8eyF2d/view?usp=drive_link
2314,เทศบาลตำบล,โคกตะเคียน,โคกตะเคียน,กาบเชิง,สุรินทร์,"8,145.01",2549,สจป.8 นครราชสีมา,เทศบาลตำบลโคกตะเคียน,14.5279573,103.5324321,50,,https://drive.google.com/file/d/1OPMRfvr9eSRWD-OyOp4OhrzM1cuGMy1G/view?usp=drive_link,https://drive.google.com/file/d/1KkEAc3Cic7BaxEjO7bYUfGlP3JIBLVaz/view?usp=drive_link
2315,เทศบาลตำบล,ด่าน,ด่าน,กาบเชิง,สุรินทร์,"1,075.42",2549,สจป.8 นครราชสีมา,เทศบาลตำบลด่าน,14.48920105,103.7051868,45,,https://drive.google.com/file/d/1JxS8N_Ey-l9yPFMwzTldfXbD3Nz8KlSB/view?usp=drive_link,
2316,องค์การบริหารส่วนตำบล,ตะเคียน,ตะเคียน,กาบเชิง,สุรินทร์,64.41,2549,สจป.8 นครราชสีมา,องค์การบริหารส่วนตำบลตะเคียน,14.4929672,103.6392351,45,,https://drive.google.com/file/d/1WUpBVl3h6yVUe3FWjhp66fGRRlCl2fK-/view?usp=drive_link,
2317,องค์การบริหารส่วนตำบล,แนงมุด,แนงมุด,กาบเชิง,สุรินทร์,"5,806.28",2549,สจป.8 นครราชสีมา,องค์การบริหารส่วนตำบลแนงมุด,14.45560076,103.3997217,50,,https://drive.google.com/file/d/1XwedtA1_7PIJGo_xda9CZheQ2eOMjy5u/view?usp=drive_link,https://drive.google.com/file/d/1qaLVOwUmH4zR6qMZki6SWLEkoiUJpSY_/view?usp=drive_link
2318,องค์การบริหารส่วนตำบล,ปราสาททอง,ปราสาททอง,เขวาสินรินทร์,สุรินทร์,362.2,2549,สจป.8 นครราชสีมา,องค์การบริหารส่วนตำบลปราสาททอง,14.9788215,103.6419244,45,,https://drive.google.com/file/d/1LPQlg5BdM5c-oyDS2Iu1Yr_HXOkIfyvp/view?usp=drive_link,https://drive.google.com/file/d/1OWOc-PvNlVDuHk162hZeqCsJN_KLSCx9/view?usp=drive_link
2319,องค์การบริหารส่วนตำบล,กระโพ,กระโพ,ท่าตูม,สุรินทร์,"12,115.94",2555,สจป.8 นครราชสีมา,องค์การบริหารส่วนตำบลกระโพ,15.240393,103.5265053,50,https://drive.google.com/file/d/1RancZkKSHUlja1CJsNFrUgbjyQviOVB5/view?usp=drive_link,,
2320,องค์การบริหารส่วนตำบล,ท่าตูม,ท่าตูม,ท่าตูม,สุรินทร์,"9,805.42",2555,สจป.8 นครราชสีมา,องค์การบริหารส่วนตำบลท่าตูม,15.3268948,103.6518504,50,https://drive.google.com/file/d/1dT2h90_nSOZnNXZM1i4PROVTw2ygFAY4/view?usp=drive_link,,
2321,องค์การบริหารส่วนตำบล,หนองบัว,หนองบัว,ท่าตูม,สุรินทร์,"4,608.22",2555,สจป.8 นครราชสีมา,องค์การบริหารส่วนตำบลหนองบัว,15.3219491,103.7395852,5,https://drive.google.com/file/d/138KFHLtXrTDXQ8v53zbj1kcdrj2Tbj4Y/view?usp=drive_link,,
2322,องค์การบริหารส่วนตำบล,คำผง,คำผง,โนนนารายณ์,สุรินทร์,769.69,2549,สจป.8 นครราชสีมา,องค์การบริหารส่วนตำบลคำผง,15.18215706,103.9629364,45,,https://drive.google.com/file/d/1PWYLZLa43mu62FjfLlxI8Wl-vlqwKfqh/view?usp=drive_link,
2323,องค์การบริหารส่วนตำบล,ระเวียง,ระเวียง,โนนนารายณ์,สุรินทร์,"4,763.31",2555,สจป.8 นครราชสีมา,องค์การบริหารส่วนตำบลระเวียง,15.22855615,103.8713093,5,https://drive.google.com/file/d/14uR8hGzSmBYACXvC9dU8ioKwazLZ6aVL/view?usp=drive_link,,
2324,องค์การบริหารส่วนตำบล,หนองเทพ,หนองเทพ,โนนนารายณ์,สุรินทร์,"1,104.07",2549,สจป.8 นครราชสีมา,องค์การบริหารส่วนตำบลหนองเทพ,15.1500284,103.8778127,45,,https://drive.google.com/file/d/1v8fH8WRkw9RxGOESn1xT-SBGauBw7xIb/view?usp=drive_link,https://drive.google.com/file/d/17lWU9Uu_J87msnfTlontDSfb4jV7cXYz/view?usp=drive_link
2325,องค์การบริหารส่วนตำบล,หนองหลวง,หนองหลวง,โนนนารายณ์,สุรินทร์,0,2549,สจป.8 นครราชสีมา,องค์การบริหารส่วนตำบลหนองหลวง,15.236974,103.9156153,0,,https://drive.google.com/file/d/1kwgot6JvuTsQjEDky2Pkp-t8Wnz3HDMQ/view?usp=drive_link,https://drive.google.com/file/d/1lOGOzD9A_0395sm2zs332Y3W8tGCsfoz/view?usp=drive_link
2326,องค์การบริหารส่วนตำบล,ตาวัง,ตาวัง,บัวเชด,สุรินทร์,655.22,2555,สจป.8 นครราชสีมา,องค์การบริหารส่วนตำบลตาวัง,14.5987044,104.0095461,45,https://drive.google.com/file/d/17HY39GL677z0qWDk3HwNwKtmPM1Buk8I/view?usp=drive_link,,
2327,องค์การบริหารส่วนตำบล,สำเภาลูน,สำเภาลูน,บัวเชด,สุรินทร์,62.43,2555,สจป.8 นครราชสีมา,องค์การบริหารส่วนตำบลสำเภาลูน,14.55870398,103.9826989,45,https://drive.google.com/file/d/10b047M5WfSkqFsDe60Nx6Uuzs4e4KYzq/view?usp=drive_link,,
2328,องค์การบริหารส่วนตำบล,โคกยาง,โคกยาง,ปราสาท,สุรินทร์,"3,768.03",2555,สจป.8 นครราชสีมา,องค์การบริหารส่วนตำบลโคกยาง,14.6776787,103.5239279,50,,,
2329,องค์การบริหารส่วนตำบล,โชคนาสาม,โชคนาสาม,ปราสาท,สุรินทร์,"4,754.45",2555,สจป.8 นครราชสีมา,องค์การบริหารส่วนตำบลโชคนาสาม,14.5496396,103.2694841,45,,,
2330,องค์การบริหารส่วนตำบล,ตานี,ตานี,ปราสาท,สุรินทร์,"1,430.14",2555,สจป.8 นครราชสีมา,องค์การบริหารส่วนตำบลตานี,14.6252484,103.2590532,45,,,
2331,องค์การบริหารส่วนตำบล,ทมอ,ทมอ,ปราสาท,สุรินทร์,"1,374.72",2555,สจป.8 นครราชสีมา,องค์การบริหารส่วนตำบลทมอ,14.74710411,103.4796372,45,,,
2332,องค์การบริหารส่วนตำบล,ทุ่งมน,ทุ่งมน,ปราสาท,สุรินทร์,"2,997.06",2555,สจป.8 นครราชสีมา,องค์การบริหารส่วนตำบลทุ่งมน,14.7136696,103.2976364,50,,,
2333,องค์การบริหารส่วนตำบล,ปรือ,ปรือ,ปราสาท,สุรินทร์,159.32,2555,สจป.8 นครราชสีมา,องค์การบริหารส่วนตำบลปรือ,14.62029008,103.2971773,45,,,
2334,องค์การบริหารส่วนตำบล,สมุด,สมุด,ปราสาท,สุรินทร์,"2,191.94",2555,สจป.8 นครราชสีมา,องค์การบริหารส่วนตำบลสมุด,14.70059005,103.327731,50,,,
2335,องค์การบริหารส่วนตำบล,หนองใหญ่,หนองใหญ่,ปราสาท,สุรินทร์,"1,997.23",2555,สจป.8 นครราชสีมา,องค์การบริหารส่วนตำบลหนองใหญ่,14.5899289,103.4583308,45,,,
2336,องค์การบริหารส่วนตำบล,โคกกลาง,โคกกลาง,พนมดงรัก,สุรินทร์,600.64,2549,สจป.8 นครราชสีมา,องค์การบริหารส่วนตำบลโคกกลาง,14.5090331,103.2427015,45,,https://drive.google.com/file/d/1NKO2xEVou8rs0r-qj1oIUnaYUnChQ245/view?usp=drive_link,https://drive.google.com/file/d/1d5yWdQW1yyYJUoS2E2PFMWtpivY4aJYc/view?usp=drive_link
2337,องค์การบริหารส่วนตำบล,จีกแดก,จีกแดก,พนมดงรัก,สุรินทร์,"1,435.38",2549,สจป.8 นครราชสีมา,องค์การบริหารส่วนตำบลจีกแดก,14.485175,103.3017976,45,,https://drive.google.com/file/d/1ks8eYB6c_FsaRToLE08zsoFGERu-RKj0/view?usp=drive_link,https://drive.google.com/file/d/14kM34Qa2iDqAsLvzhSGwubudEQB2sYmU/view?usp=drive_link
2338,องค์การบริหารส่วนตำบล,ตาเมียง,ตาเมียง,พนมดงรัก,สุรินทร์,"2,690.22",2549,สจป.8 นครราชสีมา,องค์การบริหารส่วนตำบลตาเมียง,14.4297642,103.2744076,45,,https://drive.google.com/file/d/1wnSSkNWu5ehObDM1FNjUpwArb_MOR8MW/view?usp=drive_link,https://drive.google.com/file/d/1UWPu5-tP0EiBXpAHxFKglYhbgEfgVauG/view?usp=drive_link
2339,องค์การบริหารส่วนตำบล,บักได,บักได,พนมดงรัก,สุรินทร์,"3,249.33",2549,สจป.8 นครราชสีมา,องค์การบริหารส่วนตำบลบักได,14.41808652,103.3045131,45,,https://drive.google.com/file/d/10fBgmgEcRRBdYKZQSktJtt6f8OJP26xH/view?usp=drive_link,https://drive.google.com/file/d/12jVDSU9kJ4593y6pArBRtvFUt_7J8myY/view?usp=drive_link
2340,องค์การบริหารส่วนตำบล,เฉนียง,เฉนียง,เมืองสุรินทร์,สุรินทร์,222.49,2555,สจป.8 นครราชสีมา,องค์การบริหารส่วนตำบลเฉนียง,14.8109649,103.4702203,0,,,
2341,องค์การบริหารส่วนตำบล,ท่าสว่าง,ท่าสว่าง,เมืองสุรินทร์,สุรินทร์,"2,989.51",2555,สจป.8 นครราชสีมา,องค์การบริหารส่วนตำบลท่าสว่าง,14.9242308,103.4708075,45,,,
2342,องค์การบริหารส่วนตำบล,เทนมีย์,เทนมีย์,เมืองสุรินทร์,สุรินทร์,"8,472.71",2555,สจป.8 นครราชสีมา,องค์การบริหารส่วนตำบลเทนมีย์,14.783434,103.5416397,45,,,
2343,องค์การบริหารส่วนตำบล,นาดี,นาดี,เมืองสุรินทร์,สุรินทร์,"1,083.08",2556,สจป.8 นครราชสีมา,องค์การบริหารส่วนตำบลนาดี,15.016341,103.4882743,0,,,
2344,องค์การบริหารส่วนตำบล,นาบัว,นาบัว,เมืองสุรินทร์,สุรินทร์,"1,103.79",2549,สจป.8 นครราชสีมา,องค์การบริหารส่วนตำบลนาบัว,14.7970068,103.3992817,45,,https://drive.google.com/file/d/1nx2I-e6ImVga3SuyMzoHTuiXICZocd-v/view?usp=drive_link,https://drive.google.com/file/d/1CcvqsJBqMMt6-UVEQxSUE0dcbakhzeAX/view?usp=drive_link
2345,องค์การบริหารส่วนตำบล,บุฤาษี,บุฤาษี,เมืองสุรินทร์,สุรินทร์,"1,405.06",2549,สจป.8 นครราชสีมา,องค์การบริหารส่วนตำบลบุฤาษี,14.89728293,103.5820806,50,,https://drive.google.com/file/d/1iQdhmrjP-PCOd311SJZo1B1rmQGAZLil/view?usp=drive_link,https://drive.google.com/file/d/1DNpwIbGSztxGE4ff0JSrNo9YCjaP7XEx/view?usp=drive_link
2346,เทศบาลตำบล,เพี้ยราม,เพี้ยราม,เมืองสุรินทร์,สุรินทร์,"1,753.92",2555,สจป.8 นครราชสีมา,เทศบาลตำบลเพี้ยราม,15.10262048,103.4740448,45,,,
2347,องค์การบริหารส่วนตำบล,เมืองที,เมืองที,เมืองสุรินทร์,สุรินทร์,121,2556,สจป.8 นครราชสีมา,องค์การบริหารส่วนตำบลเมืองที,14.88505499,103.6508417,45,,,
2348,องค์การบริหารส่วนตำบล,สวาย,สวาย,เมืองสุรินทร์,สุรินทร์,"3,756.47",2556,สจป.8 นครราชสีมา,องค์การบริหารส่วนตำบลสวาย,14.8051656,103.3511244,50,,,
2349,องค์การบริหารส่วนตำบล,สำโรง,สำโรง,เมืองสุรินทร์,สุรินทร์,"1,484.04",2555,สจป.8 นครราชสีมา,องค์การบริหารส่วนตำบลสำโรง,14.7846692,103.6429302,45,,,
2350,องค์การบริหารส่วนตำบล,ดอนแรด,ดอนแรด,รัตนบุรี,สุรินทร์,"14,627.33",2549,สจป.8 นครราชสีมา,องค์การบริหารส่วนตำบลดอนแรด,15.3572357,103.9931972,5,,https://drive.google.com/file/d/1j_5_0uM2VTaRjEWTCuyRocydw2LKXex-/view?usp=drive_link,https://drive.google.com/file/d/1wuO6yuKWFonvHQYPQYsjaDC80ocq8BSS/view?usp=drive_link
2351,องค์การบริหารส่วนตำบล,ธาตุ,ธาตุ,รัตนบุรี,สุรินทร์,21.27,2549,สจป.8 นครราชสีมา,องค์การบริหารส่วนตำบลธาตุ,15.3162873,103.9345032,45,,https://drive.google.com/file/d/19RlI9h5FtqnSn9nWOPnc3ZxqeW8E1h_i/view?usp=drive_link,https://drive.google.com/file/d/16Uj1fFwsa04vXlgcoBeOMsGUjXD_fh6I/view?usp=drive_link
2352,องค์การบริหารส่วนตำบล,น้ำเขียว,น้ำเขียว,รัตนบุรี,สุรินทร์,21.27,2556,สจป.8 นครราชสีมา,องค์การบริหารส่วนตำบลน้ำเขียว,15.3128501,103.7909467,50,,,
2353,องค์การบริหารส่วนตำบล,เบิด,เบิด,รัตนบุรี,สุรินทร์,55.72,2549,สจป.8 นครราชสีมา,องค์การบริหารส่วนตำบลเบิด,15.2755053,103.9263878,0,,https://drive.google.com/file/d/1yJr22QnbCU0TtJKZAAQFBwidRxkKYVMQ/view?usp=drive_link,https://drive.google.com/file/d/16BYX-lbCefqdAYnZl4MR4NECnm5g1zS2/view?usp=drive_link
2354,องค์การบริหารส่วนตำบล,ไผ่,ไผ่,รัตนบุรี,สุรินทร์,"2,818.38",2555,สจป.8 นครราชสีมา,องค์การบริหารส่วนตำบลไผ่,15.3183995,103.8771071,45,,,
2355,เทศบาลตำบล,รัตนบุรี,รัตนบุรี,รัตนบุรี,สุรินทร์,"12,437.90",2555,สจป.8 นครราชสีมา,เทศบาลตำบลรัตนบุรี,15.337167,103.841126,50,,,
2356,องค์การบริหารส่วนตำบล,หนองบัวบาน,หนองบัวบาน,รัตนบุรี,สุรินทร์,"5,356.43",2555,สจป.8 นครราชสีมา,องค์การบริหารส่วนตำบลหนองบัวบาน,15.228122,103.823672,50,,,
2357,องค์การบริหารส่วนตำบล,โชกเหนือ,โชคเหนือ,ลำดวน,สุรินทร์,588.86,2555,สจป.8 นครราชสีมา,องค์การบริหารส่วนตำบลโชกเหนือ,14.75363533,103.7239838,45,,,
2358,องค์การบริหารส่วนตำบล,ตระเปียงเตีย,ตระเปียงเตีย,ลำดวน,สุรินทร์,"2,582.64",2555,สจป.8 นครราชสีมา,องค์การบริหารส่วนตำบลตระเปียงเตีย,14.74342599,103.7676072,45,,,
2359,องค์การบริหารส่วนตำบล,อู่โลก,อู่โลก,ลำดวน,สุรินทร์,"4,145.92",2555,สจป.8 นครราชสีมา,องค์การบริหารส่วนตำบลอู่โลก,14.6716072,103.6754911,45,,,
2360,องค์การบริหารส่วนตำบล,แจนแวน,แจนแวน,ศรีณรงค์,สุรินทร์,187.05,2549,สจป.8 นครราชสีมา,องค์การบริหารส่วนตำบลแจนแวน,14.78273555,103.9331692,45,,https://drive.google.com/file/d/1rasx7cifz6UtZG5bRI9LBlX_Mcrhf4sN/view?usp=drive_link,https://drive.google.com/file/d/1EZq6gW2wggdLS2Q8YPiau906hlwLpAkq/view?usp=drive_link
2361,องค์การบริหารส่วนตำบล,ณรงค์,ณรงค์,ศรีณรงค์,สุรินทร์,"1,457.22",2555,สจป.8 นครราชสีมา,องค์การบริหารส่วนตำบลณรงค์,14.7668207,103.8737184,0,https://drive.google.com/file/d/1JfYMFUmbhvK5c_0J1L8cW26ME0_fp09X/view?usp=drive_link,,
2362,เทศบาลตำบล,ศรีสุข,ศรีสุข,ศรีณรงค์,สุรินทร์,"1,160.82",2549,สจป.8 นครราชสีมา,เทศบาลตำบลศรีสุข,14.7425105,103.807558,0,,https://drive.google.com/file/d/1ViV8sq4bsm8P3nQbebvT2KJ76HtzdQkF/view?usp=drive_link,https://drive.google.com/file/d/1U6z6vpoN_3wjH_7nwVDKV-K3gEJ0OM9G/view?usp=drive_link
2363,องค์การบริหารส่วนตำบล,หนองแวง,หนองแวง,ศรีณรงค์,สุรินทร์,"4,889.90",2555,สจป.8 นครราชสีมา,องค์การบริหารส่วนตำบลหนองแวง,14.7716004,103.9754196,0,https://drive.google.com/file/d/1lVYUFfRkzZlrwCBgPnjjfZ-196CQprsw/view?usp=drive_link,,
2364,องค์การบริหารส่วนตำบล,กุดหวาย,กุดหวาย,ศีขรภูมิ,สุรินทร์,169.81,2555,สจป.8 นครราชสีมา,องค์การบริหารส่วนตำบลกุดหวาย,14.9191818,103.8654797,45,https://drive.google.com/file/d/1RtzvKWIxbRPLUr5EE8wyikJALFDb_qdr/view?usp=drive_link,,
2365,องค์การบริหารส่วนตำบล,ตรมไพร,ตรมไพร,ศีขรภูมิ,สุรินทร์,383.73,2549,สจป.8 นครราชสีมา,องค์การบริหารส่วนตำบลตรมไพร,14.8725475,103.7938695,0,,https://drive.google.com/file/d/17cBuNjWYMzwj8lqYMVpQLpklceIJHbtn/view?usp=drive_link,https://drive.google.com/file/d/1I25ltPUvGnp2lmAOUMnHUA9SDct8F7xl/view?usp=drive_link
2366,เทศบาลตำบล,ผักไหม,ผักไหม,ศีขรภูมิ,สุรินทร์,90.38,2549,สจป.8 นครราชสีมา,เทศบาลตำบลผักไหม,14.8677812,103.8422902,45,,https://drive.google.com/file/d/1KBtf0GUN_UW7zzlJ5-22BdEtCqhNUI6x/view?usp=drive_link,https://drive.google.com/file/d/1JtX-iw4WN8eBamDXhf08bEx1WykP8YrX/view?usp=drive_link
2367,องค์การบริหารส่วนตำบล,ระแงง,ระแงง,ศีขรภูมิ,สุรินทร์,33.24,2549,สจป.8 นครราชสีมา,องค์การบริหารส่วนตำบลระแงง,14.89636016,103.7950636,0,,https://drive.google.com/file/d/18J-CvzF2dAysuNOLLECzeW4FM1nNrasg/view?usp=drive_link,https://drive.google.com/file/d/1mBB4JrwRn7ZBUI2hgoDfJ608vpzBbQRK/view?usp=drive_link
2368,องค์การบริหารส่วนตำบล,หนองเหล็ก,หนองเหล็ก,ศีขรภูมิ,สุรินทร์,"2,649.17",2549,สจป.8 นครราชสีมา,องค์การบริหารส่วนตำบลหนองเหล็ก,14.8241541,103.7133294,45,,https://drive.google.com/file/d/16wQLgHZXatbWQT4DIy8q86dQsX5Uacg4/view?usp=drive_link,https://drive.google.com/file/d/1Tyi_qyN1lRdgPW7NO59r2kLNEAlJ7bf4/view?usp=drive_link
2369,องค์การบริหารส่วนตำบล,โพนโก,โพนโก,สนม,สุรินทร์,"2,373.61",2549,สจป.8 นครราชสีมา,องค์การบริหารส่วนตำบลโพนโก,15.2638772,103.7548134,50,,https://drive.google.com/file/d/1pEHbNLohvzI_HqCicJe7FJ-pp1HX4P3v/view?usp=drive_link,https://drive.google.com/file/d/1ySMbBl4bXJHS1UQwxLCOLyiCDTl3jL5K/view?usp=drive_link
2370,องค์การบริหารส่วนตำบล,กระเทียม,กระเทียม,สังขะ,สุรินทร์,"1,180.46",2549,สจป.8 นครราชสีมา,องค์การบริหารส่วนตำบลกระเทียม,14.5925861,103.6829668,45,,https://drive.google.com/file/d/1whcVOfeY7s16ANQheIITAo1BGSEmtcjw/view?usp=drive_link,https://drive.google.com/file/d/1G8icWfIDFQBkZm1X7vNFaBJ29nfKxgpy/view?usp=drive_link
2371,องค์การบริหารส่วนตำบล,ตาคง,ตาคง,สังขะ,สุรินทร์,"3,459.10",2555,สจป.8 นครราชสีมา,องค์การบริหารส่วนตำบลตาคง,14.614947,103.972961,45,https://drive.google.com/file/d/1FIMhwVigNhWPas-Plf9wUUXMHmC7Xuu6/view?usp=drive_link,,
2372,องค์การบริหารส่วนตำบล,ตาตุม,ตาตุม,สังขะ,สุรินทร์,"5,291.46",2555,สจป.8 นครราชสีมา,องค์การบริหารส่วนตำบลตาตุม,14.49912099,103.7883461,50,https://drive.google.com/file/d/1RvwQaaVPXzq3Ou_FX0lmbJlG2GNcQ3H_/view?usp=drive_link,,
2373,องค์การบริหารส่วนตำบล,ทับทัน,ทับทัน,สังขะ,สุรินทร์,"2,048.06",2555,สจป.8 นครราชสีมา,องค์การบริหารส่วนตำบลทับทัน,14.6869757,103.8028301,45,https://drive.google.com/file/d/1Q8UK115oQQrvvmTdkowV96ZSozh5Liii/view?usp=drive_link,,
2374,องค์การบริหารส่วนตำบล,บ้านจารย์,บ้านจารย์,สังขะ,สุรินทร์,"2,146.41",2555,สจป.8 นครราชสีมา,องค์การบริหารส่วนตำบลบ้านจารย์,14.5663644,103.7428082,45,https://drive.google.com/file/d/1aWWTsCWnRapCKa3acqJI1XFRc_vg8K75/view?usp=drive_link,,
2375,องค์การบริหารส่วนตำบล,บ้านชบ,บ้านชบ,สังขะ,สุรินทร์,"1,876.48",2555,สจป.8 นครราชสีมา,องค์การบริหารส่วนตำบลบ้านชบ,14.6202144,103.850604,0,https://drive.google.com/file/d/1OIp7oOqZmV2vM8VTIM7AjK3d5b9RvSkh/view?usp=drive_link,,
2376,องค์การบริหารส่วนตำบล,สะกาด,สะกาด,สังขะ,สุรินทร์,918.6,2555,สจป.8 นครราชสีมา,องค์การบริหารส่วนตำบลสะกาด,14.6207324,103.7420505,45,https://drive.google.com/file/d/1Yt8orzpkOeS4wzPneff0K1rjVkT-SRyi/view?usp=drive_link,,
2377,องค์การบริหารส่วนตำบล,สังขะ,สังขะ,สังขะ,สุรินทร์,320.49,2555,สจป.8 นครราชสีมา,องค์การบริหารส่วนตำบลสังขะ,14.6643927,103.8260527,0,https://drive.google.com/file/d/1nPbOhHA82RZRnaDB1DocVFeob6gocEae/view?usp=drive_link,,
2378,องค์การบริหารส่วนตำบล,นาดี,นาดี,เฝ้าไร่,หนองคาย,"2,831.35",2554,สจป.6 อุดรธานี,องค์การบริหารส่วนตำบลนาดี,17.9949831,103.3634664,50,https://drive.google.com/file/d/1Cql4--Fw5UAa7bIq1FaIWyB1J_t-LMbS/view?usp=drive_link,,
2379,เทศบาลตำบล,เฝ้าไร่,เฝ้าไร่,เฝ้าไร่,หนองคาย,225.84,2550,สจป.6 อุดรธานี,เทศบาลตำบลเฝ้าไร่,18.0174665,103.3058777,0,,https://drive.google.com/file/d/1pSL_aJrwcm_jC3cuNUr13vcUpU2yE-Kj/view?usp=drive_link,https://drive.google.com/file/d/1q5bMVmwbiwAaZyqHB7UBnkzvgdEIx7NU/view?usp=drive_link
2380,องค์การบริหารส่วนตำบล,วังหลวง,วังหลวง,เฝ้าไร่,หนองคาย,908.89,2550,สจป.6 อุดรธานี,องค์การบริหารส่วนตำบลวังหลวง,18.0684053,103.2816609,0,,https://drive.google.com/file/d/10rnWRXoXXCMO5Wl2ZauQqPtd8tFdu2RF/view?usp=drive_link,https://drive.google.com/file/d/12A2iQE25q9ZGjwAZK-dTVbj8H-2H7gmB/view?usp=drive_link
2381,องค์การบริหารส่วนตำบล,หนองหลวง,หนองหลวง,เฝ้าไร่,หนองคาย,194.93,2554,สจป.6 อุดรธานี,องค์การบริหารส่วนตำบลหนองหลวง,18.0261124,103.261463,45,https://drive.google.com/file/d/1c5-dGD1kfPtoQjrgwl5pdXrK--88fGnM/view?usp=drive_link,,
2382,องค์การบริหารส่วนตำบล,อุดมพร,อุดมพร,เฝ้าไร่,หนองคาย,"5,138.31",2554,สจป.6 อุดรธานี,องค์การบริหารส่วนตำบลอุดมพร,17.9398504,103.3674526,50,https://drive.google.com/file/d/1JBo67Gdpy_kYRaEZL3rHOC6Iubsp6cot/view?usp=drive_link,,
2383,องค์การบริหารส่วนตำบล,ด่านศรีสุข,ด่านศรีสุข,โพธิ์ตาก,หนองคาย,866.8,2548,สจป.6 อุดรธานี,องค์การบริหารส่วนตำบลด่านศรีสุข,17.936163,102.375707,45,,https://drive.google.com/file/d/1JkSM3oMuGFFTM_1T_-0qzoZR11KF2YdG/view?usp=drive_link,https://drive.google.com/file/d/1n4Y_7guZErLKv7i2XKX5gkA6QaQYOIup/view?usp=drive_link
2384,องค์การบริหารส่วนตำบล,โพนทอง,โพนทอง,โพธิ์ตาก,หนองคาย,"2,814.92",2549,สจป.6 อุดรธานี,องค์การบริหารส่วนตำบลโพนทอง,17.8664474,102.4485779,45,,https://drive.google.com/file/d/1aQN8yfgB8_1ZC3rXo3uBdf3OrC5JyVVg/view?usp=drive_link,
2385,องค์การบริหารส่วนตำบล,ทุ่งหลวง,ทุ่งหลวง,โพนพิสัย,หนองคาย,"8,472.71",2550,สจป.6 อุดรธานี,องค์การบริหารส่วนตำบลทุ่งหลวง,17.9135188,102.9860103,50,,https://drive.google.com/file/d/12JCYBJzLUW8fYBkSHdOy-p_RVTGkkEE6/view?usp=drive_link,https://drive.google.com/file/d/1nYqW5TZ7tDXRE2sqCcS_fG6A7LOsnVqE/view?usp=drive_link
2386,เทศบาลตำบล,สร้างนางขาว,สร้างนางขาว,โพนพิสัย,หนองคาย,"10,096.60",2554,สจป.6 อุดรธานี,เทศบาลตำบลสร้างนางขาว,17.8908706,103.0064195,50,https://drive.google.com/file/d/1iPs0gYzQxDqXStJHRuMSmtmjcM6ffvlY/view?usp=drive_link,,
2387,องค์การบริหารส่วนตำบล,เหล่าต่างคำ,เหล่าต่างคำ,โพนพิสัย,หนองคาย,"7,074.72",2554,สจป.6 อุดรธานี,องค์การบริหารส่วนตำบลเหล่าต่างคำ,17.9033729,102.9371013,50,https://drive.google.com/file/d/19L-d-lMU4LpdFKuTh1a80W7hHNFEuF0V/view?usp=drive_link,,
2388,องค์การบริหารส่วนตำบล,พระบาทนาสิงห์,พระบาทนาสิงห์,รัตนวาปี,หนองคาย,443.35,2550,สจป.6 อุดรธานี,องค์การบริหารส่วนตำบลพระบาทนาสิงห์,18.18392181,103.2420203,0,,https://drive.google.com/file/d/1W_fK4MicMsao93R_-BOhAvI1n7ZumiiL/view?usp=drive_link,https://drive.google.com/file/d/1Wv_kReYJ-yI6cZ28H9woxGccRjEm1Ug2/view?usp=drive_link
2389,เทศบาลตำบล,พระพุทธบาท,พระพุทธบาท,ศรีเชียงใหม่,หนองคาย,"2,650.11",2554,สจป.6 อุดรธานี,เทศบาลตำบลพระพุทธบาท,17.9731123,102.4325956,50,https://drive.google.com/file/d/1pJdyfP-vvf-LTKlIqAQcekD5jOq9zIQh/view?usp=drive_link,,
2390,องค์การบริหารส่วนตำบล,แก้งไก่,แก้งไก่,สังคม,หนองคาย,"8,161.44",2554,สจป.6 อุดรธานี,องค์การบริหารส่วนตำบลแก้งไก่,18.0308391,102.2448743,50,https://drive.google.com/file/d/1DipXBJaADGVv6hEVZn_KviWynq_-Ac87/view?usp=drive_link,,
2391,องค์การบริหารส่วนตำบล,นางิ้ว,นางิ้ว,สังคม,หนองคาย,"59,600.41",2554,สจป.6 อุดรธานี,องค์การบริหารส่วนตำบลนางิ้ว,18.090559,102.1477786,50,https://drive.google.com/file/d/1Psdpl09azz_iCbmWRRC6rlW_PsYf2D4I/view?usp=drive_link,,
2392,องค์การบริหารส่วนตำบล,บ้านม่วง,บ้านม่วง,สังคม,หนองคาย,"27,541.00",2549,สจป.6 อุดรธานี,องค์การบริหารส่วนตำบลบ้านม่วง,18.1733922,102.1698189,50,,https://drive.google.com/file/d/1gPeziN_E501-XmpHl9Fl_KFlLU-FrjRe/view?usp=drive_link,https://drive.google.com/file/d/1cgNM8R2O4M18oEvqZaXk6B4uGXz8UQ1x/view?usp=drive_link
2393,องค์การบริหารส่วนตำบล,ผาตั้ง,ผาตั้ง,สังคม,หนองคาย,"56,090.08",2554,สจป.6 อุดรธานี,องค์การบริหารส่วนตำบลผาตั้ง,18.0270121,102.365301,55,https://drive.google.com/file/d/1_4k3XJYPz4Cy30k7BPVZpSOzlkwCBywM/view?usp=drive_link,,
2394,องค์การบริหารส่วนตำบล,สังคม,สังคม,สังคม,หนองคาย,"22,190.80",2554,สจป.6 อุดรธานี,องค์การบริหารส่วนตำบลสังคม,18.09262954,102.2455227,55,https://drive.google.com/file/d/17kVUVGxfRNyf3gTQZqpbeXlaMO3EqNAZ/view?usp=drive_link,,
2395,เทศบาลตำบล,นาหนองทุ่ม,กุดดินจี่,นากลาง,หนองบัวลำภู,"6,519.11",2554,สจป.6 อุดรธานี,เทศบาลตำบลนาหนองทุ่ม,17.3761877,102.2976688,45,https://drive.google.com/file/d/194veIVX5I5KQGhUE92kWYxilAfJyVrSc/view?usp=drive_link,,
2396,องค์การบริหารส่วนตำบล,กุดแห่,กุดแห่,นากลาง,หนองบัวลำภู,"7,727.73",2550,สจป.6 อุดรธานี,องค์การบริหารส่วนตำบลกุดแห่,17.29557639,102.1948242,50,,https://drive.google.com/file/d/1LAXvmzXNXGtsA8haa5Zr9JlCGIJiWUbY/view?usp=drive_link,https://drive.google.com/file/d/1eNWnqVTKnl_iI5Z0wNSyrdTQUGAQyRTl/view?usp=drive_link
2397,เทศบาลตำบล,เก่ากลอย,เก่ากลอย,นากลาง,หนองบัวลำภู,"5,270.33",2550,สจป.6 อุดรธานี,เทศบาลตำบลเก่ากลอย,17.404742,102.320631,50,,https://drive.google.com/file/d/1tIXlA2ZhRNyODacz1hfl3Zemm42-uCTG/view?usp=drive_link,
2398,องค์การบริหารส่วนตำบล,ดงสวรรค์,ดงสวรรค์,นากลาง,หนองบัวลำภู,"29,423.95",2550,สจป.6 อุดรธานี,องค์การบริหารส่วนตำบลดงสวรรค์,17.4597302,102.1991158,50,,https://drive.google.com/file/d/1n-qNHwpJYPekn_NJ6Xx6q7PwfuWoymaq/view?usp=drive_link,
2399,องค์การบริหารส่วนตำบล,ด่านช้าง,ด่านช้าง,นากลาง,หนองบัวลำภู,582.79,2550,สจป.6 อุดรธานี,องค์การบริหารส่วนตำบลด่านช้าง,17.3204828,102.1422389,45,,https://drive.google.com/file/d/1vf0RyVOOQqQ_tKe_AZ31v9xXJxHb3fOt/view?usp=drive_link,
2400,องค์การบริหารส่วนตำบล,โนนเมือง,โนนเมือง,นากลาง,หนองบัวลำภู,163.01,2550,สจป.6 อุดรธานี,องค์การบริหารส่วนตำบลโนนเมือง,17.16414776,102.1812115,45,,https://drive.google.com/file/d/1mJpaL1OajIxrd2OCKcIzN0NTVRMtA7wC/view?usp=drive_link,
2401,เทศบาลตำบล,ฝั่งแดง,ฝั่งแดง,นากลาง,หนองบัวลำภู,419.71,2550,สจป.6 อุดรธานี,เทศบาลตำบลฝั่งแดง,17.2337147,102.2329412,45,,https://drive.google.com/file/d/12kp5aQzfC-j073xX-XkHU_ePnuL6VEA7/view?usp=drive_link,
2402,องค์การบริหารส่วนตำบล,อุทัยสวรรค์,อุทัยสวรรค์,นากลาง,หนองบัวลำภู,"7,265.83",2550,สจป.6 อุดรธานี,องค์การบริหารส่วนตำบลอุทัยสวรรค์,17.2361825,102.1596088,50,,https://drive.google.com/file/d/1oSc-5ZcLlrGoVv-_BK38Ert2NUIYxoHA/view?usp=drive_link,
2403,องค์การบริหารส่วนตำบล,เทพคีรี,เทพคีรี,นาวัง,หนองบัวลำภู,890.91,2550,สจป.6 อุดรธานี,องค์การบริหารส่วนตำบลเทพคีรี,17.30356926,102.1090913,50,https://drive.google.com/file/d/1N9cE5L0lRPHekrCBa8mrauYKTCfCo9CK/view?usp=drive_link,https://drive.google.com/file/d/1JiWYjIkOBoP8pDTTyemyrvCNogmEG8nS/view?usp=drive_link,
2404,องค์การบริหารส่วนตำบล,นาแก,นาแก,นาวัง,หนองบัวลำภู,"19,604.90",2554,สจป.6 อุดรธานี,องค์การบริหารส่วนตำบลนาแก,17.3864906,102.0562562,50,https://drive.google.com/file/d/1nwzQfxDWy9Aa3RKC7aimQUStdraPMRK0/view?usp=drive_link,,
2405,องค์การบริหารส่วนตำบล,นาเหล่า,นาเหล่า,นาวัง,หนองบัวลำภู,"6,931.84",2554,สจป.6 อุดรธานี,องค์การบริหารส่วนตำบลนาเหล่า,17.3208155,102.0734242,50,,,
2406,องค์การบริหารส่วนตำบล,วังทอง,วังทอง,นาวัง,หนองบัวลำภู,"10,882.44",2556,สจป.6 อุดรธานี,องค์การบริหารส่วนตำบลวังทอง,17.3213293,102.0242828,50,https://drive.google.com/file/d/1QMLqoH-1Ej98kjBevRlThruFBCSx0_aG/view?usp=drive_link,,
2407,องค์การบริหารส่วนตำบล,วังปลาป้อม,วังปลาป้อม,นาวัง,หนองบัวลำภู,"11,979.01",2554,สจป.6 อุดรธานี,องค์การบริหารส่วนตำบลวังปลาป้อม,17.4247083,102.0014838,50,https://drive.google.com/file/d/1g6MUoqi9Px0kLvMBy-QWgTbMjdHfW0KD/view?usp=drive_link,,
2408,องค์การบริหารส่วนตำบล,โคกม่วง,โคกม่วง,โนนสัง,หนองบัวลำภู,"9,305.16",2550,สจป.6 อุดรธานี,องค์การบริหารส่วนตำบลโคกม่วง,16.8851602,102.4077725,50,,https://drive.google.com/file/d/1Pa_l9wve0Bqr7eDq9d-KTKsyVsqcsBuD/view?usp=drive_link,https://drive.google.com/file/d/1G6wglDkQvMscao6rwmRS9QY-SZRs3K-c/view?usp=drive_link
2409,องค์การบริหารส่วนตำบล,นิคมพัฒนา,นิคมพัฒนา,โนนสัง,หนองบัวลำภู,"5,861.02",2554,สจป.6 อุดรธานี,องค์การบริหารส่วนตำบลนิคมพัฒนา,16.9125203,102.5455411,50,https://drive.google.com/file/d/1QILN4SNPJPi7BH6MOmnNZAuwF_sU_PQc/view?usp=drive_link,,
2410,องค์การบริหารส่วนตำบล,โนนเมือง,โนนเมือง,โนนสัง,หนองบัวลำภู,"2,213.27",2550,สจป.6 อุดรธานี,องค์การบริหารส่วนตำบลโนนเมือง,17.16414776,102.1812115,50,,https://drive.google.com/file/d/1UVcJraDnAIWL7PQGdvw3Gh7fzwMba_5P/view?usp=drive_link,
2411,องค์การบริหารส่วนตำบล,กุดจิก,กุดจิก,เมืองหนองบัวลำภู,หนองบัวลำภู,"8,267.62",2550,สจป.6 อุดรธานี,องค์การบริหารส่วนตำบลกุดจิก,17.3329451,102.3837257,50,,https://drive.google.com/file/d/1XY3BcRZaa0f9BPR70yj4OjC2LQR6_ODS/view?usp=drive_link,
2412,เทศบาลตำบล,นาคำไฮ,นาคำไฮ,เมืองหนองบัวลำภู,หนองบัวลำภู,"1,197.22",2550,สจป.6 อุดรธานี,เทศบาลตำบลนาคำไฮ,17.2892352,102.2821961,50,,https://drive.google.com/file/d/1ZmErBx0oxeU2WjXGsFAcysMT2Ap9NwXB/view?usp=drive_link,
2413,องค์การบริหารส่วนตำบล,โนนขมิ้น,โนนขมิ้น,เมืองหนองบัวลำภู,หนองบัวลำภู,429.25,2550,สจป.6 อุดรธานี,องค์การบริหารส่วนตำบลโนนขมิ้น,17.1704689,102.3235787,45,,https://drive.google.com/file/d/11SGgapzriqTJjb6c56o6Pejnyr_AWwTn/view?usp=drive_link,
2414,องค์การบริหารส่วนตำบล,บ้านพร้าว,บ้านพร้าว,เมืองหนองบัวลำภู,หนองบัวลำภู,"4,769.37",2550,สจป.6 อุดรธานี,องค์การบริหารส่วนตำบลบ้านพร้าว,17.1012669,102.3911499,5,,https://drive.google.com/file/d/19pyc8haQu-A019Q1Sde1UVn4bb_yPtAS/view?usp=drive_link,
2415,องค์การบริหารส่วนตำบล,หนองสวรรค์,หนองสวรรค์,เมืองหนองบัวลำภู,หนองบัวลำภู,"1,093.21",2550,สจป.6 อุดรธานี,องค์การบริหารส่วนตำบลหนองสวรรค์,17.21159078,102.3481892,45,,https://drive.google.com/file/d/1TCcGVYk0tON-69M-AZPkNvdQJiNsMDAV/view?usp=drive_link,
2416,องค์การบริหารส่วนตำบล,หนองหว้า,หนองหว้า,เมืองหนองบัวลำภู,หนองบัวลำภู,"1,488.13",2550,สจป.6 อุดรธานี,องค์การบริหารส่วนตำบลหนองหว้า,17.1659565,102.364506,45,,https://drive.google.com/file/d/1m0UH-_XFW2k2mSVOpF9Iwr3o_zP1xLv6/view?usp=drive_link,
2417,องค์การบริหารส่วนตำบล,กุดสะเทียน,กุดสะเทียน,ศรีบุญเรือง,หนองบัวลำภู,712.31,2554,สจป.6 อุดรธานี,องค์การบริหารส่วนตำบลกุดสะเทียน,17.0344538,102.2567405,5,https://drive.google.com/file/d/1cWqb8z1ywW5TwjqR8PNJJTbCh_6CymGr/view?usp=drive_link,,
2418,องค์การบริหารส่วนตำบล,นากอก,นากอก,ศรีบุญเรือง,หนองบัวลำภู,"4,361.04",2550,สจป.6 อุดรธานี,องค์การบริหารส่วนตำบลนากอก,16.8971766,102.2015389,50,,https://drive.google.com/file/d/1fr9WmnzUwxrzmPRGVzZE5VmHRwr6_RKU/view?usp=drive_link,https://drive.google.com/file/d/1nWbhT1Z9XSt63nqsFK0CoUSQ1uYg0KCK/view?usp=drive_link
2419,องค์การบริหารส่วนตำบล,โนนม่วง,โนนม่วง,ศรีบุญเรือง,หนองบัวลำภู,"2,162.43",2554,สจป.6 อุดรธานี,องค์การบริหารส่วนตำบลโนนม่วง,17.08360043,102.2125268,50,,,
2420,เทศบาลตำบล,โนนสะอาด,โนนสะอาด,ศรีบุญเรือง,หนองบัวลำภู,"26,068.51",2549,สจป.6 อุดรธานี,เทศบาลตำบลโนนสะอาด,16.9624551,102.174748,50,https://drive.google.com/file/d/1lgo9UH08Wlt5PSdkORYjAX17d1Pfudwe/view?usp=drive_link,https://drive.google.com/file/d/1_j74ZPE8duJvih_kMO_cwiRY2H-5d31v/view?usp=drive_link,https://drive.google.com/file/d/1KrRGmHk8eDBU2abeU15iSbGBZkcQcCXr/view?usp=drive_link
2421,เทศบาลตำบล,ยางหล่อ,ยางหล่อ,ศรีบุญเรือง,หนองบัวลำภู,"2,759.58",2549,สจป.6 อุดรธานี,เทศบาลตำบลยางหล่อ,17.041181,102.181519,50,,https://drive.google.com/file/d/1IsocVK55lmclpjzIG5NJpFuTwJ8crEBF/view?usp=drive_link,
2422,องค์การบริหารส่วนตำบล,หนองกุงแก้ว,หนองกุงแก้ว,ศรีบุญเรือง,หนองบัวลำภู,"2,568.78",2550,สจป.6 อุดรธานี,องค์การบริหารส่วนตำบลหนองกุงแก้ว,17.1307875,102.1039284,50,,https://drive.google.com/file/d/1wdrUi0pKU2TQKVgUG9_cVwSlgt-FoIyJ/view?usp=drive_link,
2423,เทศบาลตำบล,หนองแก,หนองแก,ศรีบุญเรือง,หนองบัวลำภู,"1,911.76",2550,สจป.6 อุดรธานี,เทศบาลตำบลหนองแก,17.0771297,102.2795133,50,,https://drive.google.com/file/d/1goY6AStM1giFnj1VtThXXM4wcjCtY18Y/view?usp=drive_link,
2424,องค์การบริหารส่วนตำบล,กุดผึ้ง,กุดผึ้ง,สุวรรณคูหา,หนองบัวลำภู,"3,581.25",2550,สจป.6 อุดรธานี,องค์การบริหารส่วนตำบลกุดผึ้ง,17.5537,102.246323,50,,https://drive.google.com/file/d/1H2G0dd__fAoIwkCN8GeymUgTQEXgXdNd/view?usp=drive_link,
2425,องค์การบริหารส่วนตำบล,ดงมะไฟ,ดงมะไฟ,สุวรรณคูหา,หนองบัวลำภู,"9,508.24",2550,สจป.6 อุดรธานี,องค์การบริหารส่วนตำบลดงมะไฟ,17.6246623,102.236982,50,,https://drive.google.com/file/d/1zp-Cco6PZcNBnhkjChxLtuvW-uE9a84w/view?usp=drive_link,
2426,เทศบาลตำบล,นาด่าน,นาด่าน,สุวรรณคูหา,หนองบัวลำภู,"7,335.02",2550,สจป.6 อุดรธานี,เทศบาลตำบลนาด่าน,17.497658,102.325264,50,,https://drive.google.com/file/d/1BxG9fwUhMQXTk5JZtRrzJGLJTtoprFN2/view?usp=drive_link,https://drive.google.com/file/d/1t7N0PvDmWxgjWAMdUSUMxjUdgpfAjGB1/view?usp=drive_link
2427,เทศบาลตำบล,นาดี,นาดี,สุวรรณคูหา,หนองบัวลำภู,"4,115.92",2550,สจป.6 อุดรธานี,เทศบาลตำบลนาดี,17.4797792,102.2901777,50,,https://drive.google.com/file/d/1RehJuZeyQEYRtmYt0E31lwt9tpBeL2Zt/view?usp=drive_link,https://drive.google.com/file/d/1_HPV2vWBFHT9yTvA54_j_Ain-scdZi2D/view?usp=drive_link
2428,องค์การบริหารส่วนตำบล,นาสี,นาสี,สุวรรณคูหา,หนองบัวลำภู,"7,746.74",2554,สจป.6 อุดรธานี,องค์การบริหารส่วนตำบลนาสี,17.62060725,102.2884655,50,https://drive.google.com/file/d/1ZzStLnR0cR-Cdurw5mOXl8ibdfTbCBvM/view?usp=drive_link,,
2429,องค์การบริหารส่วนตำบล,บ้านโคก,บ้านโคก,สุวรรณคูหา,หนองบัวลำภู,"13,417.45",2554,สจป.6 อุดรธานี,องค์การบริหารส่วนตำบลบ้านโคก,17.5431075,102.2428098,50,,https://drive.google.com/file/d/1KU3WhfRCO5hu_1OtyE0zjHKULGFSjmSU/view?usp=drive_link,
2430,เทศบาลตำบล,บุญทัน,บุญทัน,สุวรรณคูหา,หนองบัวลำภู,"25,166.40",2550,สจป.6 อุดรธานี,เทศบาลตำบลบุญทัน,17.557669,102.1526572,50,,https://drive.google.com/file/d/1vlXGzJBw9vGRDRZELSlfUUQXkz6efgj1/view?usp=drive_link,
2431,องค์การบริหารส่วนตำบล,คำเขื่อนแก้ว,คำเขื่อนแก้ว,ชานุมาน,อำนาจเจริญ,85.18,2555,สจป.7 สาขาอุบลราชธานี,องค์การบริหารส่วนตำบลคำเขื่อนแก้ว,16.1458322,104.9262219,45,,,
2432,เทศบาลตำบล,โคกก่ง,โคกก่ง,ชานุมาน,อำนาจเจริญ,"62,756.52",2555,สจป.7 สาขาอุบลราชธานี,เทศบาลตำบลโคกก่ง,16.0973659,104.9922213,50,,,
2433,องค์การบริหารส่วนตำบล,โคกสาร,โคกสาร,ชานุมาน,อำนาจเจริญ,46.68,2555,สจป.7 สาขาอุบลราชธานี,องค์การบริหารส่วนตำบลโคกสาร,16.1594327,105.0054311,45,,,
2434,องค์การบริหารส่วนตำบล,ชานุมาน,ชานุมาน,ชานุมาน,อำนาจเจริญ,0,2555,สจป.7 สาขาอุบลราชธานี,องค์การบริหารส่วนตำบลชานุมาน,16.22051652,104.9719916,0,,,
2435,องค์การบริหารส่วนตำบล,ป่าก่อ,ป่าก่อ,ชานุมาน,อำนาจเจริญ,"20,705.65",2555,สจป.7 สาขาอุบลราชธานี,องค์การบริหารส่วนตำบลป่าก่อ,16.0621834,104.8567175,50,,,
2436,องค์การบริหารส่วนตำบล,คำโพน,คำโพน,ปทุมราชวงศา,อำนาจเจริญ,"46,086.43",2550,สจป.7 สาขาอุบลราชธานี,องค์การบริหารส่วนตำบลคำโพน,15.9618666,104.9621551,50,,https://drive.google.com/file/d/1ZhcGwfwxP9fjcy7kIGOrRDukJoGXC_uE/view?usp=drive_link,
2437,เทศบาลตำบล,นาป่าแซง,นาป่าแซง,ปทุมราชวงศา,อำนาจเจริญ,"8,239.87",2550,สจป.7 สาขาอุบลราชธานี,เทศบาลตำบลนาป่าแซง,15.874836,104.8764005,50,,https://drive.google.com/file/d/1VDAuISdIXK0j04u9zWP2H9C7Qu1o88bI/view?usp=drive_link,
2438,องค์การบริหารส่วนตำบล,นาหว้า,นาหว้า,ปทุมราชวงศา,อำนาจเจริญ,"2,373.80",2556,สจป.7 สาขาอุบลราชธานี,องค์การบริหารส่วนตำบลนาหว้า,15.9052307,104.9471322,50,,,
2439,องค์การบริหารส่วนตำบล,โนนงาม,โนนงาม,ปทุมราชวงศา,อำนาจเจริญ,"2,911.31",2555,สจป.7 สาขาอุบลราชธานี,องค์การบริหารส่วนตำบลโนนงาม,15.85998749,104.8129177,50,,,
2440,เทศบาลตำบล,ลือ,ลือ,ปทุมราชวงศา,อำนาจเจริญ,"2,011.55",2555,สจป.7 สาขาอุบลราชธานี,เทศบาลตำบลลือ,15.7827452,104.8656777,50,,,
2441,เทศบาลตำบล,หนองข่า,หนองข่า,ปทุมราชวงศา,อำนาจเจริญ,"46,802.80",2549,สจป.7 สาขาอุบลราชธานี,เทศบาลตำบลหนองข่า,15.9671847,104.8701179,50,,https://drive.google.com/file/d/1pBZJnPrYIu0zom5wG9EYWStNG77A9ut3/view?usp=drive_link,https://drive.google.com/file/d/1aeEOmkPPpSXEYXDqJqfh61eoMmUaQxHG/view?usp=drive_link
2442,องค์การบริหารส่วนตำบล,จานลาน,จานลาน,พนา,อำนาจเจริญ,"6,516.11",2549,สจป.7 สาขาอุบลราชธานี,องค์การบริหารส่วนตำบลจานลาน,15.61245613,104.8727417,50,,https://drive.google.com/file/d/1Rceu4Q0rY4S7D1sl0xFBycWS6Rk0LLZ_/view?usp=drive_link,
2443,องค์การบริหารส่วนตำบล,พนา,พนา,พนา,อำนาจเจริญ,"5,313.94",2549,สจป.7 สาขาอุบลราชธานี,องค์การบริหารส่วนตำบลพนา,15.67111565,104.860859,50,,https://drive.google.com/file/d/1Wc1vcrmQ_YfX5wPDFbmIrHPSCPB-GhZ8/view?usp=drive_link,
2444,เทศบาลตำบล,พระเหลา,พระเหลา,พนา,อำนาจเจริญ,"2,860.49",2550,สจป.7 สาขาอุบลราชธานี,เทศบาลตำบลพระเหลา,15.7064324,104.8552908,50,,https://drive.google.com/file/d/1dz2evs1ux2ASd3yy29Gh8pCCyGaZabV_/view?usp=drive_link,https://drive.google.com/file/d/1ifuoxeQwU_tjrkylegGQFbzhNYJoMC8Y/view?usp=drive_link
2445,องค์การบริหารส่วนตำบล,ไม้กลอน,ไม้กลอน,พนา,อำนาจเจริญ,"1,424.65",2550,สจป.7 สาขาอุบลราชธานี,องค์การบริหารส่วนตำบลไม้กลอน,15.736781,104.8070378,45,,https://drive.google.com/file/d/1PttL9BCrzdotH2kpcwpethJ3GDWGRGRn/view?usp=drive_link,https://drive.google.com/file/d/1Ld3R4wS4civYO4j85X4O9Y6OVGD4OdrW/view?usp=drive_link
2446,องค์การบริหารส่วนตำบล,กุดปลาดุก,กุดปลาดุก,เมืองอำนาจเจริญ,อำนาจเจริญ,"1,511.41",2550,สจป.7 สาขาอุบลราชธานี,องค์การบริหารส่วนตำบลกุดปลาดุก,15.9750169,104.606844,45,,https://drive.google.com/file/d/1oE6kcqIWqsMMoed3NaDuMkZQ2hx3OdBV/view?usp=drive_link,
2447,องค์การบริหารส่วนตำบล,คึมใหญ่,คึมใหญ่,เมืองอำนาจเจริญ,อำนาจเจริญ,"14,395.71",2550,สจป.7 สาขาอุบลราชธานี,องค์การบริหารส่วนตำบลคึมใหญ่,15.98422754,104.7349083,50,,https://drive.google.com/file/d/1shZCOGqmrB5OX4-o0rEJEVfUXxVB0E1A/view?usp=drive_link,https://drive.google.com/file/d/1vwIpRZyTN9nlkJGtTXsYwm-mindIK4fT/view?usp=drive_link
2448,องค์การบริหารส่วนตำบล,นาแต้,นาแต้,เมืองอำนาจเจริญ,อำนาจเจริญ,242.49,2550,สจป.7 สาขาอุบลราชธานี,องค์การบริหารส่วนตำบลนาแต้,15.9613547,104.7112305,45,,https://drive.google.com/file/d/1-X0xNEl4rc9a-L6IIIRywh-zeywm19vW/view?usp=drive_link,
2449,เทศบาลตำบล,นายม,นายม,เมืองอำนาจเจริญ,อำนาจเจริญ,991.99,2550,สจป.7 สาขาอุบลราชธานี,เทศบาลตำบลนายม,15.8597529,104.5186756,45,,https://drive.google.com/file/d/1WU2hmFczPZLn-rzUvP-clWV1tewj6t3m/view?usp=drive_link,https://drive.google.com/file/d/1Gl8CiANhVhs60QZ6AOTRvkjPlByyZ3GC/view?usp=drive_link
2450,เทศบาลตำบล,นาหมอม้า,นาหมอม้า,เมืองอำนาจเจริญ,อำนาจเจริญ,"2,913.34",2556,สจป.7 สาขาอุบลราชธานี,เทศบาลตำบลนาหมอม้า,15.8618918,104.4659844,50,,,
2451,องค์การบริหารส่วนตำบล,โนนโพธิ์,โนนโพธิ์,เมืองอำนาจเจริญ,อำนาจเจริญ,"1,094.64",2564,สจป.7 สาขาอุบลราชธานี,องค์การบริหารส่วนตำบลโนนโพธิ์,15.86115111,104.5367541,45,https://drive.google.com/file/d/1el4Lk-njvnk-fqMuhpntCuY_Fy4wwpuw/view?usp=drive_link,,
2452,องค์การบริหารส่วนตำบล,โนนหนามแท่ง,โนนหนามแท่ง,เมืองอำนาจเจริญ,อำนาจเจริญ,"1,608.69",2555,สจป.7 สาขาอุบลราชธานี,องค์การบริหารส่วนตำบลโนนหนามแท่ง,15.92477121,104.6271023,45,,,
2453,องค์การบริหารส่วนตำบล,บุ่ง,บุ่ง,เมืองอำนาจเจริญ,อำนาจเจริญ,"1,678.82",2555,สจป.7 สาขาอุบลราชธานี,องค์การบริหารส่วนตำบลบุ่ง,15.8898896,104.5979827,50,,,
2454,เทศบาลเมือง,อำนาจเจริญ,บุ่ง,เมืองอำนาจเจริญ,อำนาจเจริญ,"4,172.19",2564,สจป.7 สาขาอุบลราชธานี,เทศบาลเมืองอำนาจเจริญ,15.8581932,104.6295401,45,https://drive.google.com/file/d/1UMSrtfAcaB6mxiNgOcNWImeGZh4q_Vtk/view?usp=drive_link,,
2455,องค์การบริหารส่วนตำบล,สร้างนกทา,สร้างนกทา,เมืองอำนาจเจริญ,อำนาจเจริญ,"1,806.37",2550,สจป.7 สาขาอุบลราชธานี,องค์การบริหารส่วนตำบลสร้างนกทา,15.8160963,104.7614652,45,,https://drive.google.com/file/d/11oLF7BGTbGuGIi0FBDW_yEY-jIY8Fq2X/view?usp=drive_link,https://drive.google.com/file/d/1ygcszM64hqUa84YqyN_sk_fFgWRd4x1V/view?usp=drive_link
2456,องค์การบริหารส่วนตำบล,หนองมะแซว,หนองมะแซว,เมืองอำนาจเจริญ,อำนาจเจริญ,765.66,2550,สจป.7 สาขาอุบลราชธานี,องค์การบริหารส่วนตำบลหนองมะแซว,15.8089389,104.7123517,45,,https://drive.google.com/file/d/1e8MVVd2zyBRlZzx_n3_S5njdFp2fMlRC/view?usp=drive_link,https://drive.google.com/file/d/12EA_bXXn0B1ZIJ8_MwXvkI7jeOmsYNr-/view?usp=drive_link
2457,องค์การบริหารส่วนตำบล,ห้วยไร่,ห้วยไร่,เมืองอำนาจเจริญ,อำนาจเจริญ,650.24,2555,สจป.7 สาขาอุบลราชธานี,องค์การบริหารส่วนตำบลห้วยไร่,15.8262295,104.6772104,45,,,
2458,องค์การบริหารส่วนตำบล,เหล่าพรวน,เหล่าพรวน,เมืองอำนาจเจริญ,อำนาจเจริญ,661.6,2550,สจป.7 สาขาอุบลราชธานี,องค์การบริหารส่วนตำบลเหล่าพรวน,15.85501,104.79027,50,,https://drive.google.com/file/d/1_apsmtis4jWGkFUKvB7eHkDE5lSsELIV/view?usp=drive_link,https://drive.google.com/file/d/1zMnVRFM1DfmEjGMNnrNoCA9z31_8XvWq/view?usp=drive_link
2459,องค์การบริหารส่วนตำบล,ดงบัง,ดงบัง,ลืออำนาจ,อำนาจเจริญ,61.2,2555,สจป.7 สาขาอุบลราชธานี,องค์การบริหารส่วนตำบลดงบัง,15.7368073,104.7596898,45,,,
2460,เทศบาลตำบล,เปือย,เปือย,ลืออำนาจ,อำนาจเจริญ,152,2550,สจป.7 สาขาอุบลราชธานี,เทศบาลตำบลเปือย,15.6838682,104.6898695,45,,https://drive.google.com/file/d/13IC0ah_lYvfaa8oVXDPmjWavdG8V4eq_/view?usp=drive_link,https://drive.google.com/file/d/1EWYTqwFMjo1U3KcSUYg3Eyfmc5uPfeg-/view?usp=drive_link
2461,องค์การบริหารส่วนตำบล,โพนทอง,โพนทอง,เสนางคนิคม,อำนาจเจริญ,"2,031.08",2555,สจป.7 สาขาอุบลราชธานี,องค์การบริหารส่วนตำบลโพนทอง,16.0370784,104.7218314,45,,,
2462,เทศบาลตำบล,เสนางคนิคม,เสนางคนิคม,เสนางคนิคม,อำนาจเจริญ,"6,096.90",2555,สจป.7 สาขาอุบลราชธานี,เทศบาลตำบลเสนางคนิคม,16.0379226,104.6693056,50,,,
2463,เทศบาลตำบล,หนองไฮ,หนองไฮ,เสนางคนิคม,อำนาจเจริญ,"7,371.96",2555,สจป.7 สาขาอุบลราชธานี,เทศบาลตำบลหนองไฮ,16.015657,104.7843152,50,,,
2464,องค์การบริหารส่วนตำบล,คำพระ,คำพระ,หัวตะพาน,อำนาจเจริญ,683.66,2549,สจป.7 สาขาอุบลราชธานี,องค์การบริหารส่วนตำบลคำพระ,15.7600131,104.4706595,45,,https://drive.google.com/file/d/1oRFShp8sqoyGvjdbCkFmkdrGhu-m3urA/view?usp=drive_link,https://drive.google.com/file/d/1w49CDi6R-K40qyvLJxp6E5RE3JhgG8Li/view?usp=drive_link
2465,องค์การบริหารส่วนตำบล,จิกดู่,จิกดู่,หัวตะพาน,อำนาจเจริญ,"2,419.56",2549,สจป.7 สาขาอุบลราชธานี,องค์การบริหารส่วนตำบลจิกดู่,15.592455,104.5352563,50,,https://drive.google.com/file/d/1HRBexFxkGrboa8s9zFhDZLe2Y0Jvcld0/view?usp=drive_link,https://drive.google.com/file/d/1AiehQGk-aNH2HvwQObrS5voMPyPxZOON/view?usp=drive_link
2466,องค์การบริหารส่วนตำบล,สร้างถ่อน้อย,สร้างถ่อน้อย,หัวตะพาน,อำนาจเจริญ,"27,534.70",2555,สจป.7 สาขาอุบลราชธานี,องค์การบริหารส่วนตำบลสร้างถ่อน้อย,15.6471076,104.4746091,50,,,
2467,เทศบาลตำบล,หัวตะพาน,หัวตะพาน,หัวตะพาน,อำนาจเจริญ,655.37,2549,สจป.7 สาขาอุบลราชธานี,เทศบาลตำบลหัวตะพาน,15.69912179,104.4927981,45,,https://drive.google.com/file/d/1eKvUmSagLAtUbqnGs0YVK4hmCD1gPnjG/view?usp=drive_link,https://drive.google.com/file/d/1gheTUV35H5bgV8PxY7R8p1OXe4xdNuiu/view?usp=drive_link
2468,องค์การบริหารส่วนตำบล,กุดจับ,กุดจับ,กุดจับ,อุดรธานี,"3,761.25",2550,สจป.6 อุดรธานี,องค์การบริหารส่วนตำบลกุดจับ,17.4101506,102.5047421,50,,https://drive.google.com/file/d/1DYYtk63A8Q9iVeGJjfgvLjTKsAeqe608/view?usp=drive_link,https://drive.google.com/file/d/1pkY03rrpbP25Awg1pH-J0auQePDR19jq/view?usp=drive_link
2469,องค์การบริหารส่วนตำบล,ขอนยูง,ขอนยูง,กุดจับ,อุดรธานี,"17,486.17",2550,สจป.6 อุดรธานี,องค์การบริหารส่วนตำบลขอนยูง,17.414856,102.463303,50,,https://drive.google.com/file/d/1oiESo_TyCyKuLOA2Y1o_cVFTpMfl9rFE/view?usp=drive_link,https://drive.google.com/file/d/1yxnfQ_Z_FCCsH9UT8TxxohUjVf5cZZeq/view?usp=drive_link
2470,องค์การบริหารส่วนตำบล,ตาลเลียน,ตาลเลียน,กุดจับ,อุดรธานี,185.44,2548,สจป.6 อุดรธานี,องค์การบริหารส่วนตำบลตาลเลียน,17.42431526,102.4580884,45,,https://drive.google.com/file/d/10KGUM3-kwVXIWzQ1KpzgOQjQvMdK0EcG/view?usp=drive_link,https://drive.google.com/file/d/1mvKKiSyZwgDe3-k1RRoNigzaL3-tlUyV/view?usp=drive_link
2471,เทศบาลตำบล,ปะโค,ปะโค,กุดจับ,อุดรธานี,"9,961.69",2554,สจป.6 อุดรธานี,เทศบาลตำบลปะโค,17.4780606,102.5932424,50,https://drive.google.com/file/d/1BbVFiJVXrmOa-0IoIu2v902BSEpZ9pUc/view?usp=drive_link,,
2472,เทศบาลตำบล,นาหนองทุ่ม,สร้างก่อ,กุดจับ,อุดรธานี,"8,038.31",2548,สจป.6 อุดรธานี,เทศบาลตำบลนาหนองทุ่ม,17.5036172,102.5093784,50,,https://drive.google.com/file/d/1uyElwP0UohvCDQlHpv59n5VL0SRTXrh2/view?usp=drive_link,https://drive.google.com/file/d/1oqUExhILfDlJbRX6dxE6x3epYCAYdG7R/view?usp=drive_link
2473,องค์การบริหารส่วนตำบล,ท่าลี่,ท่าลี่,กุมภวาปี,อุดรธานี,"4,464.75",2554,สจป.6 อุดรธานี,องค์การบริหารส่วนตำบลท่าลี่,16.9474828,103.0570087,50,https://drive.google.com/file/d/1wzB_cPtQT0s5ypHXftQ6MPWXlmuGeqbq/view?usp=drive_link,,
2474,เทศบาลตำบล,ปะโค,ปะโค,กุมภวาปี,อุดรธานี,"1,263.50",2550,สจป.6 อุดรธานี,เทศบาลตำบลปะโค,17.0609621,102.9066833,0,,https://drive.google.com/file/d/1ojEqmpMCQ9fSRoWmy9OMhRyRLa3yD81w/view?usp=drive_link,https://drive.google.com/file/d/1OWCU2nyePGOePLpHwnzPvQrPVMc8xwTe/view?usp=drive_link
2475,เทศบาลตำบล,เวียงคำ,เวียงคำ,กุมภวาปี,อุดรธานี,55.31,2554,สจป.6 อุดรธานี,เทศบาลตำบลเวียงคำ,17.0962295,103.0673795,45,https://drive.google.com/file/d/1SmXeC5TGFehrKG8GwJEhG7s8eXykgx1d/view?usp=drive_link,,
2476,เทศบาลตำบล,คอนสาย,คอนสาย,กู่แก้ว,อุดรธานี,"1,790.09",2548,สจป.6 อุดรธานี,เทศบาลตำบลคอนสาย,17.1962226,103.114362,45,,https://drive.google.com/file/d/18jJS6S8XMuVQgrhrrRYALL9kOJn6vYa8/view?usp=drive_link,https://drive.google.com/file/d/161-9f4lMs091UugTxhZYOPCT7bLE_1--/view?usp=drive_link
2477,องค์การบริหารส่วนตำบล,โนนทองอินทร์,โนนทองอินทร์,กู่แก้ว,อุดรธานี,"3,269.14",2550,สจป.6 อุดรธานี,องค์การบริหารส่วนตำบลโนนทองอินทร์,17.17281581,103.189795,45,,https://drive.google.com/file/d/1b6OCVdD_ZQb94T23RFpp-g24KFL20f3y/view?usp=drive_link,https://drive.google.com/file/d/1qdKGsL9rl6lw6EIwMutb9MYNzyz4zhY4/view?usp=drive_link
2478,เทศบาลตำบล,กู่แก้ว,บ้านจีต,กู่แก้ว,อุดรธานี,"20,535.00",2550,สจป.6 อุดรธานี,เทศบาลตำบลกู่แก้ว,17.18202056,103.1609023,45,,https://drive.google.com/file/d/1-oGZPxYQhGbB2MTtHxTsVT5wP3jFd5H8/view?usp=drive_link,https://drive.google.com/file/d/1cKSFJq6L2e716gUMqj_V_kGjyD_7O7Kh/view?usp=drive_link
2479,องค์การบริหารส่วนตำบล,คำเลาะ,คำเลาะ,ไชยวาน,อุดรธานี,"10,877.24",2554,สจป.6 อุดรธานี,องค์การบริหารส่วนตำบลคำเลาะ,17.22285726,103.3447489,50,https://drive.google.com/file/d/1C21f6g8iXIzH8BiblPQCNNmUFV0FfguI/view?usp=drive_link,,
2480,เทศบาลตำบล,ไชยวาน,ไชยวาน,ไชยวาน,อุดรธานี,110.88,2554,สจป.6 อุดรธานี,เทศบาลตำบลไชยวาน,17.2906433,103.2282635,45,https://drive.google.com/file/d/1ZMja2KtGnqZs_V1QnYn7BjB5jSciHgEz/view?usp=drive_link,,
2481,เทศบาลตำบล,โพนสูง,โพนสูง,ไชยวาน,อุดรธานี,941.29,2548,สจป.6 อุดรธานี,เทศบาลตำบลโพนสูง,17.2167531,103.2477393,50,https://drive.google.com/file/d/113rGv84S3I0rn2F5pnPnqUpaO9K7A6OX/view?usp=drive_link,,
2482,องค์การบริหารส่วนตำบล,หนองหลัก,หนองหลัก,ไชยวาน,อุดรธานี,741.52,2554,สจป.6 อุดรธานี,องค์การบริหารส่วนตำบลหนองหลัก,17.2510762,103.2080325,45,https://drive.google.com/file/d/1bgjh6j1gNX3wAgjxldfK8OudFkmzev6M/view?usp=drive_link,,
2483,เทศบาลตำบล,ทุ่งใหญ่,ทุ่งใหญ่,ทุ่งฝน,อุดรธานี,490.88,2550,สจป.6 อุดรธานี,เทศบาลตำบลทุ่งใหญ่,17.4868258,103.2011405,45,,https://drive.google.com/file/d/15PAfuKKQgoqBKaLhMQ09rF-2YlX8YKJz/view?usp=drive_link,https://drive.google.com/file/d/1vGjKzuEKvpTCNS5QRQnJ3PLW5SUSiBTx/view?usp=drive_link
2484,องค์การบริหารส่วนตำบล,นาแค,นาแค,นายูง,อุดรธานี,"109,984.86",2554,สจป.6 อุดรธานี,องค์การบริหารส่วนตำบลนาแค,17.86647,102.09443,70,https://drive.google.com/file/d/1piuHP-TomvmRWasshtxHOfeYcl5RDXZ5/view?usp=drive_link,,
2485,เทศบาลตำบล,นายูง,นายูง,นายูง,อุดรธานี,"2,186.77",2548,สจป.6 อุดรธานี,เทศบาลตำบลนายูง,17.91514476,102.2407007,45,,https://drive.google.com/file/d/1CNQARNMI5EIHulfDTQMJ7NnJ4TFqjqu-/view?usp=drive_link,https://drive.google.com/file/d/1GMeLnrx5nTYUH_rxKyrB4Tz7sU86teK3/view?usp=drive_link
2486,เทศบาลตำบล,โนนทอง,โนนทอง,นายูง,อุดรธานี,"4,647.13",2550,สจป.6 อุดรธานี,เทศบาลตำบลโนนทอง,17.9858167,102.2044566,50,,https://drive.google.com/file/d/1E426Mi23qsNOxo4IQYp5eeXmJibO6dvY/view?usp=drive_link,https://drive.google.com/file/d/1VormparUeyEwtOYvsagbIGNFTHvmCw-3/view?usp=drive_link
2487,องค์การบริหารส่วนตำบล,บ้านก้อง,บ้านก้อง,นายูง,อุดรธานี,"48,987.51",2550,สจป.6 อุดรธานี,องค์การบริหารส่วนตำบลบ้านก้อง,17.817322,102.0976515,50,,https://drive.google.com/file/d/1YFxvUjWN9FGvFD7yqHlNnYKxI_UzY5Nu/view?usp=drive_link,https://drive.google.com/file/d/1I2xPSVQxO-t59_qfzNK_0Dffw3-LZvC9/view?usp=drive_link
2488,องค์การบริหารส่วนตำบล,นางัว,นางัว,น้ำโสม,อุดรธานี,996.91,2554,สจป.6 อุดรธานี,องค์การบริหารส่วนตำบลนางัว,17.7662311,102.1923378,45,https://drive.google.com/file/d/1d7RPNJP0FRuPXNmbp8wnnUxR_dcVFSbT/view?usp=drive_link,https://drive.google.com/file/d/1TPuLb-XpVOaFtaufWObpyjeuZ4Z8nP-b/view?usp=drive_link,https://drive.google.com/file/d/1L2lFLLUDamcUy8xXCUGDWGLLiszea-D5/view?usp=drive_link
2489,องค์การบริหารส่วนตำบล,น้ำโสม,น้ำโสม,น้ำโสม,อุดรธานี,"68,319.69",2554,สจป.6 อุดรธานี,องค์การบริหารส่วนตำบลน้ำโสม,17.75289649,102.0960116,50,https://drive.google.com/file/d/1klZbPJSse2OELKgEUQ27AAe5cfFgK7tJ/view?usp=drive_link,,
2490,องค์การบริหารส่วนตำบล,บ้านหยวก,บ้านหยวก,น้ำโสม,อุดรธานี,"4,373.80",2549,สจป.6 อุดรธานี,องค์การบริหารส่วนตำบลบ้านหยวก,17.6796095,102.1675702,50,,https://drive.google.com/file/d/14QLUymsVUcMd1RM24k1ZyVTO8ld5J2OB/view?usp=drive_link,https://drive.google.com/file/d/1MkE75gkKuUqLhOlDyt3Tjl7a_RNvkMZo/view?usp=drive_link
2491,องค์การบริหารส่วนตำบล,ศรีสำราญ,ศรีสำราญ,น้ำโสม,อุดรธานี,"1,718.99",2549,สจป.6 อุดรธานี,องค์การบริหารส่วนตำบลศรีสำราญ,17.7689274,102.1709125,50,,https://drive.google.com/file/d/1BZB8-aMuphq1GotwJ0VtDQHLfF85aC0k/view?usp=drive_link,https://drive.google.com/file/d/1j8JqvwbNl01C5xSqzAMcw1UMdMExbTTf/view?usp=drive_link
2492,องค์การบริหารส่วนตำบล,สามัคคี,สามัคคี,น้ำโสม,อุดรธานี,"4,189.09",2554,สจป.6 อุดรธานี,องค์การบริหารส่วนตำบลสามัคคี,17.7781965,102.2988031,50,https://drive.google.com/file/d/1BHunjEfJjyvv6rRy1ev6fqbGrMkooJ77/view?usp=drive_link,,
2493,องค์การบริหารส่วนตำบล,โสมเยี่ยม,โสมเยี่ยม,น้ำโสม,อุดรธานี,"6,881.83",2550,สจป.6 อุดรธานี,องค์การบริหารส่วนตำบลโสมเยี่ยม,17.82583764,102.2078705,50,,https://drive.google.com/file/d/1EQ6wGoBS2yZUNNotAYNPDmMOOOM3gO2C/view?usp=drive_link,https://drive.google.com/file/d/1wfNjHIwejaQQpH3eCsr3oBQOvjC_87cy/view?usp=drive_link
2494,องค์การบริหารส่วนตำบล,หนองแวง,หนองแวง,น้ำโสม,อุดรธานี,"4,438.76",2550,สจป.6 อุดรธานี,องค์การบริหารส่วนตำบลหนองแวง,17.804293,102.2762824,50,,https://drive.google.com/file/d/1Ay1_mQ2BpoNQsfdW7IpERt-I7jcyGJov/view?usp=drive_link,https://drive.google.com/file/d/1LFX2jty_KhU6TdtuGqTP8slQF52Kv0Lz/view?usp=drive_link
2495,องค์การบริหารส่วนตำบล,โคกกลาง,โคกกลาง,โนนสะอาด,อุดรธานี,882.67,2550,สจป.6 อุดรธานี,องค์การบริหารส่วนตำบลโคกกลาง,16.9436611,102.8976613,45,,https://drive.google.com/file/d/1daXGahSXH6ut8tFFEE2z9BDVoAO2mK8h/view?usp=drive_link,https://drive.google.com/file/d/1m4t2OrRMDQtJbOxDYrUUeqpELhJUZovZ/view?usp=drive_link
2496,องค์การบริหารส่วนตำบล,ทมนางาม,ทมนางาม,โนนสะอาด,อุดรธานี,"11,792.11",2550,สจป.6 อุดรธานี,องค์การบริหารส่วนตำบลทมนางาม,16.9095692,102.9779693,50,,https://drive.google.com/file/d/1KtR36BfDYzz3GNRaihfeVXr2_Z6T9cab/view?usp=drive_link,https://drive.google.com/file/d/1R7pYKpErjFTmEW8fWl0tKdrZwuP4RdXJ/view?usp=drive_link
2497,เทศบาลตำบล,หนองแวงโนนสะอาด,โนนสะอาด,โนนสะอาด,อุดรธานี,10,2554,สจป.6 อุดรธานี,เทศบาลตำบลหนองแวงโนนสะอาด,16.8990579,102.8917603,45,https://drive.google.com/file/d/1UdARgR_bXFaKqBmUeNQSM35s-cMpvnLT/view?usp=drive_link,,
2498,องค์การบริหารส่วนตำบล,บุ่งแก้ว,บุ่งแก้ว,โนนสะอาด,อุดรธานี,588.41,2554,สจป.6 อุดรธานี,องค์การบริหารส่วนตำบลบุ่งแก้ว,16.969963,102.967242,45,https://drive.google.com/file/d/1ACGejH17vNc3y7se1hjyYwavzu6uSO8G/view?usp=drive_link,,
2499,เทศบาลตำบล,โพธิ์ศรีสำราญ,โพธิ์ศรีสำราญ,โนนสะอาด,อุดรธานี,"1,172.12",2550,สจป.6 อุดรธานี,เทศบาลตำบลโพธิ์ศรีสำราญ,16.9831872,102.8255378,50,,https://drive.google.com/file/d/1L_K61rVWaGKVe8TBokkvyfjVwaTb6lf-/view?usp=drive_link,https://drive.google.com/file/d/1ho-3Q9nSm-s2CqcYnSlVXhvDY7cJgO28/view?usp=drive_link
2500,องค์การบริหารส่วนตำบล,หนองกุงศรี,หนองกุงศรี,โนนสะอาด,อุดรธานี,"5,544.95",2554,สจป.6 อุดรธานี,องค์การบริหารส่วนตำบลหนองกุงศรี,17.02619596,102.795977,50,https://drive.google.com/file/d/1ru-0IkILBF4f-p2DmckAkHjFPukoeeBk/view?usp=drive_link,,
2501,องค์การบริหารส่วนตำบล,ถ่อนนาลับ,ถ่อนนาลับ,บ้านดุง,อุดรธานี,"3,549.42",2548,สจป.6 อุดรธานี,องค์การบริหารส่วนตำบลถ่อนนาลับ,17.84149976,103.2091123,50,,https://drive.google.com/file/d/1yXon9MSnuLGsgjn5v8-O1NM29l5R22Jo/view?usp=drive_link,https://drive.google.com/file/d/1ghb-t8FP4XoqwKvDeI9NnbSQqcFVi-y8/view?usp=drive_link
2502,องค์การบริหารส่วนตำบล,นาไหม,นาไหม,บ้านดุง,อุดรธานี,"1,524.06",2548,สจป.6 อุดรธานี,องค์การบริหารส่วนตำบลนาไหม,17.75975004,103.1741872,50,,https://drive.google.com/file/d/1fE5XhPJQaOV-uDqZ8GLyNTy7gEKWJCgc/view?usp=drive_link,https://drive.google.com/file/d/1zCQYP-isguHV2VTRiTuwNq2x99RtH1Vi/view?usp=drive_link
2503,องค์การบริหารส่วนตำบล,บ้านจันทน์,บ้านจันทน์,บ้านดุง,อุดรธานี,"2,970.10",2550,สจป.6 อุดรธานี,องค์การบริหารส่วนตำบลบ้านจันทน์,17.8169611,103.3357653,45,,https://drive.google.com/file/d/1W_LkWP1MjkaYbG7jnVhzwFg-ThHuQJkY/view?usp=drive_link,https://drive.google.com/file/d/1KZ-xXXpSVaEjecp3pSC0jqYsRxwDXsgg/view?usp=drive_link
2504,องค์การบริหารส่วนตำบล,บ้านดุง,บ้านดุง,บ้านดุง,อุดรธานี,417.34,2550,สจป.6 อุดรธานี,องค์การบริหารส่วนตำบลบ้านดุง,17.7439977,103.2409307,45,,https://drive.google.com/file/d/19MJYzSYsfslWjHIvL3TjXTnLiZiI1KHz/view?usp=drive_link,https://drive.google.com/file/d/1r_M--Rhf-ULkoFN6JE-MScZNehq5Re2C/view?usp=drive_link
2505,องค์การบริหารส่วนตำบล,บ้านม่วง,บ้านม่วง,บ้านดุง,อุดรธานี,"2,062.77",2554,สจป.6 อุดรธานี,องค์การบริหารส่วนตำบลบ้านม่วง,17.7137621,103.3893704,45,https://drive.google.com/file/d/1gdko3SMdxduCHf5_mRlcIeVmKMwQOr95/view?usp=drive_link,,
2506,องค์การบริหารส่วนตำบล,โพนสูง,โพนสูง,บ้านดุง,อุดรธานี,500.5,2554,สจป.6 อุดรธานี,องค์การบริหารส่วนตำบลโพนสูง,17.665175,103.2880147,50,,https://drive.google.com/file/d/18kWbDyAz-hhxsl08k5pRqiI4suglvDuK/view?usp=drive_link,https://drive.google.com/file/d/1fni2I8rslPEaJcXxx_4NgXATcLfr_KXS/view?usp=drive_link
2507,องค์การบริหารส่วนตำบล,วังทอง,วังทอง,บ้านดุง,อุดรธานี,"1,328.15",2550,สจป.6 อุดรธานี,องค์การบริหารส่วนตำบลวังทอง,17.7393324,103.3072442,45,,https://drive.google.com/file/d/18wC9KU68VSeD9TDdgJEFcINzT2l0oPnv/view?usp=drive_link,https://drive.google.com/file/d/1oXBXCXu0tR-OlTLYVhEJ5-pfMUO0zg6F/view?usp=drive_link
2508,องค์การบริหารส่วนตำบล,อ้อมกอ,อ้อมกอ,บ้านดุง,อุดรธานี,178.09,2554,สจป.6 อุดรธานี,องค์การบริหารส่วนตำบลอ้อมกอ,17.5885439,103.3109474,45,https://drive.google.com/file/d/1opfIIeT-MFvD6oLRVIB4ywwTro8DbQfl/view?usp=drive_link,,
2509,เทศบาลตำบล,กลางใหญ่,กลางใหญ่,บ้านผือ,อุดรธานี,"16,070.89",2550,สจป.6 อุดรธานี,เทศบาลตำบลกลางใหญ่,17.77613056,102.3944932,50,,https://drive.google.com/file/d/1wftaV4Wst0vlB4IM86dZvg4_BEFioR8G/view?usp=drive_link,https://drive.google.com/file/d/1CvMVgITf8-US97wEa91_vzHdlda2aB7O/view?usp=drive_link
2510,องค์การบริหารส่วนตำบล,เขือน้ำ,เขือน้ำ,บ้านผือ,อุดรธานี,"6,076.51",2550,สจป.6 อุดรธานี,องค์การบริหารส่วนตำบลเขือน้ำ,17.56418458,102.6838499,50,,https://drive.google.com/file/d/1DcVaP2sYnR2eRlPalnDeQgMFXkO8P0G1/view?usp=drive_link,https://drive.google.com/file/d/14ISgxAMR7ILqV0KU-hbll3xU-xHQA8Vq/view?usp=drive_link
2511,เทศบาลตำบล,คำบง,คำบง,บ้านผือ,อุดรธานี,"3,628.68",2550,สจป.6 อุดรธานี,เทศบาลตำบลคำบง,17.6012597,102.552294,50,,https://drive.google.com/file/d/1GSJoBFJIG7HGsKpCjvvvdbsJGL8ge-TE/view?usp=drive_link,https://drive.google.com/file/d/1fW26lOgM0ETF6fwIei-B_j2fvViL3K56/view?usp=drive_link
2512,องค์การบริหารส่วนตำบล,จำปาโมง,จำปาโมง,บ้านผือ,อุดรธานี,"5,949.28",2548,สจป.6 อุดรธานี,องค์การบริหารส่วนตำบลจำปาโมง,17.6390572,102.3968996,50,,https://drive.google.com/file/d/1vsIviqCVieASvN8g3ZwhO6nNrgw4-33o/view?usp=drive_link,https://drive.google.com/file/d/1YiPF90BRgIR40mGVoa4QSzjBzf4iUEXZ/view?usp=drive_link
2513,องค์การบริหารส่วนตำบล,โนนทอง,โนนทอง,บ้านผือ,อุดรธานี,"2,010.04",2550,สจป.6 อุดรธานี,องค์การบริหารส่วนตำบลโนนทอง,17.6090048,102.4733092,50,,https://drive.google.com/file/d/1xNEuZS-tTqYAfuvPYLA6-c51OZzwKOHq/view?usp=drive_link,https://drive.google.com/file/d/1jB-ly2eLdoow99aCKhj6_CFrL9q86M2x/view?usp=drive_link
2514,เทศบาลตำบล,เมืองพาน,เมืองพาน,บ้านผือ,อุดรธานี,"21,176.66",2554,สจป.6 อุดรธานี,เทศบาลตำบลเมืองพาน,17.6631345,102.3608513,50,https://drive.google.com/file/d/1ZZxc7mjZD2SU0qP0bCI92DsBxAj5gvkp/view?usp=drive_link,,
2515,องค์การบริหารส่วนตำบล,หนองแวง,หนองแวง,บ้านผือ,อุดรธานี,"6,795.03",2550,สจป.6 อุดรธานี,องค์การบริหารส่วนตำบลหนองแวง,17.4990962,102.3730558,45,,https://drive.google.com/file/d/1Z3ba2eFkJBBkUuc3_L1333-zE9UGNBu4/view?usp=drive_link,https://drive.google.com/file/d/1Cepsue1wPh2Gf4PrJaIpxS1CHfk3lHkt/view?usp=drive_link
2516,องค์การบริหารส่วนตำบล,หนองหัวคู,หนองหัวคู,บ้านผือ,อุดรธานี,"1,615.51",2550,สจป.6 อุดรธานี,องค์การบริหารส่วนตำบลหนองหัวคู,17.5872967,102.6087863,45,,https://drive.google.com/file/d/156FfJ83kGjnYB8T0iDPo5vBfXDqWWf44/view?usp=drive_link,https://drive.google.com/file/d/1lYwPyftCkBV7ykpcTiYfr5jMnRvFIdvg/view?usp=drive_link
2517,องค์การบริหารส่วนตำบล,หายโศก,หายโศก,บ้านผือ,อุดรธานี,"2,008.03",2554,สจป.6 อุดรธานี,องค์การบริหารส่วนตำบลหายโศก,17.7041854,102.5199863,50,https://drive.google.com/file/d/1rnRaRF8PKXT8X8EewhTWPqkorJWNKLD5/view?usp=drive_link,,
2518,องค์การบริหารส่วนตำบล,ดอนกลอย,ดอนกลอย,พิบูลย์รักษ์,อุดรธานี,"5,042.24",2550,สจป.6 อุดรธานี,องค์การบริหารส่วนตำบลดอนกลอย,17.48056652,103.0197215,50,,https://drive.google.com/file/d/1ABfO5XT_xMM1Zm4olNpoFJDkNgIqi09H/view?usp=drive_link,https://drive.google.com/file/d/1i_tkjheJChDll10UABPDu_nGmj5r8UbC/view?usp=drive_link
2519,องค์การบริหารส่วนตำบล,นาทราย,นาทราย,พิบูลย์รักษ์,อุดรธานี,"2,163.64",2550,สจป.6 อุดรธานี,องค์การบริหารส่วนตำบลนาทราย,17.5295547,103.1176692,50,,https://drive.google.com/file/d/1-ws7WQFtSVhlTqbuK_4olbcEKFdnJ4JF/view?usp=drive_link,https://drive.google.com/file/d/1Ie1BiqgQnej2Y_gzaZjtu1vuAZvyAjc9/view?usp=drive_link
2520,องค์การบริหารส่วนตำบล,บ้านแดง,บ้านแดง,พิบูลย์รักษ์,อุดรธานี,"1,385.71",2550,สจป.6 อุดรธานี,องค์การบริหารส่วนตำบลบ้านแดง,17.5513315,103.0581063,45,,https://drive.google.com/file/d/1M0Rt_ABmAGQHDyuGOJxEml-wa05aptai/view?usp=drive_link,https://drive.google.com/file/d/1YP7vAqAkp53Cg8m8TiItB_n-ysrZrnKU/view?usp=drive_link
2521,องค์การบริหารส่วนตำบล,โคกกลาง,โคกกลาง,เพ็ญ,อุดรธานี,"2,803.31",2550,สจป.6 อุดรธานี,องค์การบริหารส่วนตำบลโคกกลาง,17.7289302,102.92237,50,,https://drive.google.com/file/d/1WpQujafaMykjn90a3fss4bW9PKVJ142l/view?usp=drive_link,https://drive.google.com/file/d/1fEDBo7lIAoHLjctxifXFXdUlx6qg2uFL/view?usp=drive_link
2522,องค์การบริหารส่วนตำบล,เชียงหวาง,เชียงหวาง,เพ็ญ,อุดรธานี,763.58,2554,สจป.6 อุดรธานี,องค์การบริหารส่วนตำบลเชียงหวาง,17.64485,102.8215814,50,https://drive.google.com/file/d/1U0DqlSABIm4xTR9bc0BrRwsYdlTJ5WPf/view?usp=drive_link,,
2523,องค์การบริหารส่วนตำบล,เตาไห,เตาไห,เพ็ญ,อุดรธานี,"6,446.28",2550,สจป.6 อุดรธานี,องค์การบริหารส่วนตำบลเตาไห,17.6329694,103.0603543,50,,https://drive.google.com/file/d/1XrYxT1Ja1a-SMkC5IVW9umZp5Y4IBZlk/view?usp=drive_link,https://drive.google.com/file/d/1ljhgcpHioftSmqEAY81SCLy3tArS1GEm/view?usp=drive_link
2524,เทศบาลตำบล,บ้านธาตุ,บ้านธาตุ,เพ็ญ,อุดรธานี,326,2548,สจป.6 อุดรธานี,เทศบาลตำบลบ้านธาตุ,17.6967151,102.8496063,45,,https://drive.google.com/file/d/17t1cy_5IiraWYX2-BF_QxtxdqC0M9reN/view?usp=drive_link,https://drive.google.com/file/d/1c0N2GSljlE3BNwELwmBb8ub37b6zIINi/view?usp=drive_link
2525,องค์การบริหารส่วนตำบล,บ้านเหล่า,บ้านเหล่า,เพ็ญ,อุดรธานี,"2,563.62",2550,สจป.6 อุดรธานี,องค์การบริหารส่วนตำบลบ้านเหล่า,17.6766785,103.0490145,45,,https://drive.google.com/file/d/1Er2JD9RLbwMZOhh41foi-20x9uw8L05V/view?usp=drive_link,https://drive.google.com/file/d/1p1FRxJEe-_ZNr0nTOKiZuJgHhhqTvEX1/view?usp=drive_link
2526,องค์การบริหารส่วนตำบล,เพ็ญ,เพ็ญ,เพ็ญ,อุดรธานี,253.19,2554,สจป.6 อุดรธานี,องค์การบริหารส่วนตำบลเพ็ญ,17.67340378,102.9276574,45,https://drive.google.com/file/d/1U0U_kGPw0IBwDAEMTmfnE-a0TUia2t_J/view?usp=drive_link,https://drive.google.com/file/d/1pOG_fEW5Ui44F6wLZ6CX_LPSczYAoqwm/view?usp=drive_link,https://drive.google.com/file/d/1X4h2kS8hOFI4KZi73Q9DodBPwFTK1jVs/view?usp=drive_link
2527,องค์การบริหารส่วนตำบล,สุมเส้า,สุมเส้า,เพ็ญ,อุดรธานี,"5,370.14",2550,สจป.6 อุดรธานี,องค์การบริหารส่วนตำบลสุมเส้า,17.5808813,102.9886678,50,,https://drive.google.com/file/d/1xiRrPCBjWpgOpGosrA-eSY2OrMgDUh6J/view?usp=drive_link,https://drive.google.com/file/d/12kO0EdnaOlSxzS6wd9jDzms4NtTTUkgf/view?usp=drive_link
2528,องค์การบริหารส่วนตำบล,หนองนาคำ,หนองนาคำ,เมืองอุดรธานี,อุดรธานี,"5,793.21",2550,สจป.6 อุดรธานี,องค์การบริหารส่วนตำบลหนองนาคำ,17.38392258,102.8769817,50,,https://drive.google.com/file/d/1_fdjvC0sFZ2ZMoKHO7AAyt6Ao902rHH9/view?usp=drive_link,https://drive.google.com/file/d/1tqHRNHpdTiQoDttEYDO3hzyL_2TbeBTO/view?usp=drive_link
2529,องค์การบริหารส่วนตำบล,หนองไฮ,หนองไฮ,เมืองอุดรธานี,อุดรธานี,"13,684.02",2549,สจป.6 อุดรธานี,องค์การบริหารส่วนตำบลหนองไฮ,17.2681288,102.7068256,50,,https://drive.google.com/file/d/1wGhDtf0uWuUZGMfuYkfWtelHuB5Ri44f/view?usp=drive_link,https://drive.google.com/file/d/1FeTicexS7udwCyKKTJMI2Dq8XAraRb38/view?usp=drive_link
2530,เทศบาลตำบล,คำโคกสูง,คำโคกสูง,วังสามหมอ,อุดรธานี,"1,795.76",2548,สจป.6 อุดรธานี,เทศบาลตำบลคำโคกสูง,16.8910266,103.4371574,45,,https://drive.google.com/file/d/1EG1sZXIjHBbnxtNz53Zjit82gP1BRI8Y/view?usp=drive_link,https://drive.google.com/file/d/1FYwaof4dqEVS5xnExox1TWQUSR8ZYUko/view?usp=drive_link
2531,เทศบาลตำบล,บะยาว,บะยาว,วังสามหมอ,อุดรธานี,"38,536.16",2548,สจป.6 อุดรธานี,เทศบาลตำบลบะยาว,17.0828764,103.3987498,55,,https://drive.google.com/file/d/1J9ytwxEGIH1viXclNezNgl0LUk4WIw05/view?usp=drive_link,https://drive.google.com/file/d/17DFp4cwZ_9pN5IWwD3JOeoijjD7s8Dnd/view?usp=drive_link
2532,เทศบาลตำบล,ผาสุก,ผาสุก,วังสามหมอ,อุดรธานี,"51,430.42",2554,สจป.6 อุดรธานี,เทศบาลตำบลผาสุก,17.1506247,103.5588922,55,https://drive.google.com/file/d/14t4qaSHrnZVeISG0TpgL4ThtzedbpJvV/view?usp=drive_link,,
2533,เทศบาลตำบล,วังสามหมอ,วังสามหมอ,วังสามหมอ,อุดรธานี,490.53,2549,สจป.6 อุดรธานี,เทศบาลตำบลวังสามหมอ,16.94033878,103.4443476,45,,https://drive.google.com/file/d/1AtLOeanqcau5G_Id-TiWpUzNLtWpJwtp/view?usp=drive_link,https://drive.google.com/file/d/1Jvh5WwyOEVo0Pgq0MbL7OZNecyw-EsLR/view?usp=drive_link
2534,องค์การบริหารส่วนตำบล,หนองกุงทับม้า,หนองกุงทับม้า,วังสามหมอ,อุดรธานี,"34,826.04",2554,สจป.6 อุดรธานี,องค์การบริหารส่วนตำบลหนองกุงทับม้า,17.0255096,103.4341425,50,https://drive.google.com/file/d/1htBIzZzD7vp09-f-aq387EzWXsm4AXkJ/view?usp=drive_link,,
2535,เทศบาลตำบล,หนองหญ้าไซ,หนองหญ้าไซ,วังสามหมอ,อุดรธานี,"9,107.33",2550,สจป.6 อุดรธานี,เทศบาลตำบลหนองหญ้าไซ,16.9537362,103.334201,50,,https://drive.google.com/file/d/1V4Cp9HAoy1Z1ZDs8M0iuaoMNHFVCi17b/view?usp=drive_link,https://drive.google.com/file/d/1pc9Jpheiy36q3_ylLI7QYR-jRBNhERjG/view?usp=drive_link
2536,เทศบาลตำบล,จำปี,จำปี,ศรีธาตุ,อุดรธานี,519.79,2554,สจป.6 อุดรธานี,เทศบาลตำบลจำปี,16.9721214,103.1782102,45,https://drive.google.com/file/d/1qGp15HZe1j5FdC9XWbjEXoRZ5240hTcu/view?usp=drive_link,,
2537,องค์การบริหารส่วนตำบล,ตาดทอง,ตาดทอง,ศรีธาตุ,อุดรธานี,517.01,2550,สจป.6 อุดรธานี,องค์การบริหารส่วนตำบลตาดทอง,17.0550172,103.1229796,45,,https://drive.google.com/file/d/1o1dIl38VxbdlNtlW3NKHCbOpBgIFG5rM/view?usp=drive_link,https://drive.google.com/file/d/1rfTx3Q-_wqhXjaiLNAiAx-1qY80vVd5a/view?usp=drive_link
2538,เทศบาลตำบล,บ้านโปร่ง,บ้านโปร่ง,ศรีธาตุ,อุดรธานี,195.62,2554,สจป.6 อุดรธานี,เทศบาลตำบลบ้านโปร่ง,17.0283501,103.1233036,45,https://drive.google.com/file/d/1vflEMjQit-UIEREeYItPRFT-slqn6-y3/view?usp=drive_link,,
2539,องค์การบริหารส่วนตำบล,ศรีธาตุ,ศรีธาตุ,ศรีธาตุ,อุดรธานี,499.72,2550,สจป.6 อุดรธานี,องค์การบริหารส่วนตำบลศรีธาตุ,16.97542864,103.2185647,45,,https://drive.google.com/file/d/1-Hvh55Tcil7mrTz0SVyCY4SGtBheGmGk/view?usp=drive_link,https://drive.google.com/file/d/1l8tEYovfhgE1DzOC-BOkH0EMkUl5Kq33/view?usp=drive_link
2540,เทศบาลตำบล,หัวนาคำ,หัวนาคำ,ศรีธาตุ,อุดรธานี,"5,341.23",2554,สจป.6 อุดรธานี,เทศบาลตำบลหัวนาคำ,17.027226,103.2378019,50,https://drive.google.com/file/d/1CFUJI2c9WJjy6_y7uxH3BKAZV-A7YN2k/view?usp=drive_link,,
2541,องค์การบริหารส่วนตำบล,เชียงดา,เชียงดา,สร้างคอม,อุดรธานี,"9,864.39",2554,สจป.6 อุดรธานี,องค์การบริหารส่วนตำบลเชียงดา,17.86522265,103.0278835,50,https://drive.google.com/file/d/18g3MCOnU4XpmKquWlkTlPxKtPbVi_kuX/view?usp=drive_link,,
2542,เทศบาลตำบล,บ้านโคก,บ้านโคก,สร้างคอม,อุดรธานี,"19,874.07",2554,สจป.6 อุดรธานี,เทศบาลตำบลบ้านโคก,17.7852838,102.9942556,50,https://drive.google.com/file/d/113yfq2RrSoCQegT_fbKdzG96YL9Ie1El/view?usp=drive_link,,
2543,เทศบาลตำบล,บ้านยวด,บ้านยวด,สร้างคอม,อุดรธานี,"2,050.31",2554,สจป.6 อุดรธานี,เทศบาลตำบลบ้านยวด,17.75705719,103.0512085,50,https://drive.google.com/file/d/1OmymInBoJFn3VFZ2CMBWcaiqYMl4kmeb/view?usp=drive_link,,
2544,เทศบาลตำบล,กุดหมากไฟ,กุดหมากไฟ,หนองวัวซอ,อุดรธานี,"37,550.78",2550,สจป.6 อุดรธานี,เทศบาลตำบลกุดหมากไฟ,17.0858488,102.6084638,50,,https://drive.google.com/file/d/1UQlSaikjENZTph1cSr9-WD2z4_BlHkDE/view?usp=drive_link,https://drive.google.com/file/d/1A0B7a65o4-OjAqb9zWcD5t5QPvqQbk8N/view?usp=drive_link
2545,องค์การบริหารส่วนตำบล,น้ำพ่น,น้ำพ่น,หนองวัวซอ,อุดรธานี,"44,828.89",2554,สจป.6 อุดรธานี,องค์การบริหารส่วนตำบลน้ำพ่น,17.3342787,102.5450072,50,https://drive.google.com/file/d/1oUdKQi5ylX7PcCKMjhq-jGhgbjFTe8At/view?usp=drive_link,,
2546,เทศบาลตำบล,โนนหวาย,โนนหวาย,หนองวัวซอ,อุดรธานี,"28,913.58",2550,สจป.6 อุดรธานี,เทศบาลตำบลโนนหวาย,17.1415881,102.5567603,50,,https://drive.google.com/file/d/14kaPyxSsFw6XWc63BEKhpq95We9UjRtD/view?usp=drive_link,https://drive.google.com/file/d/1l9EoTVZSJnR9O81e_J8aS0Pq9wOM91Cm/view?usp=drive_link
2547,องค์การบริหารส่วนตำบล,หนองอ้อ,หนองอ้อ,หนองวัวซอ,อุดรธานี,"35,017.57",2550,สจป.6 อุดรธานี,องค์การบริหารส่วนตำบลหนองอ้อ,17.1955946,102.5788247,50,,https://drive.google.com/file/d/1_GZWrg46DkBWypmkYo5ZJrknDwOewU36/view?usp=drive_link,https://drive.google.com/file/d/1cGkmFiHFx2rvji1iXAJCkw96SSsJsLsr/view?usp=drive_link
2548,องค์การบริหารส่วนตำบล,หมากหญ้า,หมากหญ้า,หนองวัวซอ,อุดรธานี,516.03,2550,สจป.6 อุดรธานี,องค์การบริหารส่วนตำบลหมากหญ้า,17.2405519,102.6004432,0,,https://drive.google.com/file/d/1QFg-tAz8pyrozpZDEBvaLAf-NV_QMMAh/view?usp=drive_link,https://drive.google.com/file/d/1OWntIkNlXM86PEYqSlGWXtKhMJmCKBPv/view?usp=drive_link
2549,เทศบาลตำบล,อูบมุง,อูบมุง,หนองวัวซอ,อุดรธานี,"31,262.97",2549,สจป.6 อุดรธานี,เทศบาลตำบลอูบมุง,17.11091023,102.5830136,50,,https://drive.google.com/file/d/1-OSAwODxuQpkM9WcwoMe9GzFEvM7qpkV/view?usp=drive_link,https://drive.google.com/file/d/1EtZSKnjNU83e0szBmZ_cUjhn7PWk2-Sw/view?usp=drive_link
2550,องค์การบริหารส่วนตำบล,ทับกุง,ทับกุง,หนองแสง,อุดรธานี,"25,340.76",2548,สจป.6 อุดรธานี,องค์การบริหารส่วนตำบลทับกุง,17.1821364,102.7718743,50,,https://drive.google.com/file/d/1FbSVOC3lSs66axvi5b24Nwh1YNLzCQr_/view?usp=drive_link,https://drive.google.com/file/d/1H6B8M85_Hp4brcoAgzTuy7HfJJIbfKMM/view?usp=drive_link
2551,องค์การบริหารส่วนตำบล,แสงสว่าง,แสงสว่าง,หนองแสง,อุดรธานี,"10,667.84",2554,สจป.6 อุดรธานี,องค์การบริหารส่วนตำบลแสงสว่าง,17.13786847,102.7948773,50,https://drive.google.com/file/d/1uBJPgwUCB9RuXAAwmta6ksAvefbOavfS/view?usp=drive_link,,
2552,เทศบาลตำบล,ผักตบ,ผักตบ,หนองหาน,อุดรธานี,"1,505.69",2550,สจป.6 อุดรธานี,เทศบาลตำบลผักตบ,17.331779,103.0173676,45,,https://drive.google.com/file/d/1p5atKNuoJiFy7ePHy8VbHTEwX5GH3gdS/view?usp=drive_link,https://drive.google.com/file/d/1SGcJDlh8ueCY1A-_93cp3O7im7jAGxNk/view?usp=drive_link
2553,องค์การบริหารส่วนตำบล,โพนงาม,โพนงาม,หนองหาน,อุดรธานี,"2,177.86",2550,สจป.6 อุดรธานี,องค์การบริหารส่วนตำบลโพนงาม,17.3637159,102.977559,50,,https://drive.google.com/file/d/1T5OfKcZqKz6QG1lkttx1ZVFclKKl7cRU/view?usp=drive_link,https://drive.google.com/file/d/1riBFvCxC4lCCRioheSX35PWhofk4Ey_X/view?usp=drive_link
2554,เทศบาลตำบล,สะแบง,สะแบง,หนองหาน,อุดรธานี,"8,896.95",2550,สจป.6 อุดรธานี,เทศบาลตำบลสะแบง,17.48429143,103.111496,50,,https://drive.google.com/file/d/1OipNKDxn-bPGsSordMEAWSKJMexDdna6/view?usp=drive_link,https://drive.google.com/file/d/1PkKzhpeIQ84kcCh0Qsbbh-FvVPxHWLQl/view?usp=drive_link
2555,องค์การบริหารส่วนตำบล,เมืองซ้าย,หนองหาน,หนองหาน,อุดรธานี,314.25,2550,สจป.6 อุดรธานี,องค์การบริหารส่วนตำบลเมืองซ้าย,17.3624116,103.0836958,0,,https://drive.google.com/file/d/1uzROH7aNoWCwsT0ZOZV8yVnoxaQH43Kf/view?usp=drive_link,https://drive.google.com/file/d/1eX-jJNwf9mcfUPvqWCcbM9ZkjR6RwA7p/view?usp=drive_link
2556,องค์การบริหารส่วนตำบล,น้ำอ่าง,น้ำอ่าง,ตรอน,อุตรดิตถ์,"26,544.00",2567,สจป.3 ลำปาง,องค์การบริหารส่วนตำบลน้ำอ่าง,17.45069,100.23507,50,https://drive.google.com/file/d/1We2Hh5GAKh74bdQqZWvjU6oEZ-MZhVHy/view?usp=drive_link,,
2557,องค์การบริหารส่วนตำบล,วังแดง,วังแดง,ตรอน,อุตรดิตถ์,"1,266.93",2550,สจป.3 ลำปาง,องค์การบริหารส่วนตำบลวังแดง,17.4793739,100.1245142,50,,https://drive.google.com/file/d/11nGlwWGQtv1bXa1GMlHuwyEjNQU_RnQA/view?usp=drive_link,https://drive.google.com/file/d/1SDJhxKkFNph5TKFPaHfANjJIZcXAZMCN/view?usp=drive_link
2558,องค์การบริหารส่วนตำบล,น้ำพี้,น้ำพี้,ทองแสนขัน,อุตรดิตถ์,"12,749.58",2548,สจป.3 ลำปาง,องค์การบริหารส่วนตำบลน้ำพี้,17.5619495,100.2781391,50,,https://drive.google.com/file/d/1lY45dDZPSGC4g0fH4xmp_Q13qs6N2ap-/view?usp=drive_link,https://drive.google.com/file/d/10ZSVfzZYp8M0zCpaJf3jvgxxs8hgrNno/view?usp=drive_link
2559,องค์การบริหารส่วนตำบล,บ่อทอง,บ่อทอง,ทองแสนขัน,อุตรดิตถ์,"56,851.81",2550,สจป.3 ลำปาง,องค์การบริหารส่วนตำบลบ่อทอง,17.4074956,100.3260676,60,,https://drive.google.com/file/d/1-uxo0rN-3uDgnTMjv-fDrIhgEQTSWVBn/view?usp=drive_link,
2560,องค์การบริหารส่วนตำบล,ป่าคาย,ป่าคาย,ทองแสนขัน,อุตรดิตถ์,"16,103.90",2550,สจป.3 ลำปาง,องค์การบริหารส่วนตำบลป่าคาย,17.54191543,100.2591705,50,,https://drive.google.com/file/d/1I58swHJO6IZYkO7H7gxF6h3W41KtHBij/view?usp=drive_link,https://drive.google.com/file/d/1FsZkEy8e5oPB7l9fqMqUxc8fopKbGBY3/view?usp=drive_link
2561,องค์การบริหารส่วนตำบล,ผักขวง,ผักขวง,ทองแสนขัน,อุตรดิตถ์,"15,009.27",2550,สจป.3 ลำปาง,องค์การบริหารส่วนตำบลผักขวง,17.5167938,100.401796,50,,https://drive.google.com/file/d/1bVbqOMrYsoCh5QsJ6TcUxd5-f5Eymicf/view?usp=drive_link,https://drive.google.com/file/d/1WugL9C8hfh2UtqvQ3tmzIT-cr-hL6RYL/view?usp=drive_link
2562,เทศบาลตำบล,จริม,จริม,ท่าปลา,อุตรดิตถ์,"25,145.69",2549,สจป.3 ลำปาง,เทศบาลตำบลจริม,17.8119882,100.3555834,50,,https://drive.google.com/file/d/1VEo_2g3Iuizz20gO_xpms_eWoWoKlu0K/view?usp=drive_link,https://drive.google.com/file/d/13D6cTE2YKDQPmDEFp6m9IROhaTeTR40g/view?usp=drive_link
2563,องค์การบริหารส่วนตำบล,ท่าปลา,ท่าปลา,ท่าปลา,อุตรดิตถ์,"23,251.26",2548,สจป.3 ลำปาง,องค์การบริหารส่วนตำบลท่าปลา,17.78254647,100.3669202,60,,https://drive.google.com/file/d/1lrYvuRn8akIubAfP0yaWupWCMXJyDdH7/view?usp=drive_link,
2564,องค์การบริหารส่วนตำบล,นางพญา,นางพญา,ท่าปลา,อุตรดิตถ์,"15,325.77",2548,สจป.3 ลำปาง,องค์การบริหารส่วนตำบลนางพญา,17.9654485,100.394274,50,,https://drive.google.com/file/d/1eyXeYpg8Sch1w2JUBGpCsqgnadeg1FXo/view?usp=drive_link,https://drive.google.com/file/d/1p9u1eal4MQsqlx83p75oaTTXlzfzx9Q3/view?usp=drive_link
2565,องค์การบริหารส่วนตำบล,น้ำหมัน,น้ำหมัน,ท่าปลา,อุตรดิตถ์,"53,831.21",2549,สจป.3 ลำปาง,องค์การบริหารส่วนตำบลน้ำหมัน,17.76278718,100.3100038,50,,https://drive.google.com/file/d/1ZPNYBXImJ0XHYqB_BpxwhIgFwmevF37E/view?usp=drive_link,
2566,องค์การบริหารส่วนตำบล,ผาเลือด,ผาเลือด,ท่าปลา,อุตรดิตถ์,"107,085.55",2548,สจป.3 ลำปาง,องค์การบริหารส่วนตำบลผาเลือด,17.72674689,100.3959095,80,,https://drive.google.com/file/d/1Ok-lGL6WHx0PPaErRf2Zd8QHfSAVu-Uc/view?usp=drive_link,
2567,องค์การบริหารส่วนตำบล,เด่นเหล็ก,เด่นเหล็ก,น้ำปาด,อุตรดิตถ์,"2,504.58",2550,สจป.3 ลำปาง,องค์การบริหารส่วนตำบลเด่นเหล็ก,17.8480614,100.7920074,55,,https://drive.google.com/file/d/1g10CA0c6w4_0D0LAt0-qXBjPPbEx6CVG/view?usp=drive_link,https://drive.google.com/file/d/12SIflt6DdbnohsbQBqvfZ7oywJAG2nDl/view?usp=drive_link
2568,องค์การบริหารส่วนตำบล,ท่าแฝก,ท่าแฝก,น้ำปาด,อุตรดิตถ์,0,2548,สจป.3 ลำปาง,องค์การบริหารส่วนตำบลท่าแฝก,17.9458112,100.6313862,15,,,
2569,องค์การบริหารส่วนตำบล,น้ำไคร้,น้ำไคร้,น้ำปาด,อุตรดิตถ์,"56,204.78",2555,สจป.3 ลำปาง,องค์การบริหารส่วนตำบลน้ำไคร้,17.585256,100.4917865,60,,https://drive.google.com/file/d/1mdPlsjHobLw6ycGO5aKyfeGeIE4il7se/view?usp=drive_link,
2570,องค์การบริหารส่วนตำบล,น้ำไผ่,น้ำไผ่,น้ำปาด,อุตรดิตถ์,"46,696.09",2555,สจป.3 ลำปาง,องค์การบริหารส่วนตำบลน้ำไผ่,17.5808368,100.6799625,55,,https://drive.google.com/file/d/1NwcB54m87s2sT4c7MWJFVaSdWDxSFF-D/view?usp=drive_link,
2571,องค์การบริหารส่วนตำบล,บ้านฝาย,บ้านฝาย,น้ำปาด,อุตรดิตถ์,"6,597.90",2550,สจป.3 ลำปาง,องค์การบริหารส่วนตำบลบ้านฝาย,17.7697177,100.7250401,50,,https://drive.google.com/file/d/1dpfmfG9Ojn55XqnLw6483f32W9lFNxSL/view?usp=drive_link,https://drive.google.com/file/d/1ik5O3hszUzvEkybo-TBSZOZpxpZGNQL3/view?usp=drive_link
2572,องค์การบริหารส่วนตำบล,แสนตอ,แสนตอ,น้ำปาด,อุตรดิตถ์,"30,096.05",2549,สจป.3 ลำปาง,องค์การบริหารส่วนตำบลแสนตอ,17.706301,100.6424333,55,,https://drive.google.com/file/d/1a2yEtUvuKjDx3U_S6UM32YE_-lLpUOIB/view?usp=drive_link,
2573,องค์การบริหารส่วนตำบล,ห้วยมุ่น,ห้วยมุ่น,น้ำปาด,อุตรดิตถ์,"58,896.59",2549,สจป.3 ลำปาง,องค์การบริหารส่วนตำบลห้วยมุ่น,17.8087751,100.9395725,55,,https://drive.google.com/file/d/1dpH7UGha4_27lwMzw22Y2lyQTdZsrwGq/view?usp=drive_link,
2574,เทศบาลตำบล,นาขุม,นาขุม,บ้านโคก,อุตรดิตถ์,"23,992.84",2550,สจป.3 ลำปาง,เทศบาลตำบลนาขุม,17.9803936,101.0289235,50,,https://drive.google.com/file/d/1KhzoXWJV4mgFbbH4JtGEGP72-E84dcxO/view?usp=drive_link,
2575,องค์การบริหารส่วนตำบล,บ่อเบี้ย,บ่อเบี้ย,บ้านโคก,อุตรดิตถ์,"56,161.66",2548,สจป.3 ลำปาง,องค์การบริหารส่วนตำบลบ่อเบี้ย,18.1860028,101.0660936,55,,https://drive.google.com/file/d/1GheaLmpDTuw--5TvPaTgIFPE3rPsRFZQ/view?usp=drive_link,
2576,เทศบาลตำบล,บ้านโคก,บ้านโคก,บ้านโคก,อุตรดิตถ์,"23,082.80",2555,สจป.3 ลำปาง,เทศบาลตำบลบ้านโคก,18.0214904,101.0648063,50,,https://drive.google.com/file/d/1whcn6jEcjXHoIp30B3GMnQWXy4ryNG2j/view?usp=drive_link,
2577,องค์การบริหารส่วนตำบล,ม่วงเจ็ดต้น,ม่วงเจ็ดต้น,บ้านโคก,อุตรดิตถ์,"43,686.10",2548,สจป.3 ลำปาง,องค์การบริหารส่วนตำบลม่วงเจ็ดต้น,18.0988153,101.1263129,55,,https://drive.google.com/file/d/1WoC0vvFOLTklMB7XlxaIWrK4B-MhVSqp/view?usp=drive_link,https://drive.google.com/file/d/1CE2bFpSqPsUa3P3tNxxn6S4ZNUVVnQvB/view?usp=drive_link
2578,องค์การบริหารส่วนตำบล,ท่าสัก,ท่าสัก,พิชัย,อุตรดิตถ์,"9,667.00",2568,สจป.3 ลำปาง,องค์การบริหารส่วนตำบลท่าสัก,17.42760115,100.0733685,50,https://drive.google.com/file/d/1dftdg3tqHNK31bd4uCP7MlDD_nINVm6z/view?usp=drive_link,,
2579,องค์การบริหารส่วนตำบล,นายาง,นายาง,พิชัย,อุตรดิตถ์,"30,369.37",2548,สจป.3 ลำปาง,องค์การบริหารส่วนตำบลนายาง,17.3221524,100.2041713,50,,https://drive.google.com/file/d/1AzXIrzAQVZ3eDDATPnSBcMNgcdjAz1O6/view?usp=drive_link,
2580,องค์การบริหารส่วนตำบล,นาอิน,นาอิน,พิชัย,อุตรดิตถ์,"3,057.44",2548,สจป.3 ลำปาง,องค์การบริหารส่วนตำบลนาอิน,17.225099,100.207599,50,,https://drive.google.com/file/d/1dPnAjKWdp_FX8qUwPu6hNLH_Q0FVOIcn/view?usp=drive_link,https://drive.google.com/file/d/1ueeC090sgbhrotOay3mvK0U6lx5ao4Ho/view?usp=drive_link
2581,องค์การบริหารส่วนตำบล,บ้านเสี้ยว,บ้านเสี้ยว,ฟากท่า,อุตรดิตถ์,72.63,2555,สจป.3 ลำปาง,องค์การบริหารส่วนตำบลบ้านเสี้ยว,17.8981144,100.8208057,45,,,
2582,องค์การบริหารส่วนตำบล,ฟากท่า,ฟากท่า,ฟากท่า,อุตรดิตถ์,"159,420.00",2568,สจป.3 ลำปาง,องค์การบริหารส่วนตำบลฟากท่า,18.0116374,100.8858275,50,https://drive.google.com/file/d/12h_Tp6MCq_kx4iCDBave3gttFWF5yGgG/view?usp=drive_link,,
2583,องค์การบริหารส่วนตำบล,สองคอน,สองคอน,ฟากท่า,อุตรดิตถ์,"1,557.35",2554,สจป.3 ลำปาง,องค์การบริหารส่วนตำบลสองคอน,17.9698069,100.8658224,50,https://drive.google.com/file/d/1bGSNs3O5-0UslKkB4djXu-mVNw4Pcci3/view?usp=drive_link,,
2584,องค์การบริหารส่วนตำบล,สองห้อง,สองห้อง,ฟากท่า,อุตรดิตถ์,"1,045.61",2550,สจป.3 ลำปาง,องค์การบริหารส่วนตำบลสองห้อง,17.8843888,100.8169562,50,,https://drive.google.com/file/d/1RuHCtEz8f79aXocS92iv_w1Pkhwt7Hk-/view?usp=drive_link,https://drive.google.com/file/d/1bGKbW79ZHVxngKR0DwXkb2KndFiSbfcj/view?usp=drive_link
2585,องค์การบริหารส่วนตำบล,ขุนฝาง,ขุนฝาง,เมืองอุตรดิตถ์,อุตรดิตถ์,"16,583.84",2555,สจป.3 ลำปาง,องค์การบริหารส่วนตำบลขุนฝาง,17.7177422,100.210806,55,,https://drive.google.com/file/d/1uEwD05nyTCgqH9iBONeaKNJIj4Bnopp3/view?usp=drive_link,
2586,เทศบาลตำบล,คุ้งตะเภา,คุ้งตะเภา,เมืองอุตรดิตถ์,อุตรดิตถ์,"1,475.00",2567,สจป.3 ลำปาง,เทศบาลตำบลคุ้งตะเภา,17.6290439,100.1238212,0,https://drive.google.com/file/d/10M_UwwG_qFHeVEewL7JvOIecaRdUSz-B/view?usp=drive_link,,
2587,เทศบาลตำบล,งิ้วงาม,งิ้วงาม,เมืองอุตรดิตถ์,อุตรดิตถ์,"15,208.00",2567,สจป.3 ลำปาง,เทศบาลตำบลงิ้วงาม,17.6671019,100.175415,50,https://drive.google.com/file/d/1zqy5IvzghYq5IrE4w7Df-hPzdjvlI7Im/view?usp=drive_link,,
2588,องค์การบริหารส่วนตำบล,ถ้ำฉลอง,ถ้ำฉลอง,เมืองอุตรดิตถ์,อุตรดิตถ์,"17,693.04",2554,สจป.3 ลำปาง,องค์การบริหารส่วนตำบลถ้ำฉลอง,17.6005575,100.350098,50,https://drive.google.com/file/d/1MVjasw3LvpNZGU1pzoSD_erCKQI4z9cL/view?usp=drive_link,,
2589,เทศบาลตำบล,น้ำริด,น้ำริด,เมืองอุตรดิตถ์,อุตรดิตถ์,132,2567,สจป.3 ลำปาง,เทศบาลตำบลน้ำริด,17.68956988,100.1414604,0,https://drive.google.com/file/d/1BF3mWP9dA5LgByG-li-KPqV8S8nSSKeo/view?usp=drive_link,,
2590,องค์การบริหารส่วนตำบล,บ้านด่าน,บ้านด่าน,เมืองอุตรดิตถ์,อุตรดิตถ์,"2,641.00",2567,สจป.3 ลำปาง,องค์การบริหารส่วนตำบลบ้านด่าน,17.7177299,100.210819,50,https://drive.google.com/file/d/1u9lSvCpHIRU3gsbqMCmtLKy8Jd9L6IIp/view?usp=drive_link,,
2591,องค์การบริหารส่วนตำบล,บ้านด่านนาขาม,บ้านด่านนาขาม,เมืองอุตรดิตถ์,อุตรดิตถ์,"51,672.23",2555,สจป.3 ลำปาง,องค์การบริหารส่วนตำบลบ้านด่านนาขาม,17.757842,100.135097,55,,https://drive.google.com/file/d/1BlcNJ92DBqFtQssILcI0E9KlHmdjpKml/view?usp=drive_link,
2592,เทศบาลตำบล,ผาจุก,ผาจุก,เมืองอุตรดิตถ์,อุตรดิตถ์,"3,006.21",2550,สจป.3 ลำปาง,เทศบาลตำบลผาจุก,17.67811749,100.2323986,50,,https://drive.google.com/file/d/1pF0oBDE1KR1f2rQh0yPSJdH8dE4cFxMe/view?usp=drive_link,https://drive.google.com/file/d/1nrIubJXaJ11Tkz5Y8T2xvThthhDqLP0Y/view?usp=drive_link
2593,องค์การบริหารส่วนตำบล,วังดิน,วังดิน,เมืองอุตรดิตถ์,อุตรดิตถ์,"8,270.74",2555,สจป.3 ลำปาง,องค์การบริหารส่วนตำบลวังดิน,17.7256928,100.2596782,50,,https://drive.google.com/file/d/1hg3ganjQtDbKuovf6SsdVBNQij_moC7O/view?usp=drive_link,
2594,องค์การบริหารส่วนตำบล,แสนตอ,แสนตอ,เมืองอุตรดิตถ์,อุตรดิตถ์,"10,568.45",2550,สจป.3 ลำปาง,องค์การบริหารส่วนตำบลแสนตอ,17.6641095,100.2973989,50,,https://drive.google.com/file/d/17diGoC-uJ9C7jHcte40Ju84ugpwW36jm/view?usp=drive_link,https://drive.google.com/file/d/1-JpZ5kD0YDY8WcBiOXvgkf0muM-e_sff/view?usp=drive_link
2595,เทศบาลตำบล,หาดกรวด,หาดกรวด,เมืองอุตรดิตถ์,อุตรดิตถ์,"1,138.00",2567,สจป.3 ลำปาง,เทศบาลตำบลหาดกรวด,17.56706,100.13416,50,https://drive.google.com/file/d/1yrKNqvBPJ1zdLTHjXoYK-2BrZjE5fELJ/view?usp=drive_link,,
2596,องค์การบริหารส่วนตำบล,หาดงิ้ว,หาดงิ้ว,เมืองอุตรดิตถ์,อุตรดิตถ์,998.28,2548,สจป.3 ลำปาง,องค์การบริหารส่วนตำบลหาดงิ้ว,17.67140943,100.3320621,50,,https://drive.google.com/file/d/1FVKgAYDluAsTFwXEHQERf1iwqYND6UZH/view?usp=drive_link,https://drive.google.com/file/d/1sQCVJqu-FDdXDPv8lNQ_yxzwq4jyw2N9/view?usp=drive_link
2597,องค์การบริหารส่วนตำบล,ชัยจุมพล,ชัยจุมพล,ลับแล,อุตรดิตถ์,"9,258.71",2548,สจป.3 ลำปาง,องค์การบริหารส่วนตำบลชัยจุมพล,17.62935689,100.0336885,50,,https://drive.google.com/file/d/1GHuu24iOjczS9QZ-ihb5V0qogagrVXND/view?usp=drive_link,https://drive.google.com/file/d/1RG9A5semxp4Cb0hDHEnEzw1CnMI69olk/view?usp=drive_link
2598,องค์การบริหารส่วนตำบล,นานกกก,นานกกก,ลับแล,อุตรดิตถ์,"7,877.81",2548,สจป.3 ลำปาง,องค์การบริหารส่วนตำบลนานกกก,17.7238604,100.0737137,50,,https://drive.google.com/file/d/1Qfj9Uw_UzhnDe2EFPp8upAqTeZgVjndL/view?usp=drive_link,https://drive.google.com/file/d/1w4l5-kMaNXb9P1cPTWbpFR_OTJIKj8p3/view?usp=drive_link
2599,องค์การบริหารส่วนตำบล,ฝายหลวง,ฝายหลวง,ลับแล,อุตรดิตถ์,"7,406.39",2550,สจป.3 ลำปาง,องค์การบริหารส่วนตำบลฝายหลวง,17.67493715,100.0246395,50,,https://drive.google.com/file/d/17kJx-_i56vgNqhl-6trUpc1U8u--Xiw5/view?usp=drive_link,https://drive.google.com/file/d/1UjlG9fzG_5Ldd13EuopRHc7l4zud-MBd/view?usp=drive_link
2600,องค์การบริหารส่วนตำบล,แม่พูล,แม่พูล,ลับแล,อุตรดิตถ์,"16,228.73",2550,สจป.3 ลำปาง,องค์การบริหารส่วนตำบลแม่พูล,17.6952388,100.0212322,50,,https://drive.google.com/file/d/15uTvS3JjkggWAMCekPCXofZdEBt44Fqu/view?usp=drive_link,https://drive.google.com/file/d/1P_SS2yfmt-kWGMX2EC5kcSQJ6xwXaoA8/view?usp=drive_link
2601,องค์การบริหารส่วนตำบล,โคกหม้อ,โคกหม้อ,ทัพทัน,อุทัยธานี,998.33,2555,สจป.4 สาขานครสวรรค์,องค์การบริหารส่วนตำบลโคกหม้อ,15.5369226,99.9045525,50,https://drive.google.com/file/d/1GPVZy4kAGBEc0gsrzgspDc7KgNfXYLPm/view?usp=drive_link,,
2602,เทศบาลตำบล,ตลุกดู่,ตลุกดู่,ทัพทัน,อุทัยธานี,"4,577.47",2559,สจป.4 สาขานครสวรรค์,เทศบาลตำบลตลุกดู่,15.45010443,99.74000441,50,https://drive.google.com/file/d/1mFPshCGlsaAqlwOMzuQ9Vox3zXLYLeJl/view?usp=drive_link,,
2603,เทศบาลตำบล,หนองกระทุ่ม,หนองกระทุ่ม,ทัพทัน,อุทัยธานี,"2,085.42",2559,สจป.4 สาขานครสวรรค์,เทศบาลตำบลหนองกระทุ่ม,15.498856,99.8035531,50,https://drive.google.com/file/d/1bWPhyHC5GriCcUvx2JzevqtlDmT_Y8j2/view?usp=drive_link,,
2604,องค์การบริหารส่วนตำบล,คอกควาย,คอกควาย,บ้านไร่,อุทัยธานี,"63,026.05",2550,สจป.4 สาขานครสวรรค์,องค์การบริหารส่วนตำบลคอกควาย,15.2011511,99.4721544,60,,https://drive.google.com/file/d/1_iulADGNXdqQgy-9Xnuu6m2ThA_dyOBb/view?usp=drive_link,
2605,องค์การบริหารส่วนตำบล,เจ้าวัด,เจ้าวัด,บ้านไร่,อุทัยธานี,"62,341.60",2565,สจป.4 สาขานครสวรรค์,องค์การบริหารส่วนตำบลเจ้าวัด,15.1740556,99.51394438,60,,,
2606,องค์การบริหารส่วนตำบล,ทัพหลวง,ทัพหลวง,บ้านไร่,อุทัยธานี,"22,307.80",2559,สจป.4 สาขานครสวรรค์,องค์การบริหารส่วนตำบลทัพหลวง,15.0862907,99.5656973,55,https://drive.google.com/file/d/13ZuFxMgElV8Ytptpg4RBLChs2ltA8m_f/view?usp=drive_link,,
2607,องค์การบริหารส่วนตำบล,บ้านบึง,บ้านบึง,บ้านไร่,อุทัยธานี,"7,754.31",2559,สจป.4 สาขานครสวรรค์,องค์การบริหารส่วนตำบลบ้านบึง,15.0672581,99.5419578,50,https://drive.google.com/file/d/1crsqFRysozwsjUavF8OoQovPh1hH_WOL/view?usp=drive_link,,
2608,องค์การบริหารส่วนตำบล,บ้านไร่,บ้านไร่,บ้านไร่,อุทัยธานี,"47,064.17",2559,สจป.4 สาขานครสวรรค์,องค์การบริหารส่วนตำบลบ้านไร่,15.0826175,99.519623,60,https://drive.google.com/file/d/1jjmeIvbScmNH-7nKvkho5PjSCSk_EiwE/view?usp=drive_link,,
2609,องค์การบริหารส่วนตำบล,บ้านใหม่คลองเคียน,บ้านใหม่คลองเคียน,บ้านไร่,อุทัยธานี,649,2551,สจป.4 สาขานครสวรรค์,องค์การบริหารส่วนตำบลบ้านใหม่คลองเคียน,15.2368524,99.673799,50,,https://drive.google.com/file/d/1ty1c2lNbZzcAwrtCZZl6h4pz6amn1ZwE/view?usp=drive_link,https://drive.google.com/file/d/1CpuYrTlwIWW8CS1q73-tV8JpsgjhK9MW/view?usp=drive_link
2610,เทศบาลตำบล,เมืองการุ้ง,เมืองการุ้ง,บ้านไร่,อุทัยธานี,"3,367.75",2565,สจป.4 สาขานครสวรรค์,เทศบาลตำบลเมืองการุ้ง,15.21396332,99.69200134,50,,,
2611,องค์การบริหารส่วนตำบล,วังหิน,วังหิน,บ้านไร่,อุทัยธานี,647.62,2550,สจป.4 สาขานครสวรรค์,องค์การบริหารส่วนตำบลวังหิน,15.2611275,99.6826245,45,,https://drive.google.com/file/d/1-ZoIqKpoxnuVT9e0qy4wrcbrDmiyin6S/view?usp=drive_link,https://drive.google.com/file/d/1FSjbgEgx_qv0QtpROzsh2rEooUwWx8ps/view?usp=drive_link
2612,องค์การบริหารส่วนตำบล,หนองจอก,หนองจอก,บ้านไร่,อุทัยธานี,"11,019.89",2550,สจป.4 สาขานครสวรรค์,องค์การบริหารส่วนตำบลหนองจอก,15.0839424,99.7206469,50,,https://drive.google.com/file/d/10doSaiGMWG4mE9gVwx_1Q3szOMDSam03/view?usp=drive_link,https://drive.google.com/file/d/1PcMrdbIKyW7IVnIqhlyY_zWq9pSNmrkF/view?usp=drive_link
2613,องค์การบริหารส่วนตำบล,หนองบ่มกล้วย,หนองบ่มกล้วย,บ้านไร่,อุทัยธานี,910.81,2550,สจป.4 สาขานครสวรรค์,องค์การบริหารส่วนตำบลหนองบ่มกล้วย,15.077095,99.7586535,50,,https://drive.google.com/file/d/1F9cInkPHeMP_IgQh6PatVQaas4t-vX8t/view?usp=drive_link,https://drive.google.com/file/d/1SlSVcgKoAaOrvVRe7guZhtwE_BJ4-L1A/view?usp=drive_link
2614,องค์การบริหารส่วนตำบล,ห้วยแห้ง,ห้วยแห้ง,บ้านไร่,อุทัยธานี,"19,249.65",2550,สจป.4 สาขานครสวรรค์,องค์การบริหารส่วนตำบลห้วยแห้ง,15.1311278,99.5248588,50,,https://drive.google.com/file/d/1wTxizzSY8S8JoCURwNZbP9Tb2BvmI-Z0/view?usp=drive_link,https://drive.google.com/file/d/1giS43enIogKmJA47pYQSqcS6FEdU9Gml/view?usp=drive_link
2615,องค์การบริหารส่วนตำบล,หูช้าง,หูช้าง,บ้านไร่,อุทัยธานี,"3,928.20",2550,สจป.4 สาขานครสวรรค์,องค์การบริหารส่วนตำบลหูช้าง,15.13557793,99.65162337,50,,https://drive.google.com/file/d/1w4hxziHhZreKC0zHLCPtQI1kUR2MKbBv/view?usp=drive_link,https://drive.google.com/file/d/1RqU8lvEGtikY1uRSaM74qvZ8MOaS72in/view?usp=drive_link
2616,องค์การบริหารส่วนตำบล,ป่าอ้อ,ป่าอ้อ,ลานสัก,อุทัยธานี,"17,110.48",2565,สจป.4 สาขานครสวรรค์,องค์การบริหารส่วนตำบลป่าอ้อ,15.4174889,99.5097614,50,,,
2617,องค์การบริหารส่วนตำบล,ระบำ,ระบำ,ลานสัก,อุทัยธานี,"110,211.93",2565,สจป.4 สาขานครสวรรค์,องค์การบริหารส่วนตำบลระบำ,15.55974,99.4581395,80,,,
2618,องค์การบริหารส่วนตำบล,บ่อยาง,บ่อยาง,สว่างอารมณ์,อุทัยธานี,"1,801.45",2556,สจป.4 สาขานครสวรรค์,องค์การบริหารส่วนตำบลบ่อยาง,15.620392,99.712601,50,https://drive.google.com/file/d/1O_ZB46uRoNJP3qj8ikpi-vviE9GRSdCG/view?usp=drive_link,,
2619,องค์การบริหารส่วนตำบล,ไผ่เขียว,ไผ่เขียว,สว่างอารมณ์,อุทัยธานี,"13,112.73",2555,สจป.4 สาขานครสวรรค์,องค์การบริหารส่วนตำบลไผ่เขียว,15.6255757,99.7735022,50,https://drive.google.com/file/d/11nkHpVrAiCC6x4BqtBGJED6b8yaZBsUt/view?usp=drive_link,,
2620,เทศบาลตำบล,พลวงสองนาง,พลวงสองนาง,สว่างอารมณ์,อุทัยธานี,"1,429.52",2555,สจป.4 สาขานครสวรรค์,เทศบาลตำบลพลวงสองนาง,15.5571362,99.7915113,45,https://drive.google.com/file/d/1FgUSJAy8NlPggGTk9IaqJR9FpYrm874t/view?usp=drive_link,,
2621,องค์การบริหารส่วนตำบล,หนองหลวง,หนองหลวง,สว่างอารมณ์,อุทัยธานี,480.73,2550,สจป.4 สาขานครสวรรค์,องค์การบริหารส่วนตำบลหนองหลวง,15.5915108,99.9049432,50,,https://drive.google.com/file/d/13IEbUoqXyxIjOO8wqqdvVM6-2pTUQ6AG/view?usp=drive_link,https://drive.google.com/file/d/1MckLi4uG2BHIoPZ4JZZeK8okQ14c7axf/view?usp=drive_link
2622,องค์การบริหารส่วนตำบล,ทองหลาง,ทองหลาง,ห้วยคต,อุทัยธานี,"46,478.01",2550,สจป.4 สาขานครสวรรค์,องค์การบริหารส่วนตำบลทองหลาง,15.3407464,99.5758826,60,,https://drive.google.com/file/d/1q7WU6KOC6jw9VyeGDmk3tTpmItCDGAje/view?usp=drive_link,
2623,องค์การบริหารส่วนตำบล,สุขฤทัย,สุขฤทัย,ห้วยคต,อุทัยธานี,814.09,2559,สจป.4 สาขานครสวรรค์,องค์การบริหารส่วนตำบลสุขฤทัย,15.2733387,99.6380353,45,https://drive.google.com/file/d/1nE-JJ5k3B3rV4yScsh-4FcA7KaR8k836/view?usp=drive_link,,
2624,องค์การบริหารส่วนตำบล,ห้วยคต,ห้วยคต,ห้วยคต,อุทัยธานี,"6,391.00",2550,สจป.4 สาขานครสวรรค์,องค์การบริหารส่วนตำบลห้วยคต,15.3024689,99.6095618,50,,https://drive.google.com/file/d/1lnpOYnLDZBo05JqpN8-EV-OOOmdB0IfK/view?usp=drive_link,https://drive.google.com/file/d/195wKFcyFtfXnz8bUMWXTybhImy3boHrb/view?usp=drive_link
2625,องค์การบริหารส่วนตำบล,แก่งเค็ง,แก่งเค็ง,กุดข้าวปุ้น,อุบลราชธานี,"3,838.56",2555,สจป.7 สาขาอุบลราชธานี,องค์การบริหารส่วนตำบลแก่งเค็ง,15.7558055,105.0831388,50,,,
2626,องค์การบริหารส่วนตำบล,โนนสวาง,โนนสวาง,กุดข้าวปุ้น,อุบลราชธานี,"2,502.16",2556,สจป.7 สาขาอุบลราชธานี,องค์การบริหารส่วนตำบลโนนสวาง,15.828546,105.015324,45,,,
2627,องค์การบริหารส่วนตำบล,หนองทันน้ำ,หนองทันน้ำ,กุดข้าวปุ้น,อุบลราชธานี,"5,596.96",2555,สจป.7 สาขาอุบลราชธานี,องค์การบริหารส่วนตำบลหนองทันน้ำ,15.8080486,105.0800461,45,,,
2628,องค์การบริหารส่วนตำบล,แก้งเหนือ,แก้งเหนือ,เขมราฐ,อุบลราชธานี,"6,872.93",2559,สจป.7 สาขาอุบลราชธานี,องค์การบริหารส่วนตำบลแก้งเหนือ,15.92736852,105.1342678,50,https://drive.google.com/file/d/1PT_-vIDsaLIqadlcN_ZE6-T6G1GtkzQK/view?usp=drive_link,,
2629,เทศบาลเมือง,เทพวงศา,เขมราฐ,เขมราฐ,อุบลราชธานี,"20,975.60",2559,สจป.7 สาขาอุบลราชธานี,เทศบาลเมืองเทพวงศา,16.0471604,105.1692362,50,https://drive.google.com/file/d/1B87orjJhJODXRAsiesUvgBhlwUcY6BKI/view?usp=drive_link,,
2630,องค์การบริหารส่วนตำบล,นาแวง,นาแวง,เขมราฐ,อุบลราชธานี,"2,443.69",2549,สจป.7 สาขาอุบลราชธานี,องค์การบริหารส่วนตำบลนาแวง,16.0222787,105.3276257,50,https://drive.google.com/file/d/1eBV8E3nMQrrWLhbdfDftpgL5VU1gKdrH/view?usp=drive_link,,
2631,เทศบาลตำบล,หนองนกทา,หนองนกทา,เขมราฐ,อุบลราชธานี,"11,769.30",2555,สจป.7 สาขาอุบลราชธานี,เทศบาลตำบลหนองนกทา,16.0155166,105.0991923,50,,,
2632,เทศบาลตำบล,หนองผือ,หนองผือ,เขมราฐ,อุบลราชธานี,"5,237.60",2555,สจป.7 สาขาอุบลราชธานี,เทศบาลตำบลหนองผือ,15.9771304,105.0341454,50,,,
2633,องค์การบริหารส่วนตำบล,หนองสิม,หนองสิม,เขมราฐ,อุบลราชธานี,"10,580.19",2555,สจป.7 สาขาอุบลราชธานี,องค์การบริหารส่วนตำบลหนองสิม,16.013596,105.0434882,50,,,
2634,องค์การบริหารส่วนตำบล,กลางใหญ่,กลางใหญ่,เขื่องใน,อุบลราชธานี,"1,391.45",2549,สจป.7 สาขาอุบลราชธานี,องค์การบริหารส่วนตำบลกลางใหญ่,15.5302927,104.4389026,45,,https://drive.google.com/file/d/1Hi5f-hznHuootlep_6pL0wGoUznIa8pG/view?usp=drive_link,https://drive.google.com/file/d/1fJNW-hDk5ip8dvwGP4QUXm9GweWghhQE/view?usp=drive_link
2635,องค์การบริหารส่วนตำบล,ก่อเอ้,ก่อเอ้,เขื่องใน,อุบลราชธานี,23.31,2550,สจป.7 สาขาอุบลราชธานี,องค์การบริหารส่วนตำบลก่อเอ้,15.35675604,104.6192023,0,,https://drive.google.com/file/d/1wIXE_n-rtTxm7TkG6KIbEtsxtJyJ7rnv/view?usp=drive_link,https://drive.google.com/file/d/1kub6reOE2iUN_S84yn93Raj0KQz-oraY/view?usp=drive_link
2636,เทศบาลตำบล,เขื่องใน,เขื่องใน,เขื่องใน,อุบลราชธานี,"2,603.14",2549,สจป.7 สาขาอุบลราชธานี,เทศบาลตำบลเขื่องใน,15.3843155,104.5618609,45,,https://drive.google.com/file/d/15Y7d5uCnzv5MFB_2a67xm4x9Z7BQLhkP/view?usp=drive_link,https://drive.google.com/file/d/1-toMqSqE-7aNcTuSspzthda5VT3HoCb5/view?usp=drive_link
2637,องค์การบริหารส่วนตำบล,ค้อทอง,ค้อทอง,เขื่องใน,อุบลราชธานี,"1,503.59",2549,สจป.7 สาขาอุบลราชธานี,องค์การบริหารส่วนตำบลค้อทอง,15.38721866,104.4347638,45,,https://drive.google.com/file/d/1bp8qtPi4f3yFyETTGqZ3cEKFEi7tUSCn/view?usp=drive_link,https://drive.google.com/file/d/1xSOrsfvC8f-RNtCuc560R9v-DW3jFwL5/view?usp=drive_link
2638,องค์การบริหารส่วนตำบล,ชีทวน,ชีทวน,เขื่องใน,อุบลราชธานี,798.86,2549,สจป.7 สาขาอุบลราชธานี,องค์การบริหารส่วนตำบลชีทวน,15.2864449,104.6656092,45,,https://drive.google.com/file/d/1-b8qru2IF28S485wy8Yj7nuGOnMKwKTh/view?usp=drive_link,https://drive.google.com/file/d/1-9KrvY4mpmRd4TNWIxWD3TfffN52bXq0/view?usp=drive_link
2639,องค์การบริหารส่วนตำบล,แดงหม้อ,แดงหม้อ,เขื่องใน,อุบลราชธานี,725.65,2549,สจป.7 สาขาอุบลราชธานี,องค์การบริหารส่วนตำบลแดงหม้อ,15.285212,104.5124106,45,,https://drive.google.com/file/d/1aFLhPMHTtx3dnFWIEHX9Q0zHUQmgT5QT/view?usp=drive_link,https://drive.google.com/file/d/1PP8pFUI-jP7jPbpLt-zpe4zZe1ao6htb/view?usp=drive_link
2640,องค์การบริหารส่วนตำบล,ท่าไห,ท่าไห,เขื่องใน,อุบลราชธานี,"4,797.92",2549,สจป.7 สาขาอุบลราชธานี,องค์การบริหารส่วนตำบลท่าไห,15.3017211,104.5966717,50,,https://drive.google.com/file/d/12r2GOpEKI5jklzGnAjSOkcDEa-TnQNKL/view?usp=drive_link,https://drive.google.com/file/d/1FrDUU2omx80PrAXZIKZnesZu_eyWel2w/view?usp=drive_link
2641,องค์การบริหารส่วนตำบล,ธาตุน้อย,ธาตุน้อย,เขื่องใน,อุบลราชธานี,"1,578.67",2549,สจป.7 สาขาอุบลราชธานี,องค์การบริหารส่วนตำบลธาตุน้อย,15.3018953,104.4435121,45,,https://drive.google.com/file/d/1a3uRC4Wv2pQp1se2Yl7G5I3b8Jk4ViL4/view?usp=drive_link,https://drive.google.com/file/d/1X23kyd5Rfl7P0y0Q-UzWhyuMTDs3BNv1/view?usp=drive_link
2642,องค์การบริหารส่วนตำบล,นาคำใหญ่,นาคำใหญ่,เขื่องใน,อุบลราชธานี,256.68,2549,สจป.7 สาขาอุบลราชธานี,องค์การบริหารส่วนตำบลนาคำใหญ่,15.2524111,104.5464499,45,,https://drive.google.com/file/d/1xQ9It8NC9IcrAbXqNPMvs5D419q0bN0y/view?usp=drive_link,https://drive.google.com/file/d/1DeBsDYEWW7EV5y2noL_q0A247fczqkh2/view?usp=drive_link
2643,องค์การบริหารส่วนตำบล,โนนรัง,โนนรัง,เขื่องใน,อุบลราชธานี,"4,537.02",2549,สจป.7 สาขาอุบลราชธานี,องค์การบริหารส่วนตำบลโนนรัง,15.5030424,104.4918726,50,,https://drive.google.com/file/d/1Id5lSDN8s9wbjfPuqx6NYavN11NvUcWN/view?usp=drive_link,https://drive.google.com/file/d/1jslsrk0Obn3kpFMV1VVbmYgEMUHkK9yV/view?usp=drive_link
2644,เทศบาลตำบล,ศรีสุข,ศรีสุข,เขื่องใน,อุบลราชธานี,"6,260.77",2549,สจป.7 สาขาอุบลราชธานี,เทศบาลตำบลศรีสุข,15.4931799,104.5380835,50,,https://drive.google.com/file/d/1qGwdxdg2BLc_8b5S9h_00TMRwqe5mkP4/view?usp=drive_link,https://drive.google.com/file/d/19_ZEZOwfwsLKMqRDUM9kCiQ-FOeptTWB/view?usp=drive_link
2645,องค์การบริหารส่วนตำบล,สร้างถ่อ,สร้างถ่อ,เขื่องใน,อุบลราชธานี,"6,665.60",2549,สจป.7 สาขาอุบลราชธานี,องค์การบริหารส่วนตำบลสร้างถ่อ,15.39836119,104.5022278,50,,https://drive.google.com/file/d/1wXVxP05eZbxER6wfiM8Ag0m9RHmaltw5/view?usp=drive_link,https://drive.google.com/file/d/1TZQQmTv6c1iUV_u4HpCIvqzZ5WRs-6wn/view?usp=drive_link
2646,องค์การบริหารส่วนตำบล,สหธาตุ,สหธาตุ,เขื่องใน,อุบลราชธานี,53.97,2559,สจป.7 สาขาอุบลราชธานี,องค์การบริหารส่วนตำบลสหธาตุ,15.353322,104.4640719,45,https://drive.google.com/file/d/1kFoG8r6WwCRQ97WshdWrgeMfxFsRsw2a/view?usp=drive_link,,
2647,องค์การบริหารส่วนตำบล,หนองเหล่า,หนองเหล่า,เขื่องใน,อุบลราชธานี,760.22,2549,สจป.7 สาขาอุบลราชธานี,องค์การบริหารส่วนตำบลหนองเหล่า,15.460687,104.5901106,45,,https://drive.google.com/file/d/1cTdPx2zFcK1eUSvUdJrSU6aY33SWizpJ/view?usp=drive_link,https://drive.google.com/file/d/15dcj81geXcYjOxO4y_UhN_2_hhbt2G4_/view?usp=drive_link
2648,องค์การบริหารส่วนตำบล,หัวดอน,หัวดอน,เขื่องใน,อุบลราชธานี,"1,574.74",2549,สจป.7 สาขาอุบลราชธานี,องค์การบริหารส่วนตำบลหัวดอน,15.32677357,104.6738479,45,,https://drive.google.com/file/d/1Fme1omTJDn2jfxL6t-k_d1fo6FP0XK_f/view?usp=drive_link,https://drive.google.com/file/d/17u826SgvU2XiziIR-cPxTlyJGe3JFu4r/view?usp=drive_link
2649,องค์การบริหารส่วนตำบล,โขงเจียม,โขงเจียม,โขงเจียม,อุบลราชธานี,"5,827.76",2556,สจป.7 สาขาอุบลราชธานี,องค์การบริหารส่วนตำบลโขงเจียม,15.31795494,105.4910935,50,,,
2650,องค์การบริหารส่วนตำบล,นาโพธิ์กลาง,นาโพธิ์กลาง,โขงเจียม,อุบลราชธานี,"46,176.25",2555,สจป.7 สาขาอุบลราชธานี,องค์การบริหารส่วนตำบลนาโพธิ์กลาง,15.56051985,105.5038869,50,,,
2651,องค์การบริหารส่วนตำบล,ห้วยไผ่,ห้วยไผ่,โขงเจียม,อุบลราชธานี,"16,696.46",2550,สจป.7 สาขาอุบลราชธานี,องค์การบริหารส่วนตำบลห้วยไผ่,15.3612542,105.4575346,50,,https://drive.google.com/file/d/1PUwca-pgfoSjL0RwRMtNR9c9FxmXFCQk/view?usp=drive_link,https://drive.google.com/file/d/1sR99FuIfHRFfPcURUa5jQc8h2MQqS7x5/view?usp=drive_link
2652,องค์การบริหารส่วนตำบล,ห้วยยาง,ห้วยยาง,โขงเจียม,อุบลราชธานี,"58,383.18",2556,สจป.7 สาขาอุบลราชธานี,องค์การบริหารส่วนตำบลห้วยยาง,15.4281447,105.4186885,50,,,
2653,องค์การบริหารส่วนตำบล,ท่าเมือง,ท่าเมือง,ดอนมดแดง,อุบลราชธานี,"1,383.16",2549,สจป.7 สาขาอุบลราชธานี,องค์การบริหารส่วนตำบลท่าเมือง,15.4374975,105.0128383,45,,https://drive.google.com/file/d/1FHVvriDFpZcx46Jctu9FEyvj19RT-Tcu/view?usp=drive_link,https://drive.google.com/file/d/1n_8ZuuGqrT3NLJY0GnfhP7QspfUH1amV/view?usp=drive_link
2654,องค์การบริหารส่วนตำบล,เหล่าแดง,เหล่าแดง,ดอนมดแดง,อุบลราชธานี,"3,690.98",2549,สจป.7 สาขาอุบลราชธานี,องค์การบริหารส่วนตำบลเหล่าแดง,15.377837,105.0256761,45,,https://drive.google.com/file/d/1rR2-CJ7nOk4cKQpFwXQvkco8gmSIMWYL/view?usp=drive_link,https://drive.google.com/file/d/1aomvXlyO57H0hSpkw6l0zXCIczns29DG/view?usp=drive_link
2655,องค์การบริหารส่วนตำบล,แก้ง,แก้ง,เดชอุดม,อุบลราชธานี,107.29,2549,สจป.7 สาขาอุบลราชธานี,องค์การบริหารส่วนตำบลแก้ง,14.7098839,105.0180532,45,,https://drive.google.com/file/d/1te0j2MoD4vmvT5GDdZGNa6t5EcCq-G_b/view?usp=drive_link,https://drive.google.com/file/d/1en527KenX5msldaH98dNR5ZHKvhcHSR4/view?usp=drive_link
2656,องค์การบริหารส่วนตำบล,ตบหู,ตบหู,เดชอุดม,อุบลราชธานี,"1,805.08",2549,สจป.7 สาขาอุบลราชธานี,องค์การบริหารส่วนตำบลตบหู,14.7112068,105.0775607,45,,https://drive.google.com/file/d/1gUBmUEM81J3G28BKxPD_tDgsPhCzOujU/view?usp=drive_link,https://drive.google.com/file/d/1FrOmSmEd2EG3zTSZHFB_zkj5bylz2x17/view?usp=drive_link
2657,องค์การบริหารส่วนตำบล,ท่าโพธิ์ศรี,ท่าโพธิ์ศรี,เดชอุดม,อุบลราชธานี,"2,641.42",2559,สจป.7 สาขาอุบลราชธานี,องค์การบริหารส่วนตำบลท่าโพธิ์ศรี,14.8464289,105.0423377,50,https://drive.google.com/file/d/1bvgAqQVJRtp0Eq7BcCF10dFVD9CR0iJ0/view?usp=drive_link,,
2658,องค์การบริหารส่วนตำบล,นากระแซง,นากระแซง,เดชอุดม,อุบลราชธานี,"3,771.01",2555,สจป.7 สาขาอุบลราชธานี,องค์การบริหารส่วนตำบลนากระแซง,14.8703327,104.9408085,5,,,
2659,องค์การบริหารส่วนตำบล,โนนสมบูรณ์,โนนสมบูรณ์,เดชอุดม,อุบลราชธานี,387.85,2549,สจป.7 สาขาอุบลราชธานี,องค์การบริหารส่วนตำบลโนนสมบูรณ์,14.768383,105.0405471,0,,https://drive.google.com/file/d/1F6_8EqoRJvnpmK4PV8b5qSaKT2sw6DcX/view?usp=drive_link,https://drive.google.com/file/d/1uA62tB-tT5E0KEOIq40jJL9YWcqWbGOr/view?usp=drive_link
2660,องค์การบริหารส่วนตำบล,เมืองเดช,เมืองเดช,เดชอุดม,อุบลราชธานี,514.49,2549,สจป.7 สาขาอุบลราชธานี,องค์การบริหารส่วนตำบลเมืองเดช,14.9163648,105.0866599,45,,https://drive.google.com/file/d/1DFX7ILy_OnNUvpE8EFcXPl6sRx08OV4C/view?usp=drive_link,https://drive.google.com/file/d/1_uhEJh71qNhP3fAsR8_DQ9UAhMrpyi8Z/view?usp=drive_link
2661,องค์การบริหารส่วนตำบล,สมสะอาด,สมสะอาด,เดชอุดม,อุบลราชธานี,484.29,2549,สจป.7 สาขาอุบลราชธานี,องค์การบริหารส่วนตำบลสมสะอาด,14.8277935,104.9828626,45,,https://drive.google.com/file/d/1vkvrQx2vB5Z1QapoAHVRIMBgSKaqBmDL/view?usp=drive_link,https://drive.google.com/file/d/1p_PoG64_oyZyvzgBuUk97Rw2WziSCEdo/view?usp=drive_link
2662,องค์การบริหารส่วนตำบล,ขามเปี้ย,ขามเปี้ย,ตระการพืชผล,อุบลราชธานี,"5,001.77",2549,สจป.7 สาขาอุบลราชธานี,องค์การบริหารส่วนตำบลขามเปี้ย,15.5419374,104.9175079,50,,https://drive.google.com/file/d/1LLK_gPmvLsz3UAp5xQnX1P7HUp0rw0iF/view?usp=drive_link,https://drive.google.com/file/d/1IPzp5w4CC-zuQPpks_HfK1Bn3_quqHMt/view?usp=drive_link
2663,องค์การบริหารส่วนตำบล,คอนสาย,คอนสาย,ตระการพืชผล,อุบลราชธานี,"3,002.05",2549,สจป.7 สาขาอุบลราชธานี,องค์การบริหารส่วนตำบลคอนสาย,15.69183939,105.0790572,45,,https://drive.google.com/file/d/1j2euCwy8U_NJIKc0ZE91Nm21NBT9AlbH/view?usp=drive_link,https://drive.google.com/file/d/12WHiBvGx24QUAWAQgE-AZwQYJ5JFlR4X/view?usp=drive_link
2664,องค์การบริหารส่วนตำบล,โคกจาน,โคกจาน,ตระการพืชผล,อุบลราชธานี,"1,588.99",2549,สจป.7 สาขาอุบลราชธานี,องค์การบริหารส่วนตำบลโคกจาน,15.542921,105.0648999,45,,https://drive.google.com/file/d/1uFjrAh0z2PFn8UmM-ZBGB9CNTJ4r8WGx/view?usp=drive_link,https://drive.google.com/file/d/1vOw6kDbiXnMJSbr4b8HD2ciKdhFHl2II/view?usp=drive_link
2665,องค์การบริหารส่วนตำบล,ถ้ำแข้,ถ้ำแข้,ตระการพืชผล,อุบลราชธานี,"2,773.97",2549,สจป.7 สาขาอุบลราชธานี,องค์การบริหารส่วนตำบลถ้ำแข้,15.6653344,105.1376618,50,,https://drive.google.com/file/d/1N57_wNl0j3WpiRR9XemkIm3utqXZI6Hr/view?usp=drive_link,https://drive.google.com/file/d/1Yduz0ZCQeBa-Aew-p1PyQ0MSdJCRl4x8/view?usp=drive_link
2666,องค์การบริหารส่วนตำบล,ท่าหลวง,ท่าหลวง,ตระการพืชผล,อุบลราชธานี,834.77,2549,สจป.7 สาขาอุบลราชธานี,องค์การบริหารส่วนตำบลท่าหลวง,15.6292851,105.1888246,45,,https://drive.google.com/file/d/1KFmdbKsyorg7n5Az5lPIh1YZe4SjFZX8/view?usp=drive_link,https://drive.google.com/file/d/1fXFmGq5NyVnpZusS8dB2LEJMmB7Hwkmv/view?usp=drive_link
2667,องค์การบริหารส่วนตำบล,นาสะไม,นาสะไม,ตระการพืชผล,อุบลราชธานี,371.32,2549,สจป.7 สาขาอุบลราชธานี,องค์การบริหารส่วนตำบลนาสะไม,15.6448105,104.9428395,45,,https://drive.google.com/file/d/1iOP6EjtA_SAlNEEsN6bm3WAVlU1vXxJg/view?usp=drive_link,https://drive.google.com/file/d/1QlUfxInK14wKdccb6RIhLfeEQKp2JcGa/view?usp=drive_link
2668,องค์การบริหารส่วนตำบล,โนนกุง,โนนกุง,ตระการพืชผล,อุบลราชธานี,73.36,2549,สจป.7 สาขาอุบลราชธานี,องค์การบริหารส่วนตำบลโนนกุง,15.63201209,105.1534116,45,,https://drive.google.com/file/d/13s40Fej1Xqf4Nu7YPdytjG2jIYOOHkbW/view?usp=drive_link,https://drive.google.com/file/d/1BZUR__MISNhOm63W4Hzr0EMeJ3SxEp9A/view?usp=drive_link
2669,องค์การบริหารส่วนตำบล,ห้วยฝ้ายพัฒนา,ห้วยฝ้ายพัฒนา,ตระการพืชผล,อุบลราชธานี,574.85,2549,สจป.7 สาขาอุบลราชธานี,องค์การบริหารส่วนตำบลห้วยฝ้ายพัฒนา,15.5425398,105.1735355,45,,https://drive.google.com/file/d/1d_tG89KHYK_sa-34xqVxeqLJHNAwWICk/view?usp=drive_link,https://drive.google.com/file/d/1JhE-pnBHofrINmQ5wAJTvamM5E9QLNmC/view?usp=drive_link
2670,องค์การบริหารส่วนตำบล,ไหล่ทุ่ง,ไหล่ทุ่ง,ตระการพืชผล,อุบลราชธานี,"2,207.77",2549,สจป.7 สาขาอุบลราชธานี,องค์การบริหารส่วนตำบลไหล่ทุ่ง,15.5901166,104.973367,45,,https://drive.google.com/file/d/1VpznI45gZW9vCxJFpg4rCSovSgT4emiU/view?usp=drive_link,https://drive.google.com/file/d/1m3JrmZjnmdN0DTo_BbZ-VVps6CqSK3RU/view?usp=drive_link
2671,องค์การบริหารส่วนตำบล,นาคาย,นาคาย,ตาลสุม,อุบลราชธานี,256.63,2549,สจป.7 สาขาอุบลราชธานี,องค์การบริหารส่วนตำบลนาคาย,15.38980448,105.2047386,0,,https://drive.google.com/file/d/18oh5Of_bVkH40IFSCqsQA_xAy6_rMZTA/view?usp=drive_link,https://drive.google.com/file/d/1E9XR07bmo2Hi9uX5w__sG7zEMw52R0kx/view?usp=drive_link
2672,องค์การบริหารส่วนตำบล,หนองกุง,หนองกุง,ตาลสุม,อุบลราชธานี,572.71,2549,สจป.7 สาขาอุบลราชธานี,องค์การบริหารส่วนตำบลหนองกุง,15.4269023,105.192572,45,,https://drive.google.com/file/d/1M1c89lNJMfDIoTwJg_YZ6cioSnNbu0dH/view?usp=drive_link,https://drive.google.com/file/d/1dNAI-WLOY5Z3qPCpBFalgcwYLXGyy4uO/view?usp=drive_link
2673,องค์การบริหารส่วนตำบล,กุดเรือ,กุดเรือ,ทุ่งศรีอุดม,อุบลราชธานี,"1,063.40",2549,สจป.7 สาขาอุบลราชธานี,องค์การบริหารส่วนตำบลกุดเรือ,14.671921,104.9025437,0,,https://drive.google.com/file/d/1zF71AcgnP8GJloASsYbKItfsAFzjT8au/view?usp=drive_link,https://drive.google.com/file/d/1Arlt9zu1__8tglARjYi1AE7yupAZSIjp/view?usp=drive_link
2674,เทศบาลตำบล,ทุ่งศรีอุดม,โคกชำแระ,ทุ่งศรีอุดม,อุบลราชธานี,146.03,2549,สจป.7 สาขาอุบลราชธานี,เทศบาลตำบลทุ่งศรีอุดม,14.73618889,104.9154666,45,,https://drive.google.com/file/d/12is41BqPUgxRAOPmv7Ib5FIqU7I6wj4S/view?usp=drive_link,https://drive.google.com/file/d/1CSu62Lbntv6RVM2-xYta42X3my19qss_/view?usp=drive_link
2675,องค์การบริหารส่วนตำบล,นาเกษม,นาเกษม,ทุ่งศรีอุดม,อุบลราชธานี,238.5,2549,สจป.7 สาขาอุบลราชธานี,องค์การบริหารส่วนตำบลนาเกษม,14.74528321,104.9487019,45,,https://drive.google.com/file/d/1np9B6WuLnRw8RBwmM6lKQxedR8Nkr-N-/view?usp=drive_link,https://drive.google.com/file/d/1aWqYnWjZF8oUt2siwMtuQkXvvrfe21uC/view?usp=drive_link
2676,องค์การบริหารส่วนตำบล,นาห่อม,นาห่อม,ทุ่งศรีอุดม,อุบลราชธานี,"2,443.69",2549,สจป.7 สาขาอุบลราชธานี,องค์การบริหารส่วนตำบลนาห่อม,14.7512255,104.8593855,45,,https://drive.google.com/file/d/1VjlQlGtS_Jg7kdiV51t1Dk06kzN6-LpK/view?usp=drive_link,https://drive.google.com/file/d/1iDcIn9STd4VYPX8pNhqppkoPd1Nyu9gb/view?usp=drive_link
2677,องค์การบริหารส่วนตำบล,หนองอ้ม,หนองอ้ม,ทุ่งศรีอุดม,อุบลราชธานี,"1,090.74",2549,สจป.7 สาขาอุบลราชธานี,องค์การบริหารส่วนตำบลหนองอ้ม,14.78770969,104.9285987,45,,https://drive.google.com/file/d/1ck2GqKGCGAmJxUHFsuTJt2nuBVwyR2qd/view?usp=drive_link,https://drive.google.com/file/d/1r_zwqXrjcmSQ7Qu-U_AKpQf1umD2suOn/view?usp=drive_link
2678,เทศบาลตำบล,นาจะหลวย,นาจะหลวย,นาจะหลวย,อุบลราชธานี,"1,505.28",2549,สจป.7 สาขาอุบลราชธานี,เทศบาลตำบลนาจะหลวย,14.53072264,105.2425668,45,,https://drive.google.com/file/d/1uUJrtcypm_lAll_YvrxzRyTTRoUfxtFq/view?usp=drive_link,https://drive.google.com/file/d/1U78a0o85dEyrVs1CBw_RvTRsGkrLelNB/view?usp=drive_link
2679,องค์การบริหารส่วนตำบล,โนนสวรรค์,โนนสวรรค์,นาจะหลวย,อุบลราชธานี,"1,760.13",2549,สจป.7 สาขาอุบลราชธานี,องค์การบริหารส่วนตำบลโนนสวรรค์,14.66008,105.1264,45,,https://drive.google.com/file/d/1GD6WU6KzaHvecqZzBTf7jszP7KWYeVbx/view?usp=drive_link,https://drive.google.com/file/d/1VmZgD0qUFmk7QPYkIuKj4xZ15tPlywLG/view?usp=drive_link
2680,เทศบาลตำบล,กองโพน,กองโพน,นาตาล,อุบลราชธานี,"1,381.83",2549,สจป.7 สาขาอุบลราชธานี,เทศบาลตำบลกองโพน,15.9805318,105.2698624,50,https://drive.google.com/file/d/1_CsmbH7p4HxtqXo-DWCcZo14IGxxdCEX/view?usp=drive_link,https://drive.google.com/file/d/10AAppKZNA0HJ0Z5iOjVojHnCkMCCRmLN/view?usp=drive_link,https://drive.google.com/file/d/1A6s1HTtmxg9c16NehSF5VvgOKj-52eM2/view?usp=drive_link
2681,เทศบาลตำบล,นาตาล,นาตาล,นาตาล,อุบลราชธานี,"1,407.39",2559,สจป.7 สาขาอุบลราชธานี,เทศบาลตำบลนาตาล,15.9018125,105.278626,45,https://drive.google.com/file/d/1_1w7E_OwfrNGQOZwxOqnewI4K8PymJv5/view?usp=drive_link,,
2682,องค์การบริหารส่วนตำบล,พะลาน,พะลาน,นาตาล,อุบลราชธานี,"2,470.95",2555,สจป.7 สาขาอุบลราชธานี,องค์การบริหารส่วนตำบลพะลาน,15.94638337,105.3147221,50,,https://drive.google.com/file/d/1Atyk6vEuuBxHST9UigkwnKyvz0kfRQGn/view?usp=drive_link,https://drive.google.com/file/d/1-ICfZFkDareR_3RcT_fFXvWLswsf-EML/view?usp=drive_link
2683,องค์การบริหารส่วนตำบล,โคกสะอาด,โคกสะอาด,น้ำขุ่น,อุบลราชธานี,"4,238.76",2556,สจป.7 สาขาอุบลราชธานี,องค์การบริหารส่วนตำบลโคกสะอาด,14.5352662,104.8580608,45,,,
2684,เทศบาลตำบล,ตาเกา,ตาเกา,น้ำขุ่น,อุบลราชธานี,"1,503.32",2556,สจป.7 สาขาอุบลราชธานี,เทศบาลตำบลตาเกา,14.5632529,104.921981,45,,,
2685,องค์การบริหารส่วนตำบล,ไพบูลย์,ไพบูลย์,น้ำขุ่น,อุบลราชธานี,"1,101.63",2556,สจป.7 สาขาอุบลราชธานี,องค์การบริหารส่วนตำบลไพบูลย์,14.6301746,104.8472041,45,,,
2686,องค์การบริหารส่วนตำบล,เก่าขาม,เก่าขาม,น้ำยืน,อุบลราชธานี,"2,785.16",2549,สจป.7 สาขาอุบลราชธานี,องค์การบริหารส่วนตำบลเก่าขาม,14.59516062,105.0324677,45,,https://drive.google.com/file/d/1RbiLYkB5GUgAknAhQLUI3WykEXYlbKw1/view?usp=drive_link,https://drive.google.com/file/d/1948DDhFolJ3a4Gx0NdP3qM0GmmvrVurd/view?usp=drive_link
2687,เทศบาลตำบล,โซง,โซง,น้ำยืน,อุบลราชธานี,"9,972.72",2556,สจป.7 สาขาอุบลราชธานี,เทศบาลตำบลโซง,14.5122663,104.9450347,50,,,
2688,องค์การบริหารส่วนตำบล,โดมประดิษฐ์,โดมประดิษฐ์,น้ำยืน,อุบลราชธานี,"10,419.11",2559,สจป.7 สาขาอุบลราชธานี,องค์การบริหารส่วนตำบลโดมประดิษฐ์,14.4196821,105.1796161,50,https://drive.google.com/file/d/1xwjJJpoQpf_kb1_eroXF6nUB1kS7NUyg/view?usp=drive_link,,
2689,องค์การบริหารส่วนตำบล,บุเปือย,บุเปือย,น้ำยืน,อุบลราชธานี,"4,431.36",2556,สจป.7 สาขาอุบลราชธานี,องค์การบริหารส่วนตำบลบุเปือย,14.53967905,105.0442207,50,,,
2690,องค์การบริหารส่วนตำบล,ยาง,ยาง,น้ำยืน,อุบลราชธานี,"4,064.96",2556,สจป.7 สาขาอุบลราชธานี,องค์การบริหารส่วนตำบลยาง,14.6486111,105.0182294,45,,,
2691,องค์การบริหารส่วนตำบล,ยางใหญ่,ยางใหญ่,น้ำยืน,อุบลราชธานี,"2,694.86",2556,สจป.7 สาขาอุบลราชธานี,องค์การบริหารส่วนตำบลยางใหญ่,14.5707569,105.1006185,45,,,
2692,เทศบาลตำบล,สีวิเชียร,สีวิเชียร,น้ำยืน,อุบลราชธานี,"15,057.72",2556,สจป.7 สาขาอุบลราชธานี,เทศบาลตำบลสีวิเชียร,14.486428,105.0462325,50,,,
2693,เทศบาลตำบล,คอแลน,คอแลน,บุณฑริก,อุบลราชธานี,"15,965.68",2555,สจป.7 สาขาอุบลราชธานี,เทศบาลตำบลคอแลน,14.872102,105.4178135,50,,,
2694,องค์การบริหารส่วนตำบล,โนนค้อ,โนนค้อ,บุณฑริก,อุบลราชธานี,"1,450.91",2559,สจป.7 สาขาอุบลราชธานี,องค์การบริหารส่วนตำบลโนนค้อ,14.6911802,105.3030279,45,https://drive.google.com/file/d/1wr26IhIj-RaDHU2eseNqlNoZzv02fnZb/view?usp=drive_link,,
2695,องค์การบริหารส่วนตำบล,บัวงาม,บัวงาม,บุณฑริก,อุบลราชธานี,978.44,2559,สจป.7 สาขาอุบลราชธานี,องค์การบริหารส่วนตำบลบัวงาม,14.7855344,105.3747226,45,,,
2696,องค์การบริหารส่วนตำบล,โพนงาม,โพนงาม,บุณฑริก,อุบลราชธานี,"16,854.89",2549,สจป.7 สาขาอุบลราชธานี,องค์การบริหารส่วนตำบลโพนงาม,14.7405475,105.4492151,50,,https://drive.google.com/file/d/1rj02_Roe3WcksKgsOa_Nw8OeiKcwQv6H/view?usp=drive_link,https://drive.google.com/file/d/1E7_UnNgC_fDGYpgTjhaCisrDCOUYFI_p/view?usp=drive_link
2697,องค์การบริหารส่วนตำบล,หนองสะโน,หนองสะโน,บุณฑริก,อุบลราชธานี,"7,440.28",2556,สจป.7 สาขาอุบลราชธานี,องค์การบริหารส่วนตำบลหนองสะโน,14.80894835,105.2988921,50,,,
2698,องค์การบริหารส่วนตำบล,ห้วยข่า,ห้วยข่า,บุณฑริก,อุบลราชธานี,"61,189.14",2559,สจป.7 สาขาอุบลราชธานี,องค์การบริหารส่วนตำบลห้วยข่า,14.61677961,105.3764009,50,https://drive.google.com/file/d/1I55KJfSXsmw3DQerLeVQXxJHBQHYG3Kc/view?usp=drive_link,,
2699,องค์การบริหารส่วนตำบล,นาโพธิ์,นาโพธิ์,พิบูลมังสาหาร,อุบลราชธานี,140.55,2549,สจป.7 สาขาอุบลราชธานี,องค์การบริหารส่วนตำบลนาโพธิ์,15.0913974,105.0984007,45,,https://drive.google.com/file/d/1vPVmcvg8RzJNrpWM6eLtkazjhw6sIDVQ/view?usp=drive_link,https://drive.google.com/file/d/1WA3PgNgEcd3bYbyHEWg_gYBYOut56Fu2/view?usp=drive_link
2700,องค์การบริหารส่วนตำบล,ไร่ใต้,ไร่ใต้,พิบูลมังสาหาร,อุบลราชธานี,679.27,2549,สจป.7 สาขาอุบลราชธานี,องค์การบริหารส่วนตำบลไร่ใต้,15.1765119,105.1435585,45,,https://drive.google.com/file/d/1gk0bAHR0v8MhQ8TVuW4VOmiFOLtu5Jod/view?usp=drive_link,https://drive.google.com/file/d/1Lz9NT_CzFAWrANKWDaG3iWnG0ryfTvNY/view?usp=drive_link
2701,เทศบาลตำบล,นครโพธิ์ไทร,โพธิ์ไทร,โพธิ์ไทร,อุบลราชธานี,235.61,2555,สจป.7 สาขาอุบลราชธานี,เทศบาลตำบลนครโพธิ์ไทร,15.82531445,105.2106643,45,,,
2702,องค์การบริหารส่วนตำบล,ม่วงใหญ่,ม่วงใหญ่,โพธิ์ไทร,อุบลราชธานี,292,2559,สจป.7 สาขาอุบลราชธานี,องค์การบริหารส่วนตำบลม่วงใหญ่,15.8607822,105.2695975,45,https://drive.google.com/file/d/1qyNGTTVxRupAslHhXw9e0SYpWOi9A1_j/view?usp=drive_link,,
2703,องค์การบริหารส่วนตำบล,สองคอน,สองคอน,โพธิ์ไทร,อุบลราชธานี,"3,188.62",2559,สจป.7 สาขาอุบลราชธานี,องค์การบริหารส่วนตำบลสองคอน,15.8240693,105.3181129,50,https://drive.google.com/file/d/1NUZniGl-oWIL5qTdGHsKTd634cGSy-L6/view?usp=drive_link,,
2704,เทศบาลตำบล,สารภี,สารภี,โพธิ์ไทร,อุบลราชธานี,636.84,2555,สจป.7 สาขาอุบลราชธานี,เทศบาลตำบลสารภี,15.7779105,105.2605634,50,,,
2705,องค์การบริหารส่วนตำบล,สำโรง,สำโรง,โพธิ์ไทร,อุบลราชธานี,"31,066.36",2555,สจป.7 สาขาอุบลราชธานี,องค์การบริหารส่วนตำบลสำโรง,15.7374048,105.4453036,50,,,
2706,องค์การบริหารส่วนตำบล,เหล่างาม,เหล่างาม,โพธิ์ไทร,อุบลราชธานี,"14,629.82",2555,สจป.7 สาขาอุบลราชธานี,องค์การบริหารส่วนตำบลเหล่างาม,15.76007795,105.3960925,50,,https://drive.google.com/file/d/1bvS7OiJ66aMTEstVRgpFg1u5VTXt5fLO/view?usp=drive_link,https://drive.google.com/file/d/12tU6By49tR76vQYhzYDsb6FL-gfFqmLM/view?usp=drive_link
2707,องค์การบริหารส่วนตำบล,เตย,เตย,ม่วงสามสิบ,อุบลราชธานี,"9,161.85",2555,สจป.7 สาขาอุบลราชธานี,องค์การบริหารส่วนตำบลเตย,15.5279791,104.8133637,50,,,
2708,องค์การบริหารส่วนตำบล,นาเลิง,นาเลิง,ม่วงสามสิบ,อุบลราชธานี,"5,272.67",2550,สจป.7 สาขาอุบลราชธานี,องค์การบริหารส่วนตำบลนาเลิง,15.5436979,104.5959753,45,,https://drive.google.com/file/d/1w6IUP6KKBI0ebU6sREwi7U5j4lyE1CxV/view?usp=drive_link,
2709,องค์การบริหารส่วนตำบล,โพนแพง,โพนแพง,ม่วงสามสิบ,อุบลราชธานี,"4,159.06",2549,สจป.7 สาขาอุบลราชธานี,องค์การบริหารส่วนตำบลโพนแพง,15.4482048,104.7368478,50,,https://drive.google.com/file/d/1gU7l-qbEGCsqQSZnYFwaWur3wGrd0T_N/view?usp=drive_link,https://drive.google.com/file/d/19XKr0O6Eev7pCdllx7gsFpXW_tJlGCNF/view?usp=drive_link
2710,องค์การบริหารส่วนตำบล,ม่วงสามสิบ,ม่วงสามสิบ,ม่วงสามสิบ,อุบลราชธานี,"2,997.67",2549,สจป.7 สาขาอุบลราชธานี,องค์การบริหารส่วนตำบลม่วงสามสิบ,15.51083709,104.7142553,50,,https://drive.google.com/file/d/1bvWEuLQzU1-mCMdE4pVyDcMAgOaNG9Ob/view?usp=drive_link,https://drive.google.com/file/d/15XSUQ_vs0zU1xDq84UDssUcGWF3trmLH/view?usp=drive_link
2711,องค์การบริหารส่วนตำบล,หนองไข่นก,หนองไข่นก,ม่วงสามสิบ,อุบลราชธานี,"2,010.99",2555,สจป.7 สาขาอุบลราชธานี,องค์การบริหารส่วนตำบลหนองไข่นก,15.4060714,104.7643549,50,,,
2712,องค์การบริหารส่วนตำบล,หนองเหล่า,หนองเหล่า,ม่วงสามสิบ,อุบลราชธานี,"4,056.91",2550,สจป.7 สาขาอุบลราชธานี,องค์การบริหารส่วนตำบลหนองเหล่า,15.4568108,104.678508,50,,https://drive.google.com/file/d/1vhflBai9kmZCIVscLkeR01nshQ_9-Q-b/view?usp=drive_link,https://drive.google.com/file/d/1gwrk_sWvb0VZ-wzpbcv0_owpd9rWJaH6/view?usp=drive_link
2713,เทศบาลตำบล,ขามใหญ่,ขามใหญ่,เมืองอุบลราชธานี,อุบลราชธานี,"1,955.04",2549,สจป.7 สาขาอุบลราชธานี,เทศบาลตำบลขามใหญ่,15.32555167,104.8316753,45,,https://drive.google.com/file/d/1ylHrHPMKNJ862gk7u9-TxdJTZqdbA3lS/view?usp=drive_link,https://drive.google.com/file/d/1ZJ8jnMOhtFRpCqYlc_C-UO8k9U2KQZtX/view?usp=drive_link
2714,เทศบาลเมือง,แจระแม,แจระแม,เมืองอุบลราชธานี,อุบลราชธานี,"1,075.68",2549,สจป.7 สาขาอุบลราชธานี,เทศบาลเมืองแจระแม,15.2763919,104.8002362,45,,https://drive.google.com/file/d/1pkhnI9GH0NRJT0FNsZUFhe-Pqlfedc2K/view?usp=drive_link,https://drive.google.com/file/d/1vy4iVGH9vIENb4Y8cPyI1H3pbpbOUI3K/view?usp=drive_link
2715,องค์การบริหารส่วนตำบล,หนองขอน,หนองขอน,เมืองอุบลราชธานี,อุบลราชธานี,"3,052.53",2550,สจป.7 สาขาอุบลราชธานี,องค์การบริหารส่วนตำบลหนองขอน,15.322918,104.727547,45,,https://drive.google.com/file/d/1uRplSLtzcPLLor_rdgwBoCkIDBykVrl7/view?usp=drive_link,https://drive.google.com/file/d/1DzyLSDreH3L4-5Dfe9s3buOLBtHP8ZxT/view?usp=drive_link
2716,องค์การบริหารส่วนตำบล,หนองบ่อ,หนองบ่อ,เมืองอุบลราชธานี,อุบลราชธานี,"4,557.12",2549,สจป.7 สาขาอุบลราชธานี,องค์การบริหารส่วนตำบลหนองบ่อ,15.2493184,104.7130164,50,,https://drive.google.com/file/d/1EnHSViCuI2TzdhxaVGYL3oDjyOXpKv5D/view?usp=drive_link,https://drive.google.com/file/d/1RTX-Rd8jbfmbBEWzEn2vKNlCqccMrksE/view?usp=drive_link
2717,เทศบาลตำบล,คำขวาง,คำขวาง,วารินชำราบ,อุบลราชธานี,"3,479.03",2549,สจป.7 สาขาอุบลราชธานี,เทศบาลตำบลคำขวาง,15.1724834,104.918,45,,https://drive.google.com/file/d/1xlUsupREkfERy6D7PtszRAGIUbfbkKpj/view?usp=drive_link,https://drive.google.com/file/d/1xu3XcDHIcJg9U7NW0h19sfNyl0tBZoF4/view?usp=drive_link
2718,องค์การบริหารส่วนตำบล,โนนโหนน,โนนโหนน,วารินชำราบ,อุบลราชธานี,"1,035.45",2556,สจป.7 สาขาอุบลราชธานี,องค์การบริหารส่วนตำบลโนนโหนน,15.2022134,104.8674131,45,,,
2719,องค์การบริหารส่วนตำบล,โพธิ์ใหญ่,โพธิ์ใหญ่,วารินชำราบ,อุบลราชธานี,"5,593.20",2549,สจป.7 สาขาอุบลราชธานี,องค์การบริหารส่วนตำบลโพธิ์ใหญ่,15.1203163,104.9367893,45,,https://drive.google.com/file/d/1cyy6j5mFmGd1-Kw35aIkhYGWB4_SGeT_/view?usp=drive_link,https://drive.google.com/file/d/1OO6V7v7wqRX5UaqGRuAmiAFovp4rxZbU/view?usp=drive_link
2720,องค์การบริหารส่วนตำบล,คำไหล,คำไหล,ศรีเมืองใหม่,อุบลราชธานี,"12,665.49",2549,สจป.7 สาขาอุบลราชธานี,องค์การบริหารส่วนตำบลคำไหล,15.43527252,105.3432012,50,,https://drive.google.com/file/d/1oeDZ348njyzFpLtepfCnpGyJ1iXGbboI/view?usp=drive_link,https://drive.google.com/file/d/18CZTAS2U-gH5-Z6yzg2MD-_EjqO_IWqS/view?usp=drive_link
2721,องค์การบริหารส่วนตำบล,ตะบ่าย,ตะบ่าย,ศรีเมืองใหม่,อุบลราชธานี,"2,140.92",2555,สจป.7 สาขาอุบลราชธานี,องค์การบริหารส่วนตำบลตะบ่าย,15.60166821,105.2122128,45,,,
2722,องค์การบริหารส่วนตำบล,นาคำ,นาคำ,ศรีเมืองใหม่,อุบลราชธานี,"6,704.10",2549,สจป.7 สาขาอุบลราชธานี,องค์การบริหารส่วนตำบลนาคำ,15.5033663,105.2901185,50,,https://drive.google.com/file/d/1sSoIzOwsGkaIKNMGwqizfVHh-GOHQBQT/view?usp=drive_link,https://drive.google.com/file/d/1FHOLb7Ybtma3cx86qYXWa5owas1dam_1/view?usp=drive_link
2723,องค์การบริหารส่วนตำบล,นาเลิน,นาเลิน,ศรีเมืองใหม่,อุบลราชธานี,"42,166.17",2549,สจป.7 สาขาอุบลราชธานี,องค์การบริหารส่วนตำบลนาเลิน,15.70501874,105.3822327,50,,https://drive.google.com/file/d/1DGMZ4vBUNdFLPNJyOujPqs3U_EIvr7sQ/view?usp=drive_link,https://drive.google.com/file/d/1EKmEgDcEu0N6FAXE5RYNNE33qwZkIuQr/view?usp=drive_link
2724,องค์การบริหารส่วนตำบล,ลาดควาย,ลาดควาย,ศรีเมืองใหม่,อุบลราชธานี,"13,755.71",2549,สจป.7 สาขาอุบลราชธานี,องค์การบริหารส่วนตำบลลาดควาย,15.54387498,105.2837205,50,,https://drive.google.com/file/d/1HG_vUMPS6WBVPrVFEj_7CUVSAHZM_zwH/view?usp=drive_link,https://drive.google.com/file/d/1WJNX4NkizVheGdF9Ea1x0dE10dUbcOSG/view?usp=drive_link
2725,องค์การบริหารส่วนตำบล,สงยาง,สงยาง,ศรีเมืองใหม่,อุบลราชธานี,"40,446.14",2549,สจป.7 สาขาอุบลราชธานี,องค์การบริหารส่วนตำบลสงยาง,15.568939,105.2694763,50,,https://drive.google.com/file/d/1bEbUE7Nmo-G-QQ3fp1Gw12rilpkDo3CU/view?usp=drive_link,https://drive.google.com/file/d/11S-UKkTfqCGX7lHlWmVQgBdccY-FQ80_/view?usp=drive_link
2726,องค์การบริหารส่วนตำบล,หนามแท่ง,หนามแท่ง,ศรีเมืองใหม่,อุบลราชธานี,"67,442.25",2549,สจป.7 สาขาอุบลราชธานี,องค์การบริหารส่วนตำบลหนามแท่ง,15.5736831,105.4735458,55,,https://drive.google.com/file/d/1XAbWPEjIE4t9Dih1_6ETqz8fy75YvtzD/view?usp=drive_link,
2727,เทศบาลตำบล,แก่งโดม,แก่งโดม,สว่างวีระวงศ์,อุบลราชธานี,"3,666.91",2549,สจป.7 สาขาอุบลราชธานี,เทศบาลตำบลแก่งโดม,15.23385199,105.0880273,45,,https://drive.google.com/file/d/11nA_LJlmJS032X53q0WXSPtTUyblIHSE/view?usp=drive_link,https://drive.google.com/file/d/1fLMXiEjYU19RkytcbEhVVhUXnQO5u3Fy/view?usp=drive_link
2728,เทศบาลตำบล,สว่าง,สว่าง,สว่างวีระวงศ์,อุบลราชธานี,"6,517.93",2549,สจป.7 สาขาอุบลราชธานี,เทศบาลตำบลสว่าง,15.2862116,105.1252808,50,,https://drive.google.com/file/d/1VdSvsZXmW1jLFeJnZLyYnA4XjizfauF3/view?usp=drive_link,https://drive.google.com/file/d/14gOyDaIkTD_bZbtDmxzaCqAorPuoFp_E/view?usp=drive_link
2729,องค์การบริหารส่วนตำบล,คันไร่,คันไร่,สิรินธร,อุบลราชธานี,"3,442.16",2549,สจป.7 สาขาอุบลราชธานี,องค์การบริหารส่วนตำบลคันไร่,15.246717,105.292116,0,,https://drive.google.com/file/d/15jti9U-iyNizGPaU2vIHH7XXBmuJ5x9y/view?usp=drive_link,https://drive.google.com/file/d/1ZZAJrwXJ72UVXEfjwXW3DPJ47YUYMstN/view?usp=drive_link
2730,องค์การบริหารส่วนตำบล,คำเขื่อนแก้ว,คำเขื่อนแก้ว,สิรินธร,อุบลราชธานี,"23,367.02",2556,สจป.7 สาขาอุบลราชธานี,องค์การบริหารส่วนตำบลคำเขื่อนแก้ว,15.2145079,105.4593757,45,,,
2731,องค์การบริหารส่วนตำบล,ช่องเม็ก,ช่องเม็ก,สิรินธร,อุบลราชธานี,"31,957.64",2549,สจป.7 สาขาอุบลราชธานี,องค์การบริหารส่วนตำบลช่องเม็ก,15.1344246,105.4584533,50,,https://drive.google.com/file/d/1MQC9_vca5BN9GMySf7oB81X_RXEJAJ6p/view?usp=drive_link,https://drive.google.com/file/d/1FdK2inCiEbpSEVWkcD6rl2VMw3yIqvJf/view?usp=drive_link
2732,เทศบาลตำบล,นิคมสร้างตนเองลำโดมน้อย,นิคมลำโดมน้อย,สิรินธร,อุบลราชธานี,"20,975.60",2556,สจป.7 สาขาอุบลราชธานี,เทศบาลตำบลนิคมสร้างตนเองลำโดมน้อย,15.2015413,105.3882664,50,,,
2733,องค์การบริหารส่วนตำบล,โนนก่อ,โนนก่อ,สิรินธร,อุบลราชธานี,"47,338.87",2555,สจป.7 สาขาอุบลราชธานี,องค์การบริหารส่วนตำบลโนนก่อ,14.9996225,105.4597372,50,,,
2734,องค์การบริหารส่วนตำบล,โพนเมือง,โพนเมือง,เหล่าเสือโก้ก,อุบลราชธานี,"10,284.23",2549,สจป.7 สาขาอุบลราชธานี,องค์การบริหารส่วนตำบลโพนเมือง,15.4680682,104.8854128,50,,https://drive.google.com/file/d/1JeEtK2JAGdrIefq_mH3Gt4wiMBaIOSTU/view?usp=drive_link,https://drive.google.com/file/d/1ePRTgbO4l3TjccvDaEDTqJ6LBTrLgxGN/view?usp=drive_link
2735,องค์การบริหารส่วนตำบล,หนองบก,หนองบก,เหล่าเสือโก้ก,อุบลราชธานี,957.84,2549,สจป.7 สาขาอุบลราชธานี,องค์การบริหารส่วนตำบลหนองบก,15.39576284,104.9300766,45,,https://drive.google.com/file/d/1dW3khq136McW25hY7LiYj4ioPO6HxkTt/view?usp=drive_link,https://drive.google.com/file/d/1GKLO2GZwmoPK9U-iFibaLhOlW3PtNiZz/view?usp=drive_link
2736,เทศบาลตำบล,เหล่าเสือโก้ก,เหล่าเสือโก้ก,เหล่าเสือโก้ก,อุบลราชธานี,"1,568.18",2549,สจป.7 สาขาอุบลราชธานี,เทศบาลตำบลเหล่าเสือโก้ก,15.4093045,104.9232351,45,,https://drive.google.com/file/d/167xcYucRBSwsr34LeOoBHd_deSGsgHY-/view?usp=drive_link,https://drive.google.com/file/d/1QhXYqFDvzFs1N55iY-7AuMX6J6wjq7Ty/view?usp=drive_link
